2026.06.27 08:47:32 INFO  Started: Metals version 1.6.7 in folders 'C:\Users\Admin\Documents\NetBeansProjects\SGPT_Avance' for client Visual Studio Code 1.125.1.
2026.06.27 08:47:32 INFO  Memory monitor started
2026.06.27 08:47:33 WARN  Using H2 2.4.240 which is newer than the version Flyway has been verified with. The latest verified version of H2 is 2.3.232.
2026.06.27 08:47:39 INFO  running 'C:\Program Files\Java\jdk-24\bin\java.exe -Dfile.encoding=UTF-8 -Dmaven.multiModuleProjectDirectory=C:\Users\Admin\Documents\NetBeansProjects\SGPT_Avance -Dmaven.home=C:\Users\Admin\AppData\Local\Temp\metals17833973322506141869 -cp C:\Users\Admin\AppData\Local\Temp\metals17833973322506141869\maven-wrapper.jar org.apache.maven.wrapper.MavenWrapperMain generate-sources ch.epfl.scala:bloop-maven-plugin:2.0.3:bloopInstall -DdownloadSources=true'
jun 27, 2026 8:47:40 A. M. org.eclipse.lsp4j.jsonrpc.services.GenericEndpoint notify
INFO: Unsupported notification method: $/setTrace
2026.06.27 08:47:40 INFO  no build target found for C:\Users\Admin\Documents\NetBeansProjects\SGPT_Avance\src\main\java\estructuras\ArbolABB.java. Using fallback presentation compiler.
jun 27, 2026 8:47:40 A. M. org.eclipse.lsp4j.jsonrpc.services.GenericEndpoint notify
INFO: Unsupported notification method: $/setTrace
2026.06.27 08:47:42 ERROR WARNING: A restricted method in java.lang.System has been called
2026.06.27 08:47:42 ERROR WARNING: java.lang.System::load has been called by org.fusesource.jansi.internal.JansiLoader in an unnamed module (file:/C:/Users/Admin/.m2/wrapper/dists/apache-maven-3.9.9-bin/33b4b2b4/apache-maven-3.9.9/lib/jansi-2.4.1.jar)
2026.06.27 08:47:42 ERROR WARNING: Use --enable-native-access=ALL-UNNAMED to avoid a warning for callers in this module
2026.06.27 08:47:42 ERROR WARNING: Restricted methods will be blocked in a future release unless native access is enabled
2026.06.27 08:47:42 ERROR 
2026.06.27 08:47:42 ERROR WARNING: A terminally deprecated method in sun.misc.Unsafe has been called
2026.06.27 08:47:42 ERROR WARNING: sun.misc.Unsafe::objectFieldOffset has been called by com.google.common.util.concurrent.AbstractFuture$UnsafeAtomicHelper (file:/C:/Users/Admin/.m2/wrapper/dists/apache-maven-3.9.9-bin/33b4b2b4/apache-maven-3.9.9/lib/guava-33.2.1-jre.jar)
2026.06.27 08:47:42 ERROR WARNING: Please consider reporting this to the maintainers of class com.google.common.util.concurrent.AbstractFuture$UnsafeAtomicHelper
2026.06.27 08:47:42 ERROR WARNING: sun.misc.Unsafe::objectFieldOffset will be removed in a future release
2026.06.27 08:47:43 INFO  [INFO] Scanning for projects...
jun 27, 2026 8:47:44 A. M. org.eclipse.lsp4j.jsonrpc.services.GenericEndpoint notify
INFO: Unsupported notification method: $/setTrace
2026.06.27 08:47:43 INFO  Downloading from central: https://repo.maven.apache.org/maven2/ch/epfl/scala/bloop-maven-plugin/2.0.3/bloop-maven-plugin-2.0.3.pom
2026.06.27 08:47:43 INFO  Progress (1): 1.1 kB
2026.06.27 08:47:43 INFO  Progress (1): 2.5 kB
2026.06.27 08:47:43 INFO  Progress (1): 5.6 kB
2026.06.27 08:47:43 INFO  Progress (1): 8.0 kB
2026.06.27 08:47:43 INFO                      
2026.06.27 08:47:43 INFO  Downloaded from central: https://repo.maven.apache.org/maven2/ch/epfl/scala/bloop-maven-plugin/2.0.3/bloop-maven-plugin-2.0.3.pom (8.0 kB at 18 kB/s)
2026.06.27 08:47:43 INFO  Downloading from central: https://repo.maven.apache.org/maven2/ch/epfl/scala/bloop-maven-plugin/2.0.3/bloop-maven-plugin-2.0.3.jar
2026.06.27 08:47:45 INFO  Progress (1): 0.9/44 kB
2026.06.27 08:47:45 INFO  Progress (1): 2.3/44 kB
2026.06.27 08:47:45 INFO  Progress (1): 3.6/44 kB
2026.06.27 08:47:45 INFO  Progress (1): 5.0/44 kB
2026.06.27 08:47:45 INFO  Progress (1): 6.4/44 kB
2026.06.27 08:47:45 INFO  Progress (1): 7.7/44 kB
2026.06.27 08:47:45 INFO  Progress (1): 9.1/44 kB
2026.06.27 08:47:45 INFO  Progress (1): 10/44 kB 
2026.06.27 08:47:45 INFO  Progress (1): 12/44 kB
2026.06.27 08:47:45 INFO  Progress (1): 13/44 kB
2026.06.27 08:47:45 INFO  Progress (1): 15/44 kB
2026.06.27 08:47:45 INFO  Progress (1): 16/44 kB
2026.06.27 08:47:45 INFO  Progress (1): 17/44 kB
2026.06.27 08:47:45 INFO  Progress (1): 19/44 kB
2026.06.27 08:47:45 INFO  Progress (1): 20/44 kB
2026.06.27 08:47:45 INFO  Progress (1): 21/44 kB
2026.06.27 08:47:45 INFO  Progress (1): 23/44 kB
2026.06.27 08:47:45 INFO  Progress (1): 24/44 kB
2026.06.27 08:47:45 INFO  Progress (1): 26/44 kB
2026.06.27 08:47:45 INFO  Progress (1): 27/44 kB
2026.06.27 08:47:45 INFO  Progress (1): 28/44 kB
2026.06.27 08:47:45 INFO  Progress (1): 30/44 kB
2026.06.27 08:47:45 INFO  Progress (1): 31/44 kB
2026.06.27 08:47:45 INFO  Progress (1): 32/44 kB
2026.06.27 08:47:45 INFO  Progress (1): 34/44 kB
2026.06.27 08:47:45 INFO  Progress (1): 35/44 kB
2026.06.27 08:47:45 INFO  Progress (1): 36/44 kB
2026.06.27 08:47:45 INFO  Progress (1): 38/44 kB
2026.06.27 08:47:45 INFO  Progress (1): 39/44 kB
2026.06.27 08:47:45 INFO  Progress (1): 41/44 kB
2026.06.27 08:47:45 INFO  Progress (1): 42/44 kB
2026.06.27 08:47:45 INFO  Progress (1): 43/44 kB
2026.06.27 08:47:45 INFO  Progress (1): 44 kB   
2026.06.27 08:47:45 INFO                     
2026.06.27 08:47:45 INFO  Downloaded from central: https://repo.maven.apache.org/maven2/ch/epfl/scala/bloop-maven-plugin/2.0.3/bloop-maven-plugin-2.0.3.jar (44 kB at 302 kB/s)
2026.06.27 08:47:45 INFO  [INFO] 
2026.06.27 08:47:45 INFO  [INFO] ---------------------< com.mycompany:SGPT_Avance >----------------------
2026.06.27 08:47:45 INFO  [INFO] Building SGPT_Avance 1.0-SNAPSHOT
2026.06.27 08:47:45 INFO  [INFO]   from pom.xml
2026.06.27 08:47:45 INFO  [INFO] --------------------------------[ jar ]---------------------------------
2026.06.27 08:47:45 INFO  [INFO] 
2026.06.27 08:47:45 INFO  [INFO] --- bloop:2.0.3:bloopInstall (default-cli) @ SGPT_Avance ---
2026.06.27 08:47:45 INFO  Downloading from central: https://repo.maven.apache.org/maven2/org/scala-lang/scala-library/2.13.8/scala-library-2.13.8.pom
2026.06.27 08:47:45 INFO  Progress (1): 1.2 kB
2026.06.27 08:47:45 INFO  Progress (1): 1.6 kB
2026.06.27 08:47:45 INFO                      
2026.06.27 08:47:45 INFO  Downloaded from central: https://repo.maven.apache.org/maven2/org/scala-lang/scala-library/2.13.8/scala-library-2.13.8.pom (1.6 kB at 12 kB/s)
2026.06.27 08:47:45 INFO  Downloading from central: https://repo.maven.apache.org/maven2/ch/epfl/scala/bloop-config_2.13/2.3.3/bloop-config_2.13-2.3.3.pom
2026.06.27 08:47:45 INFO  Progress (1): 1.4 kB
2026.06.27 08:47:45 INFO  Progress (1): 2.3 kB
2026.06.27 08:47:45 INFO                      
2026.06.27 08:47:45 INFO  Downloaded from central: https://repo.maven.apache.org/maven2/ch/epfl/scala/bloop-config_2.13/2.3.3/bloop-config_2.13-2.3.3.pom (2.3 kB at 19 kB/s)
2026.06.27 08:47:45 INFO  Downloading from central: https://repo.maven.apache.org/maven2/com/github/plokhotnyuk/jsoniter-scala/jsoniter-scala-core_2.13/2.13.5.2/jsoniter-scala-core_2.13-2.13.5.2.pom
2026.06.27 08:47:45 INFO  Progress (1): 1.4 kB
2026.06.27 08:47:45 INFO  Progress (1): 2.4 kB
2026.06.27 08:47:45 INFO                      
2026.06.27 08:47:45 INFO  Downloaded from central: https://repo.maven.apache.org/maven2/com/github/plokhotnyuk/jsoniter-scala/jsoniter-scala-core_2.13/2.13.5.2/jsoniter-scala-core_2.13-2.13.5.2.pom (2.4 kB at 18 kB/s)
2026.06.27 08:47:45 INFO  Downloading from central: https://repo.maven.apache.org/maven2/com/lihaoyi/unroll-annotation_2.13/0.1.12/unroll-annotation_2.13-0.1.12.pom
2026.06.27 08:47:45 INFO  Progress (1): 1.3 kB
2026.06.27 08:47:45 INFO  Progress (1): 1.5 kB
2026.06.27 08:47:45 INFO                      
2026.06.27 08:47:45 INFO  Downloaded from central: https://repo.maven.apache.org/maven2/com/lihaoyi/unroll-annotation_2.13/0.1.12/unroll-annotation_2.13-0.1.12.pom (1.5 kB at 11 kB/s)
2026.06.27 08:47:45 INFO  Downloading from central: https://repo.maven.apache.org/maven2/org/scala-lang/scala-library/2.13.12/scala-library-2.13.12.pom
2026.06.27 08:47:45 INFO  Progress (1): 1.2 kB
2026.06.27 08:47:45 INFO  Progress (1): 1.6 kB
2026.06.27 08:47:46 INFO                      
2026.06.27 08:47:46 INFO  Downloaded from central: https://repo.maven.apache.org/maven2/org/scala-lang/scala-library/2.13.12/scala-library-2.13.12.pom (1.6 kB at 13 kB/s)
2026.06.27 08:47:46 INFO  Downloading from central: https://repo.maven.apache.org/maven2/org/scala-lang/scala-library/2.13.16/scala-library-2.13.16.pom
2026.06.27 08:47:46 INFO  Progress (1): 1.1 kB
2026.06.27 08:47:46 INFO  Progress (1): 1.6 kB
2026.06.27 08:47:46 INFO                      
2026.06.27 08:47:46 INFO  Downloaded from central: https://repo.maven.apache.org/maven2/org/scala-lang/scala-library/2.13.16/scala-library-2.13.16.pom (1.6 kB at 12 kB/s)
2026.06.27 08:47:46 INFO  Downloading from central: https://repo.maven.apache.org/maven2/net/alchim31/maven/scala-maven-plugin/4.8.0/scala-maven-plugin-4.8.0.pom
2026.06.27 08:47:46 INFO  Progress (1): 995 B
2026.06.27 08:47:46 INFO  Progress (1): 3.5 kB
2026.06.27 08:47:46 INFO  Progress (1): 5.9 kB
2026.06.27 08:47:46 INFO  Progress (1): 11 kB 
2026.06.27 08:47:46 INFO  Progress (1): 14 kB
2026.06.27 08:47:46 INFO  Progress (1): 17 kB
2026.06.27 08:47:46 INFO  Progress (1): 21 kB
2026.06.27 08:47:46 INFO  Progress (1): 24 kB
2026.06.27 08:47:46 INFO  Progress (1): 26 kB
2026.06.27 08:47:46 INFO                     
2026.06.27 08:47:46 INFO  Downloaded from central: https://repo.maven.apache.org/maven2/net/alchim31/maven/scala-maven-plugin/4.8.0/scala-maven-plugin-4.8.0.pom (26 kB at 186 kB/s)
2026.06.27 08:47:46 INFO  Downloading from central: https://repo.maven.apache.org/maven2/org/apache/maven/shared/maven-dependency-tree/3.2.1/maven-dependency-tree-3.2.1.pom
2026.06.27 08:47:46 INFO  Progress (1): 786 B
2026.06.27 08:47:46 INFO  Progress (1): 2.2 kB
2026.06.27 08:47:46 INFO  Progress (1): 4.4 kB
2026.06.27 08:47:46 INFO  Progress (1): 6.2 kB
2026.06.27 08:47:46 INFO                      
2026.06.27 08:47:46 INFO  Downloaded from central: https://repo.maven.apache.org/maven2/org/apache/maven/shared/maven-dependency-tree/3.2.1/maven-dependency-tree-3.2.1.pom (6.2 kB at 48 kB/s)
2026.06.27 08:47:46 INFO  Downloading from central: https://repo.maven.apache.org/maven2/org/apache/maven/shared/maven-shared-components/37/maven-shared-components-37.pom
2026.06.27 08:47:46 INFO  Progress (1): 781 B
2026.06.27 08:47:46 INFO  Progress (1): 2.3 kB
2026.06.27 08:47:46 INFO  Progress (1): 4.5 kB
2026.06.27 08:47:46 INFO  Progress (1): 4.9 kB
2026.06.27 08:47:46 INFO                      
2026.06.27 08:47:46 INFO  Downloaded from central: https://repo.maven.apache.org/maven2/org/apache/maven/shared/maven-shared-components/37/maven-shared-components-37.pom (4.9 kB at 38 kB/s)
2026.06.27 08:47:46 INFO  Downloading from central: https://repo.maven.apache.org/maven2/org/apache/maven/reporting/maven-reporting-api/3.1.1/maven-reporting-api-3.1.1.pom
2026.06.27 08:47:46 INFO  Progress (1): 778 B
2026.06.27 08:47:46 INFO  Progress (1): 2.2 kB
2026.06.27 08:47:46 INFO  Progress (1): 3.8 kB
2026.06.27 08:47:46 INFO                      
2026.06.27 08:47:46 INFO  Downloaded from central: https://repo.maven.apache.org/maven2/org/apache/maven/reporting/maven-reporting-api/3.1.1/maven-reporting-api-3.1.1.pom (3.8 kB at 29 kB/s)
2026.06.27 08:47:46 INFO  Downloading from central: https://repo.maven.apache.org/maven2/org/apache/maven/doxia/doxia-sink-api/1.11.1/doxia-sink-api-1.11.1.pom
2026.06.27 08:47:46 INFO  Progress (1): 835 B
2026.06.27 08:47:46 INFO  Progress (1): 1.6 kB
2026.06.27 08:47:46 INFO                      
2026.06.27 08:47:46 INFO  Downloaded from central: https://repo.maven.apache.org/maven2/org/apache/maven/doxia/doxia-sink-api/1.11.1/doxia-sink-api-1.11.1.pom (1.6 kB at 13 kB/s)
2026.06.27 08:47:46 INFO  Downloading from central: https://repo.maven.apache.org/maven2/org/apache/maven/doxia/doxia/1.11.1/doxia-1.11.1.pom
2026.06.27 08:47:47 INFO  Progress (1): 755 B
2026.06.27 08:47:47 INFO  Progress (1): 2.2 kB
2026.06.27 08:47:47 INFO  Progress (1): 3.7 kB
2026.06.27 08:47:47 INFO  Progress (1): 8.9 kB
2026.06.27 08:47:47 INFO  Progress (1): 12 kB 
2026.06.27 08:47:47 INFO  Progress (1): 16 kB
2026.06.27 08:47:47 INFO  Progress (1): 18 kB
2026.06.27 08:47:47 INFO                     
2026.06.27 08:47:47 INFO  Downloaded from central: https://repo.maven.apache.org/maven2/org/apache/maven/doxia/doxia/1.11.1/doxia-1.11.1.pom (18 kB at 130 kB/s)
2026.06.27 08:47:47 INFO  Downloading from central: https://repo.maven.apache.org/maven2/org/apache/maven/doxia/doxia-logging-api/1.11.1/doxia-logging-api-1.11.1.pom
2026.06.27 08:47:47 INFO  Progress (1): 832 B
2026.06.27 08:47:47 INFO  Progress (1): 1.6 kB
2026.06.27 08:47:47 INFO                      
2026.06.27 08:47:47 INFO  Downloaded from central: https://repo.maven.apache.org/maven2/org/apache/maven/doxia/doxia-logging-api/1.11.1/doxia-logging-api-1.11.1.pom (1.6 kB at 12 kB/s)
2026.06.27 08:47:47 INFO  Downloading from central: https://repo.maven.apache.org/maven2/org/codehaus/plexus/plexus-archiver/4.6.0/plexus-archiver-4.6.0.pom
2026.06.27 08:47:47 INFO  Progress (1): 1.2 kB
2026.06.27 08:47:47 INFO  Progress (1): 4.1 kB
2026.06.27 08:47:47 INFO  Progress (1): 6.3 kB
2026.06.27 08:47:47 INFO  Progress (1): 6.5 kB
2026.06.27 08:47:47 INFO                      
2026.06.27 08:47:47 INFO  Downloaded from central: https://repo.maven.apache.org/maven2/org/codehaus/plexus/plexus-archiver/4.6.0/plexus-archiver-4.6.0.pom (6.5 kB at 42 kB/s)
2026.06.27 08:47:47 INFO  Downloading from central: https://repo.maven.apache.org/maven2/com/github/luben/zstd-jni/1.5.2-5/zstd-jni-1.5.2-5.pom
2026.06.27 08:47:47 INFO  Progress (1): 1.1 kB
2026.06.27 08:47:47 INFO  Progress (1): 1.9 kB
2026.06.27 08:47:47 INFO                      
2026.06.27 08:47:47 INFO  Downloaded from central: https://repo.maven.apache.org/maven2/com/github/luben/zstd-jni/1.5.2-5/zstd-jni-1.5.2-5.pom (1.9 kB at 15 kB/s)
2026.06.27 08:47:47 INFO  Downloading from central: https://repo.maven.apache.org/maven2/org/codehaus/plexus/plexus-classworlds/2.7.0/plexus-classworlds-2.7.0.pom
2026.06.27 08:47:47 INFO  Progress (1): 915 B
2026.06.27 08:47:47 INFO  Progress (1): 2.5 kB
2026.06.27 08:47:47 INFO  Progress (1): 5.7 kB
2026.06.27 08:47:47 INFO  Progress (1): 7.6 kB
2026.06.27 08:47:47 INFO                      
2026.06.27 08:47:47 INFO  Downloaded from central: https://repo.maven.apache.org/maven2/org/codehaus/plexus/plexus-classworlds/2.7.0/plexus-classworlds-2.7.0.pom (7.6 kB at 59 kB/s)
2026.06.27 08:47:47 INFO  Downloading from central: https://repo.maven.apache.org/maven2/org/scala-sbt/zinc_2.13/1.8.0/zinc_2.13-1.8.0.pom
2026.06.27 08:47:47 INFO  Progress (1): 1.3 kB
2026.06.27 08:47:47 INFO  Progress (1): 4.1 kB
2026.06.27 08:47:47 INFO                      
2026.06.27 08:47:47 INFO  Downloaded from central: https://repo.maven.apache.org/maven2/org/scala-sbt/zinc_2.13/1.8.0/zinc_2.13-1.8.0.pom (4.1 kB at 30 kB/s)
2026.06.27 08:47:47 INFO  Downloading from central: https://repo.maven.apache.org/maven2/org/scala-sbt/zinc-core_2.13/1.8.0/zinc-core_2.13-1.8.0.pom
2026.06.27 08:47:48 INFO  Progress (1): 1.3 kB
2026.06.27 08:47:48 INFO  Progress (1): 5.3 kB
2026.06.27 08:47:48 INFO                      
2026.06.27 08:47:48 INFO  Downloaded from central: https://repo.maven.apache.org/maven2/org/scala-sbt/zinc-core_2.13/1.8.0/zinc-core_2.13-1.8.0.pom (5.3 kB at 40 kB/s)
2026.06.27 08:47:48 INFO  Downloading from central: https://repo.maven.apache.org/maven2/org/scala-sbt/zinc-compile-core_2.13/1.8.0/zinc-compile-core_2.13-1.8.0.pom
2026.06.27 08:47:48 INFO  Progress (1): 1.2 kB
2026.06.27 08:47:48 INFO  Progress (1): 5.5 kB
2026.06.27 08:47:48 INFO                      
2026.06.27 08:47:48 INFO  Downloaded from central: https://repo.maven.apache.org/maven2/org/scala-sbt/zinc-compile-core_2.13/1.8.0/zinc-compile-core_2.13-1.8.0.pom (5.5 kB at 42 kB/s)
2026.06.27 08:47:48 INFO  Downloading from central: https://repo.maven.apache.org/maven2/org/scala-sbt/compiler-interface/1.8.0/compiler-interface-1.8.0.pom
2026.06.27 08:47:48 INFO  Progress (1): 1.3 kB
2026.06.27 08:47:48 INFO  Progress (1): 3.0 kB
2026.06.27 08:47:48 INFO                      
2026.06.27 08:47:48 INFO  Downloaded from central: https://repo.maven.apache.org/maven2/org/scala-sbt/compiler-interface/1.8.0/compiler-interface-1.8.0.pom (3.0 kB at 24 kB/s)
2026.06.27 08:47:48 INFO  Downloading from central: https://repo.maven.apache.org/maven2/org/scala-sbt/util-interface/1.8.0/util-interface-1.8.0.pom
2026.06.27 08:47:48 INFO  Progress (1): 1.3 kB
2026.06.27 08:47:48 INFO  Progress (1): 2.6 kB
2026.06.27 08:47:48 INFO                      
2026.06.27 08:47:48 INFO  Downloaded from central: https://repo.maven.apache.org/maven2/org/scala-sbt/util-interface/1.8.0/util-interface-1.8.0.pom (2.6 kB at 20 kB/s)
2026.06.27 08:47:48 INFO  Downloading from central: https://repo.maven.apache.org/maven2/org/scala-sbt/zinc-classpath_2.13/1.8.0/zinc-classpath_2.13-1.8.0.pom
2026.06.27 08:47:48 INFO  Progress (1): 1.3 kB
2026.06.27 08:47:48 INFO  Progress (1): 3.9 kB
2026.06.27 08:47:48 INFO                      
2026.06.27 08:47:48 INFO  Downloaded from central: https://repo.maven.apache.org/maven2/org/scala-sbt/zinc-classpath_2.13/1.8.0/zinc-classpath_2.13-1.8.0.pom (3.9 kB at 30 kB/s)
2026.06.27 08:47:48 INFO  Downloading from central: https://repo.maven.apache.org/maven2/org/scala-lang/scala-compiler/2.13.8/scala-compiler-2.13.8.pom
2026.06.27 08:47:48 INFO  Progress (1): 1.2 kB
2026.06.27 08:47:48 INFO  Progress (1): 2.3 kB
2026.06.27 08:47:48 INFO                      
2026.06.27 08:47:48 INFO  Downloaded from central: https://repo.maven.apache.org/maven2/org/scala-lang/scala-compiler/2.13.8/scala-compiler-2.13.8.pom (2.3 kB at 18 kB/s)
2026.06.27 08:47:48 INFO  Downloading from central: https://repo.maven.apache.org/maven2/org/scala-lang/scala-reflect/2.13.8/scala-reflect-2.13.8.pom
2026.06.27 08:47:48 INFO  Progress (1): 1.2 kB
2026.06.27 08:47:48 INFO  Progress (1): 1.8 kB
2026.06.27 08:47:48 INFO                      
2026.06.27 08:47:48 INFO  Downloaded from central: https://repo.maven.apache.org/maven2/org/scala-lang/scala-reflect/2.13.8/scala-reflect-2.13.8.pom (1.8 kB at 13 kB/s)
2026.06.27 08:47:48 INFO  Downloading from central: https://repo.maven.apache.org/maven2/net/java/dev/jna/jna/5.9.0/jna-5.9.0.pom
2026.06.27 08:47:48 INFO  Progress (1): 1.4 kB
2026.06.27 08:47:48 INFO  Progress (1): 2.0 kB
2026.06.27 08:47:48 INFO                      
2026.06.27 08:47:48 INFO  Downloaded from central: https://repo.maven.apache.org/maven2/net/java/dev/jna/jna/5.9.0/jna-5.9.0.pom (2.0 kB at 15 kB/s)
2026.06.27 08:47:49 INFO  Downloading from central: https://repo.maven.apache.org/maven2/org/scala-sbt/io_2.13/1.8.0/io_2.13-1.8.0.pom
2026.06.27 08:47:49 INFO  Progress (1): 1.4 kB
2026.06.27 08:47:49 INFO  Progress (1): 3.3 kB
2026.06.27 08:47:49 INFO                      
2026.06.27 08:47:49 INFO  Downloaded from central: https://repo.maven.apache.org/maven2/org/scala-sbt/io_2.13/1.8.0/io_2.13-1.8.0.pom (3.3 kB at 26 kB/s)
2026.06.27 08:47:49 INFO  Downloading from central: https://repo.maven.apache.org/maven2/com/swoval/file-tree-views/2.1.9/file-tree-views-2.1.9.pom
2026.06.27 08:47:49 INFO  Progress (1): 1.4 kB
2026.06.27 08:47:49 INFO  Progress (1): 1.7 kB
2026.06.27 08:47:49 INFO                      
2026.06.27 08:47:49 INFO  Downloaded from central: https://repo.maven.apache.org/maven2/com/swoval/file-tree-views/2.1.9/file-tree-views-2.1.9.pom (1.7 kB at 13 kB/s)
2026.06.27 08:47:49 INFO  Downloading from central: https://repo.maven.apache.org/maven2/net/java/dev/jna/jna/5.12.0/jna-5.12.0.pom
2026.06.27 08:47:49 INFO  Progress (1): 1.4 kB
2026.06.27 08:47:49 INFO  Progress (1): 2.0 kB
2026.06.27 08:47:49 INFO                      
2026.06.27 08:47:49 INFO  Downloaded from central: https://repo.maven.apache.org/maven2/net/java/dev/jna/jna/5.12.0/jna-5.12.0.pom (2.0 kB at 16 kB/s)
2026.06.27 08:47:49 INFO  Downloading from central: https://repo.maven.apache.org/maven2/net/java/dev/jna/jna-platform/5.12.0/jna-platform-5.12.0.pom
2026.06.27 08:47:49 INFO  Progress (1): 1.3 kB
2026.06.27 08:47:49 INFO  Progress (1): 2.3 kB
2026.06.27 08:47:49 INFO                      
2026.06.27 08:47:49 INFO  Downloaded from central: https://repo.maven.apache.org/maven2/net/java/dev/jna/jna-platform/5.12.0/jna-platform-5.12.0.pom (2.3 kB at 18 kB/s)
2026.06.27 08:47:49 INFO  Downloading from central: https://repo.maven.apache.org/maven2/org/scala-sbt/zinc-apiinfo_2.13/1.8.0/zinc-apiinfo_2.13-1.8.0.pom
2026.06.27 08:47:49 INFO  Progress (1): 1.3 kB
2026.06.27 08:47:49 INFO  Progress (1): 3.8 kB
2026.06.27 08:47:49 INFO                      
2026.06.27 08:47:49 INFO  Downloaded from central: https://repo.maven.apache.org/maven2/org/scala-sbt/zinc-apiinfo_2.13/1.8.0/zinc-apiinfo_2.13-1.8.0.pom (3.8 kB at 29 kB/s)
2026.06.27 08:47:49 INFO  Downloading from central: https://repo.maven.apache.org/maven2/org/scala-sbt/compiler-bridge_2.13/1.8.0/compiler-bridge_2.13-1.8.0.pom
2026.06.27 08:47:49 INFO  Progress (1): 1.3 kB
2026.06.27 08:47:49 INFO  Progress (1): 2.8 kB
2026.06.27 08:47:49 INFO                      
2026.06.27 08:47:49 INFO  Downloaded from central: https://repo.maven.apache.org/maven2/org/scala-sbt/compiler-bridge_2.13/1.8.0/compiler-bridge_2.13-1.8.0.pom (2.8 kB at 21 kB/s)
2026.06.27 08:47:49 INFO  Downloading from central: https://repo.maven.apache.org/maven2/org/scala-sbt/zinc-classfile_2.13/1.8.0/zinc-classfile_2.13-1.8.0.pom
2026.06.27 08:47:49 INFO  Progress (1): 1.3 kB
2026.06.27 08:47:49 INFO  Progress (1): 4.0 kB
2026.06.27 08:47:50 INFO                      
2026.06.27 08:47:50 INFO  Downloaded from central: https://repo.maven.apache.org/maven2/org/scala-sbt/zinc-classfile_2.13/1.8.0/zinc-classfile_2.13-1.8.0.pom (4.0 kB at 27 kB/s)
2026.06.27 08:47:50 INFO  Downloading from central: https://repo.maven.apache.org/maven2/org/scala-sbt/util-logging_2.13/1.8.0/util-logging_2.13-1.8.0.pom
2026.06.27 08:47:50 INFO  Progress (1): 1.2 kB
2026.06.27 08:47:50 INFO  Progress (1): 5.6 kB
2026.06.27 08:47:50 INFO  Progress (1): 5.7 kB
2026.06.27 08:47:50 INFO                      
2026.06.27 08:47:50 INFO  Downloaded from central: https://repo.maven.apache.org/maven2/org/scala-sbt/util-logging_2.13/1.8.0/util-logging_2.13-1.8.0.pom (5.7 kB at 38 kB/s)
2026.06.27 08:47:50 INFO  Downloading from central: https://repo.maven.apache.org/maven2/org/scala-sbt/collections_2.13/1.8.0/collections_2.13-1.8.0.pom
2026.06.27 08:47:50 INFO  Progress (1): 1.3 kB
2026.06.27 08:47:50 INFO  Progress (1): 4.4 kB
2026.06.27 08:47:50 INFO                      
2026.06.27 08:47:50 INFO  Downloaded from central: https://repo.maven.apache.org/maven2/org/scala-sbt/collections_2.13/1.8.0/collections_2.13-1.8.0.pom (4.4 kB at 32 kB/s)
2026.06.27 08:47:50 INFO  Downloading from central: https://repo.maven.apache.org/maven2/org/scala-sbt/util-position_2.13/1.8.0/util-position_2.13-1.8.0.pom
2026.06.27 08:47:50 INFO  Progress (1): 1.3 kB
2026.06.27 08:47:50 INFO  Progress (1): 3.2 kB
2026.06.27 08:47:50 INFO                      
2026.06.27 08:47:50 INFO  Downloaded from central: https://repo.maven.apache.org/maven2/org/scala-sbt/util-position_2.13/1.8.0/util-position_2.13-1.8.0.pom (3.2 kB at 23 kB/s)
2026.06.27 08:47:50 INFO  Downloading from central: https://repo.maven.apache.org/maven2/org/scala-lang/modules/scala-parallel-collections_2.13/0.2.0/scala-parallel-collections_2.13-0.2.0.pom
2026.06.27 08:47:50 INFO  Progress (1): 1.4 kB
2026.06.27 08:47:50 INFO  Progress (1): 1.8 kB
2026.06.27 08:47:50 INFO                      
2026.06.27 08:47:50 INFO  Downloaded from central: https://repo.maven.apache.org/maven2/org/scala-lang/modules/scala-parallel-collections_2.13/0.2.0/scala-parallel-collections_2.13-0.2.0.pom (1.8 kB at 14 kB/s)
2026.06.27 08:47:50 INFO  Downloading from central: https://repo.maven.apache.org/maven2/org/scala-lang/scala-library/2.13.0/scala-library-2.13.0.pom
2026.06.27 08:47:50 INFO  Progress (1): 1.2 kB
2026.06.27 08:47:50 INFO  Progress (1): 1.6 kB
2026.06.27 08:47:50 INFO                      
2026.06.27 08:47:50 INFO  Downloaded from central: https://repo.maven.apache.org/maven2/org/scala-lang/scala-library/2.13.0/scala-library-2.13.0.pom (1.6 kB at 12 kB/s)
2026.06.27 08:47:50 INFO  Downloading from central: https://repo.maven.apache.org/maven2/org/scala-sbt/core-macros_2.13/1.8.0/core-macros_2.13-1.8.0.pom
2026.06.27 08:47:50 INFO  Progress (1): 1.3 kB
2026.06.27 08:47:50 INFO  Progress (1): 3.1 kB
2026.06.27 08:47:50 INFO                      
2026.06.27 08:47:50 INFO  Downloaded from central: https://repo.maven.apache.org/maven2/org/scala-sbt/core-macros_2.13/1.8.0/core-macros_2.13-1.8.0.pom (3.1 kB at 24 kB/s)
2026.06.27 08:47:50 INFO  Downloading from central: https://repo.maven.apache.org/maven2/org/jline/jline-terminal/3.19.0/jline-terminal-3.19.0.pom
2026.06.27 08:47:51 INFO  Progress (1): 1.2 kB
2026.06.27 08:47:51 INFO  Progress (1): 1.3 kB
2026.06.27 08:47:51 INFO                      
2026.06.27 08:47:51 INFO  Downloaded from central: https://repo.maven.apache.org/maven2/org/jline/jline-terminal/3.19.0/jline-terminal-3.19.0.pom (1.3 kB at 9.5 kB/s)
2026.06.27 08:47:51 INFO  Downloading from central: https://repo.maven.apache.org/maven2/org/jline/jline-parent/3.19.0/jline-parent-3.19.0.pom
2026.06.27 08:47:51 INFO  Progress (1): 930 B
2026.06.27 08:47:51 INFO  Progress (1): 2.9 kB
2026.06.27 08:47:51 INFO  Progress (1): 8.3 kB
2026.06.27 08:47:51 INFO  Progress (1): 13 kB 
2026.06.27 08:47:51 INFO  Progress (1): 16 kB
2026.06.27 08:47:51 INFO  Progress (1): 20 kB
2026.06.27 08:47:51 INFO  Progress (1): 24 kB
2026.06.27 08:47:51 INFO                     
2026.06.27 08:47:51 INFO  Downloaded from central: https://repo.maven.apache.org/maven2/org/jline/jline-parent/3.19.0/jline-parent-3.19.0.pom (24 kB at 180 kB/s)
2026.06.27 08:47:51 INFO  Downloading from central: https://repo.maven.apache.org/maven2/org/scala-lang/modules/scala-parser-combinators_2.13/1.1.2/scala-parser-combinators_2.13-1.1.2.pom
2026.06.27 08:47:51 INFO  Progress (1): 1.4 kB
2026.06.27 08:47:51 INFO  Progress (1): 2.2 kB
2026.06.27 08:47:51 INFO                      
2026.06.27 08:47:51 INFO  Downloaded from central: https://repo.maven.apache.org/maven2/org/scala-lang/modules/scala-parser-combinators_2.13/1.1.2/scala-parser-combinators_2.13-1.1.2.pom (2.2 kB at 16 kB/s)
2026.06.27 08:47:51 INFO  Downloading from central: https://repo.maven.apache.org/maven2/net/openhft/zero-allocation-hashing/0.10.1/zero-allocation-hashing-0.10.1.pom
2026.06.27 08:47:51 INFO  Progress (1): 786 B
2026.06.27 08:47:51 INFO  Progress (1): 2.5 kB
2026.06.27 08:47:51 INFO  Progress (1): 6.3 kB
2026.06.27 08:47:51 INFO  Progress (1): 8.1 kB
2026.06.27 08:47:51 INFO                      
2026.06.27 08:47:51 INFO  Downloaded from central: https://repo.maven.apache.org/maven2/net/openhft/zero-allocation-hashing/0.10.1/zero-allocation-hashing-0.10.1.pom (8.1 kB at 61 kB/s)
2026.06.27 08:47:51 INFO  Downloading from central: https://repo.maven.apache.org/maven2/net/openhft/root-parent-pom/1.1.13/root-parent-pom-1.1.13.pom
2026.06.27 08:47:51 INFO  Progress (1): 788 B
2026.06.27 08:47:51 INFO  Progress (1): 3.4 kB
2026.06.27 08:47:51 INFO  Progress (1): 7.4 kB
2026.06.27 08:47:51 INFO  Progress (1): 9.8 kB
2026.06.27 08:47:51 INFO                      
2026.06.27 08:47:51 INFO  Downloaded from central: https://repo.maven.apache.org/maven2/net/openhft/root-parent-pom/1.1.13/root-parent-pom-1.1.13.pom (9.8 kB at 75 kB/s)
2026.06.27 08:47:51 INFO  Downloading from central: https://repo.maven.apache.org/maven2/org/scala-sbt/util-control_2.13/1.8.0/util-control_2.13-1.8.0.pom
2026.06.27 08:47:51 INFO  Progress (1): 1.3 kB
2026.06.27 08:47:51 INFO  Progress (1): 2.8 kB
2026.06.27 08:47:51 INFO                      
2026.06.27 08:47:51 INFO  Downloaded from central: https://repo.maven.apache.org/maven2/org/scala-sbt/util-control_2.13/1.8.0/util-control_2.13-1.8.0.pom (2.8 kB at 20 kB/s)
2026.06.27 08:47:51 INFO  Downloading from central: https://repo.maven.apache.org/maven2/org/scala-sbt/zinc-persist-core-assembly/1.8.0/zinc-persist-core-assembly-1.8.0.pom
2026.06.27 08:47:51 INFO  Progress (1): 1.3 kB
2026.06.27 08:47:51 INFO  Progress (1): 2.4 kB
2026.06.27 08:47:51 INFO                      
2026.06.27 08:47:51 INFO  Downloaded from central: https://repo.maven.apache.org/maven2/org/scala-sbt/zinc-persist-core-assembly/1.8.0/zinc-persist-core-assembly-1.8.0.pom (2.4 kB at 17 kB/s)
2026.06.27 08:47:51 INFO  Downloading from central: https://repo.maven.apache.org/maven2/org/scala-sbt/util-relation_2.13/1.8.0/util-relation_2.13-1.8.0.pom
2026.06.27 08:47:52 INFO  Progress (1): 1.3 kB
2026.06.27 08:47:52 INFO  Progress (1): 3.0 kB
2026.06.27 08:47:52 INFO                      
2026.06.27 08:47:52 INFO  Downloaded from central: https://repo.maven.apache.org/maven2/org/scala-sbt/util-relation_2.13/1.8.0/util-relation_2.13-1.8.0.pom (3.0 kB at 23 kB/s)
2026.06.27 08:47:52 INFO  Downloading from central: https://repo.maven.apache.org/maven2/org/scala-sbt/zinc-persist_2.13/1.8.0/zinc-persist_2.13-1.8.0.pom
2026.06.27 08:47:52 INFO  Progress (1): 1.3 kB
2026.06.27 08:47:52 INFO  Progress (1): 4.3 kB
2026.06.27 08:47:52 INFO                      
2026.06.27 08:47:52 INFO  Downloaded from central: https://repo.maven.apache.org/maven2/org/scala-sbt/zinc-persist_2.13/1.8.0/zinc-persist_2.13-1.8.0.pom (4.3 kB at 33 kB/s)
2026.06.27 08:47:52 INFO  Downloading from central: https://repo.maven.apache.org/maven2/org/scala-lang/scala-library/2.13.8/scala-library-2.13.8.jar
2026.06.27 08:47:52 INFO  Progress (1): 0/6.0 MB
2026.06.27 08:47:52 INFO  Progress (1): 0/6.0 MB
2026.06.27 08:47:52 INFO  Progress (1): 0/6.0 MB
2026.06.27 08:47:52 INFO  Progress (1): 0/6.0 MB
2026.06.27 08:47:52 INFO  Progress (1): 0.1/6.0 MB
2026.06.27 08:47:52 INFO  Progress (1): 0.1/6.0 MB
2026.06.27 08:47:52 INFO  Progress (1): 0.1/6.0 MB
2026.06.27 08:47:52 INFO  Progress (1): 0.1/6.0 MB
2026.06.27 08:47:52 INFO  Progress (1): 0.1/6.0 MB
2026.06.27 08:47:52 INFO  Progress (1): 0.1/6.0 MB
2026.06.27 08:47:52 INFO  Progress (1): 0.1/6.0 MB
2026.06.27 08:47:52 INFO  Progress (1): 0.2/6.0 MB
2026.06.27 08:47:52 INFO  Progress (1): 0.2/6.0 MB
2026.06.27 08:47:52 INFO  Progress (1): 0.2/6.0 MB
2026.06.27 08:47:52 INFO  Progress (1): 0.2/6.0 MB
2026.06.27 08:47:52 INFO  Progress (1): 0.2/6.0 MB
2026.06.27 08:47:52 INFO  Progress (1): 0.2/6.0 MB
2026.06.27 08:47:52 INFO  Progress (1): 0.3/6.0 MB
2026.06.27 08:47:52 INFO  Progress (1): 0.3/6.0 MB
2026.06.27 08:47:52 INFO  Progress (1): 0.3/6.0 MB
2026.06.27 08:47:52 INFO  Progress (1): 0.3/6.0 MB
2026.06.27 08:47:52 INFO  Progress (1): 0.3/6.0 MB
2026.06.27 08:47:52 INFO  Progress (1): 0.3/6.0 MB
2026.06.27 08:47:52 INFO  Progress (1): 0.4/6.0 MB
2026.06.27 08:47:52 INFO  Progress (1): 0.4/6.0 MB
2026.06.27 08:47:52 INFO  Progress (1): 0.4/6.0 MB
2026.06.27 08:47:52 INFO  Progress (1): 0.4/6.0 MB
2026.06.27 08:47:52 INFO  Progress (1): 0.4/6.0 MB
2026.06.27 08:47:52 INFO  Progress (1): 0.4/6.0 MB
2026.06.27 08:47:52 INFO  Progress (1): 0.5/6.0 MB
2026.06.27 08:47:52 INFO  Progress (1): 0.5/6.0 MB
2026.06.27 08:47:52 INFO  Progress (1): 0.5/6.0 MB
2026.06.27 08:47:52 INFO  Progress (1): 0.5/6.0 MB
2026.06.27 08:47:52 INFO  Progress (1): 0.5/6.0 MB
2026.06.27 08:47:52 INFO  Progress (1): 0.5/6.0 MB
2026.06.27 08:47:52 INFO  Progress (1): 0.6/6.0 MB
2026.06.27 08:47:52 INFO  Progress (1): 0.6/6.0 MB
2026.06.27 08:47:52 INFO  Progress (1): 0.6/6.0 MB
2026.06.27 08:47:52 INFO  Progress (1): 0.6/6.0 MB
2026.06.27 08:47:52 INFO  Progress (1): 0.6/6.0 MB
2026.06.27 08:47:52 INFO  Progress (1): 0.6/6.0 MB
2026.06.27 08:47:52 INFO  Progress (1): 0.7/6.0 MB
2026.06.27 08:47:52 INFO  Progress (1): 0.7/6.0 MB
2026.06.27 08:47:52 INFO  Progress (1): 0.7/6.0 MB
2026.06.27 08:47:52 INFO  Progress (1): 0.7/6.0 MB
2026.06.27 08:47:52 INFO  Progress (1): 0.7/6.0 MB
2026.06.27 08:47:52 INFO  Progress (1): 0.7/6.0 MB
2026.06.27 08:47:52 INFO  Progress (1): 0.8/6.0 MB
2026.06.27 08:47:52 INFO  Progress (1): 0.8/6.0 MB
2026.06.27 08:47:52 INFO  Progress (1): 0.8/6.0 MB
2026.06.27 08:47:52 INFO  Progress (1): 0.8/6.0 MB
2026.06.27 08:47:52 INFO  Progress (1): 0.8/6.0 MB
2026.06.27 08:47:52 INFO  Progress (1): 0.8/6.0 MB
2026.06.27 08:47:52 INFO  Progress (1): 0.8/6.0 MB
2026.06.27 08:47:52 INFO  Progress (1): 0.9/6.0 MB
2026.06.27 08:47:52 INFO  Progress (1): 0.9/6.0 MB
2026.06.27 08:47:52 INFO  Progress (1): 0.9/6.0 MB
2026.06.27 08:47:52 INFO  Progress (1): 0.9/6.0 MB
2026.06.27 08:47:52 INFO  Progress (1): 0.9/6.0 MB
2026.06.27 08:47:52 INFO  Progress (1): 0.9/6.0 MB
2026.06.27 08:47:52 INFO  Progress (1): 1.0/6.0 MB
2026.06.27 08:47:52 INFO  Progress (1): 1.0/6.0 MB
2026.06.27 08:47:52 INFO  Progress (1): 1.0/6.0 MB
2026.06.27 08:47:52 INFO  Progress (1): 1.0/6.0 MB
2026.06.27 08:47:52 INFO  Progress (1): 1.0/6.0 MB
2026.06.27 08:47:52 INFO  Progress (1): 1.0/6.0 MB
2026.06.27 08:47:52 INFO  Progress (1): 1.1/6.0 MB
2026.06.27 08:47:52 INFO  Progress (1): 1.1/6.0 MB
2026.06.27 08:47:52 INFO  Progress (1): 1.1/6.0 MB
2026.06.27 08:47:52 INFO  Progress (1): 1.1/6.0 MB
2026.06.27 08:47:52 INFO  Progress (1): 1.1/6.0 MB
2026.06.27 08:47:52 INFO  Progress (1): 1.1/6.0 MB
2026.06.27 08:47:52 INFO  Progress (1): 1.2/6.0 MB
2026.06.27 08:47:52 INFO  Progress (1): 1.2/6.0 MB
2026.06.27 08:47:52 INFO  Progress (1): 1.2/6.0 MB
2026.06.27 08:47:52 INFO  Progress (1): 1.2/6.0 MB
2026.06.27 08:47:52 INFO  Progress (1): 1.2/6.0 MB
2026.06.27 08:47:52 INFO  Progress (1): 1.2/6.0 MB
2026.06.27 08:47:52 INFO  Progress (1): 1.3/6.0 MB
2026.06.27 08:47:52 INFO  Progress (1): 1.3/6.0 MB
2026.06.27 08:47:52 INFO  Progress (1): 1.3/6.0 MB
2026.06.27 08:47:52 INFO  Progress (1): 1.3/6.0 MB
2026.06.27 08:47:52 INFO  Progress (1): 1.3/6.0 MB
2026.06.27 08:47:52 INFO  Progress (1): 1.3/6.0 MB
2026.06.27 08:47:52 INFO  Progress (1): 1.4/6.0 MB
2026.06.27 08:47:52 INFO  Progress (1): 1.4/6.0 MB
2026.06.27 08:47:52 INFO  Progress (1): 1.4/6.0 MB
2026.06.27 08:47:52 INFO  Progress (1): 1.4/6.0 MB
2026.06.27 08:47:52 INFO  Progress (1): 1.4/6.0 MB
2026.06.27 08:47:52 INFO  Progress (1): 1.4/6.0 MB
2026.06.27 08:47:52 INFO  Progress (1): 1.5/6.0 MB
2026.06.27 08:47:52 INFO  Progress (1): 1.5/6.0 MB
2026.06.27 08:47:52 INFO  Progress (1): 1.5/6.0 MB
2026.06.27 08:47:52 INFO  Progress (1): 1.5/6.0 MB
2026.06.27 08:47:52 INFO  Progress (1): 1.5/6.0 MB
2026.06.27 08:47:52 INFO  Progress (1): 1.5/6.0 MB
2026.06.27 08:47:52 INFO  Progress (1): 1.6/6.0 MB
2026.06.27 08:47:52 INFO  Progress (1): 1.6/6.0 MB
2026.06.27 08:47:52 INFO  Progress (1): 1.6/6.0 MB
2026.06.27 08:47:52 INFO  Progress (1): 1.6/6.0 MB
2026.06.27 08:47:52 INFO  Progress (1): 1.6/6.0 MB
2026.06.27 08:47:52 INFO  Progress (1): 1.6/6.0 MB
2026.06.27 08:47:52 INFO  Progress (1): 1.7/6.0 MB
2026.06.27 08:47:52 INFO  Progress (1): 1.7/6.0 MB
2026.06.27 08:47:52 INFO  Progress (1): 1.7/6.0 MB
2026.06.27 08:47:52 INFO  Progress (1): 1.7/6.0 MB
2026.06.27 08:47:52 INFO  Progress (1): 1.7/6.0 MB
2026.06.27 08:47:52 INFO  Progress (1): 1.7/6.0 MB
2026.06.27 08:47:52 INFO  Progress (1): 1.8/6.0 MB
2026.06.27 08:47:52 INFO  Progress (1): 1.8/6.0 MB
2026.06.27 08:47:52 INFO  Progress (1): 1.8/6.0 MB
2026.06.27 08:47:52 INFO  Progress (1): 1.8/6.0 MB
2026.06.27 08:47:52 INFO  Progress (1): 1.8/6.0 MB
2026.06.27 08:47:52 INFO  Progress (1): 1.8/6.0 MB
2026.06.27 08:47:52 INFO  Progress (1): 1.8/6.0 MB
2026.06.27 08:47:52 INFO  Progress (1): 1.9/6.0 MB
2026.06.27 08:47:52 INFO  Progress (1): 1.9/6.0 MB
2026.06.27 08:47:52 INFO  Progress (1): 1.9/6.0 MB
2026.06.27 08:47:52 INFO  Progress (1): 1.9/6.0 MB
2026.06.27 08:47:52 INFO  Progress (1): 1.9/6.0 MB
2026.06.27 08:47:52 INFO  Progress (1): 1.9/6.0 MB
2026.06.27 08:47:52 INFO  Progress (1): 2.0/6.0 MB
2026.06.27 08:47:52 INFO  Progress (1): 2.0/6.0 MB
2026.06.27 08:47:52 INFO  Progress (1): 2.0/6.0 MB
2026.06.27 08:47:52 INFO  Progress (1): 2.0/6.0 MB
2026.06.27 08:47:52 INFO  Progress (1): 2.0/6.0 MB
2026.06.27 08:47:52 INFO  Progress (1): 2.0/6.0 MB
2026.06.27 08:47:52 INFO  Progress (1): 2.1/6.0 MB
2026.06.27 08:47:52 INFO  Progress (1): 2.1/6.0 MB
2026.06.27 08:47:52 INFO  Progress (1): 2.1/6.0 MB
2026.06.27 08:47:52 INFO  Progress (1): 2.1/6.0 MB
2026.06.27 08:47:52 INFO  Progress (1): 2.1/6.0 MB
2026.06.27 08:47:52 INFO  Progress (1): 2.1/6.0 MB
2026.06.27 08:47:52 INFO  Progress (1): 2.2/6.0 MB
2026.06.27 08:47:52 INFO  Progress (1): 2.2/6.0 MB
2026.06.27 08:47:52 INFO  Progress (1): 2.2/6.0 MB
2026.06.27 08:47:52 INFO  Progress (1): 2.2/6.0 MB
2026.06.27 08:47:52 INFO  Progress (1): 2.2/6.0 MB
2026.06.27 08:47:52 INFO  Progress (1): 2.2/6.0 MB
2026.06.27 08:47:52 INFO  Progress (1): 2.3/6.0 MB
2026.06.27 08:47:52 INFO  Progress (1): 2.3/6.0 MB
2026.06.27 08:47:52 INFO  Progress (1): 2.3/6.0 MB
2026.06.27 08:47:52 INFO  Progress (1): 2.3/6.0 MB
2026.06.27 08:47:52 INFO  Progress (1): 2.3/6.0 MB
2026.06.27 08:47:52 INFO  Progress (1): 2.3/6.0 MB
2026.06.27 08:47:52 INFO  Progress (1): 2.4/6.0 MB
2026.06.27 08:47:52 INFO  Progress (1): 2.4/6.0 MB
2026.06.27 08:47:52 INFO  Progress (1): 2.4/6.0 MB
2026.06.27 08:47:52 INFO  Progress (1): 2.4/6.0 MB
2026.06.27 08:47:52 INFO  Progress (1): 2.4/6.0 MB
2026.06.27 08:47:52 INFO  Progress (1): 2.4/6.0 MB
2026.06.27 08:47:52 INFO  Progress (1): 2.4/6.0 MB
2026.06.27 08:47:52 INFO  Progress (1): 2.5/6.0 MB
2026.06.27 08:47:52 INFO  Progress (1): 2.5/6.0 MB
2026.06.27 08:47:52 INFO  Progress (1): 2.5/6.0 MB
2026.06.27 08:47:52 INFO  Progress (1): 2.5/6.0 MB
2026.06.27 08:47:52 INFO  Progress (1): 2.5/6.0 MB
2026.06.27 08:47:52 INFO  Progress (1): 2.5/6.0 MB
2026.06.27 08:47:52 INFO  Progress (1): 2.6/6.0 MB
2026.06.27 08:47:52 INFO  Progress (1): 2.6/6.0 MB
2026.06.27 08:47:52 INFO  Progress (1): 2.6/6.0 MB
2026.06.27 08:47:52 INFO  Progress (1): 2.6/6.0 MB
2026.06.27 08:47:52 INFO  Progress (1): 2.6/6.0 MB
2026.06.27 08:47:52 INFO  Progress (1): 2.6/6.0 MB
2026.06.27 08:47:52 INFO  Progress (1): 2.7/6.0 MB
2026.06.27 08:47:52 INFO  Progress (1): 2.7/6.0 MB
2026.06.27 08:47:52 INFO  Progress (1): 2.7/6.0 MB
2026.06.27 08:47:52 INFO  Progress (1): 2.7/6.0 MB
2026.06.27 08:47:52 INFO  Progress (1): 2.7/6.0 MB
2026.06.27 08:47:52 INFO  Progress (1): 2.7/6.0 MB
2026.06.27 08:47:52 INFO  Progress (1): 2.8/6.0 MB
2026.06.27 08:47:52 INFO  Progress (1): 2.8/6.0 MB
2026.06.27 08:47:52 INFO  Progress (1): 2.8/6.0 MB
2026.06.27 08:47:52 INFO  Progress (1): 2.8/6.0 MB
2026.06.27 08:47:52 INFO  Progress (1): 2.8/6.0 MB
2026.06.27 08:47:52 INFO  Progress (1): 2.8/6.0 MB
2026.06.27 08:47:52 INFO  Progress (1): 2.9/6.0 MB
2026.06.27 08:47:52 INFO  Progress (1): 2.9/6.0 MB
2026.06.27 08:47:52 INFO  Progress (1): 2.9/6.0 MB
2026.06.27 08:47:52 INFO  Progress (1): 2.9/6.0 MB
2026.06.27 08:47:52 INFO  Progress (1): 2.9/6.0 MB
2026.06.27 08:47:52 INFO  Progress (1): 2.9/6.0 MB
2026.06.27 08:47:52 INFO  Progress (1): 3.0/6.0 MB
2026.06.27 08:47:52 INFO  Progress (1): 3.0/6.0 MB
2026.06.27 08:47:52 INFO  Progress (1): 3.0/6.0 MB
2026.06.27 08:47:52 INFO  Progress (1): 3.0/6.0 MB
2026.06.27 08:47:52 INFO  Progress (1): 3.0/6.0 MB
2026.06.27 08:47:52 INFO  Progress (1): 3.0/6.0 MB
2026.06.27 08:47:52 INFO  Progress (1): 3.0/6.0 MB
2026.06.27 08:47:52 INFO  Progress (1): 3.1/6.0 MB
2026.06.27 08:47:52 INFO  Progress (1): 3.1/6.0 MB
2026.06.27 08:47:52 INFO  Progress (1): 3.1/6.0 MB
2026.06.27 08:47:52 INFO  Progress (1): 3.1/6.0 MB
2026.06.27 08:47:52 INFO  Progress (1): 3.1/6.0 MB
2026.06.27 08:47:52 INFO  Progress (1): 3.1/6.0 MB
2026.06.27 08:47:52 INFO  Progress (1): 3.2/6.0 MB
2026.06.27 08:47:52 INFO  Progress (1): 3.2/6.0 MB
2026.06.27 08:47:52 INFO  Progress (1): 3.2/6.0 MB
2026.06.27 08:47:52 INFO  Progress (1): 3.2/6.0 MB
2026.06.27 08:47:52 INFO  Progress (1): 3.2/6.0 MB
2026.06.27 08:47:52 INFO  Progress (1): 3.2/6.0 MB
2026.06.27 08:47:52 INFO  Progress (1): 3.3/6.0 MB
2026.06.27 08:47:52 INFO  Progress (1): 3.3/6.0 MB
2026.06.27 08:47:52 INFO  Progress (1): 3.3/6.0 MB
2026.06.27 08:47:52 INFO  Progress (1): 3.3/6.0 MB
2026.06.27 08:47:52 INFO  Progress (1): 3.3/6.0 MB
2026.06.27 08:47:52 INFO  Progress (1): 3.3/6.0 MB
2026.06.27 08:47:52 INFO  Progress (1): 3.4/6.0 MB
2026.06.27 08:47:52 INFO  Progress (1): 3.4/6.0 MB
2026.06.27 08:47:52 INFO  Progress (1): 3.4/6.0 MB
2026.06.27 08:47:52 INFO  Progress (1): 3.4/6.0 MB
2026.06.27 08:47:52 INFO  Progress (1): 3.4/6.0 MB
2026.06.27 08:47:52 INFO  Progress (1): 3.4/6.0 MB
2026.06.27 08:47:52 INFO  Progress (1): 3.5/6.0 MB
2026.06.27 08:47:52 INFO  Progress (1): 3.5/6.0 MB
2026.06.27 08:47:52 INFO  Progress (1): 3.5/6.0 MB
2026.06.27 08:47:52 INFO  Progress (1): 3.5/6.0 MB
2026.06.27 08:47:52 INFO  Progress (1): 3.5/6.0 MB
2026.06.27 08:47:52 INFO  Progress (1): 3.5/6.0 MB
2026.06.27 08:47:52 INFO  Progress (1): 3.6/6.0 MB
2026.06.27 08:47:52 INFO  Progress (1): 3.6/6.0 MB
2026.06.27 08:47:52 INFO  Progress (1): 3.6/6.0 MB
2026.06.27 08:47:52 INFO  Progress (1): 3.6/6.0 MB
2026.06.27 08:47:52 INFO  Progress (1): 3.6/6.0 MB
2026.06.27 08:47:52 INFO  Progress (1): 3.6/6.0 MB
2026.06.27 08:47:52 INFO  Progress (1): 3.7/6.0 MB
2026.06.27 08:47:52 INFO  Progress (1): 3.7/6.0 MB
2026.06.27 08:47:52 INFO  Progress (1): 3.7/6.0 MB
2026.06.27 08:47:52 INFO  Progress (1): 3.7/6.0 MB
2026.06.27 08:47:52 INFO  Progress (1): 3.7/6.0 MB
2026.06.27 08:47:52 INFO  Progress (1): 3.7/6.0 MB
2026.06.27 08:47:52 INFO  Progress (1): 3.8/6.0 MB
2026.06.27 08:47:52 INFO  Progress (1): 3.8/6.0 MB
2026.06.27 08:47:52 INFO  Progress (1): 3.8/6.0 MB
2026.06.27 08:47:52 INFO  Progress (1): 3.8/6.0 MB
2026.06.27 08:47:52 INFO  Progress (1): 3.8/6.0 MB
2026.06.27 08:47:52 INFO  Progress (1): 3.8/6.0 MB
2026.06.27 08:47:52 INFO  Progress (1): 3.9/6.0 MB
2026.06.27 08:47:52 INFO  Progress (1): 3.9/6.0 MB
2026.06.27 08:47:52 INFO  Progress (1): 3.9/6.0 MB
2026.06.27 08:47:52 INFO  Progress (1): 3.9/6.0 MB
2026.06.27 08:47:52 INFO  Progress (1): 3.9/6.0 MB
2026.06.27 08:47:52 INFO  Progress (1): 3.9/6.0 MB
2026.06.27 08:47:52 INFO  Progress (1): 3.9/6.0 MB
2026.06.27 08:47:52 INFO  Progress (1): 4.0/6.0 MB
2026.06.27 08:47:53 INFO  Progress (1): 4.0/6.0 MB
2026.06.27 08:47:53 INFO  Progress (1): 4.0/6.0 MB
2026.06.27 08:47:53 INFO  Progress (1): 4.0/6.0 MB
2026.06.27 08:47:53 INFO  Progress (1): 4.0/6.0 MB
2026.06.27 08:47:53 INFO  Progress (1): 4.0/6.0 MB
2026.06.27 08:47:53 INFO  Progress (1): 4.1/6.0 MB
2026.06.27 08:47:53 INFO  Progress (1): 4.1/6.0 MB
2026.06.27 08:47:53 INFO  Progress (1): 4.1/6.0 MB
2026.06.27 08:47:53 INFO  Progress (1): 4.1/6.0 MB
2026.06.27 08:47:53 INFO  Progress (1): 4.1/6.0 MB
2026.06.27 08:47:53 INFO  Progress (1): 4.1/6.0 MB
2026.06.27 08:47:53 INFO  Progress (1): 4.2/6.0 MB
2026.06.27 08:47:53 INFO  Progress (1): 4.2/6.0 MB
2026.06.27 08:47:53 INFO  Progress (1): 4.2/6.0 MB
2026.06.27 08:47:53 INFO  Progress (1): 4.2/6.0 MB
2026.06.27 08:47:53 INFO  Progress (1): 4.2/6.0 MB
2026.06.27 08:47:53 INFO  Progress (1): 4.2/6.0 MB
2026.06.27 08:47:53 INFO  Progress (1): 4.3/6.0 MB
2026.06.27 08:47:53 INFO  Progress (1): 4.3/6.0 MB
2026.06.27 08:47:53 INFO  Progress (1): 4.3/6.0 MB
2026.06.27 08:47:53 INFO  Progress (1): 4.3/6.0 MB
2026.06.27 08:47:53 INFO  Progress (1): 4.3/6.0 MB
2026.06.27 08:47:53 INFO  Progress (1): 4.3/6.0 MB
2026.06.27 08:47:53 INFO  Progress (1): 4.4/6.0 MB
2026.06.27 08:47:53 INFO  Progress (1): 4.4/6.0 MB
2026.06.27 08:47:53 INFO  Progress (1): 4.4/6.0 MB
2026.06.27 08:47:53 INFO  Progress (1): 4.4/6.0 MB
2026.06.27 08:47:53 INFO  Progress (1): 4.4/6.0 MB
2026.06.27 08:47:53 INFO  Progress (1): 4.4/6.0 MB
2026.06.27 08:47:53 INFO  Progress (1): 4.5/6.0 MB
2026.06.27 08:47:53 INFO  Progress (1): 4.5/6.0 MB
2026.06.27 08:47:53 INFO  Progress (1): 4.5/6.0 MB
2026.06.27 08:47:53 INFO  Progress (1): 4.5/6.0 MB
2026.06.27 08:47:53 INFO  Progress (1): 4.5/6.0 MB
2026.06.27 08:47:53 INFO  Progress (1): 4.5/6.0 MB
2026.06.27 08:47:53 INFO  Progress (1): 4.6/6.0 MB
2026.06.27 08:47:53 INFO  Progress (1): 4.6/6.0 MB
2026.06.27 08:47:53 INFO  Progress (1): 4.6/6.0 MB
2026.06.27 08:47:53 INFO  Progress (1): 4.6/6.0 MB
2026.06.27 08:47:53 INFO  Progress (1): 4.6/6.0 MB
2026.06.27 08:47:53 INFO  Progress (1): 4.6/6.0 MB
2026.06.27 08:47:53 INFO  Progress (1): 4.7/6.0 MB
2026.06.27 08:47:53 INFO  Progress (1): 4.7/6.0 MB
2026.06.27 08:47:53 INFO  Progress (1): 4.7/6.0 MB
2026.06.27 08:47:53 INFO  Progress (1): 4.7/6.0 MB
2026.06.27 08:47:53 INFO  Progress (1): 4.7/6.0 MB
2026.06.27 08:47:53 INFO  Progress (1): 4.7/6.0 MB
2026.06.27 08:47:53 INFO  Progress (1): 4.8/6.0 MB
2026.06.27 08:47:53 INFO  Progress (1): 4.8/6.0 MB
2026.06.27 08:47:53 INFO  Progress (1): 4.8/6.0 MB
2026.06.27 08:47:53 INFO  Progress (1): 4.8/6.0 MB
2026.06.27 08:47:53 INFO  Progress (1): 4.8/6.0 MB
2026.06.27 08:47:53 INFO  Progress (1): 4.8/6.0 MB
2026.06.27 08:47:53 INFO  Progress (1): 4.9/6.0 MB
2026.06.27 08:47:53 INFO  Progress (1): 4.9/6.0 MB
2026.06.27 08:47:53 INFO  Progress (1): 4.9/6.0 MB
2026.06.27 08:47:53 INFO  Progress (1): 4.9/6.0 MB
2026.06.27 08:47:53 INFO  Progress (1): 4.9/6.0 MB
2026.06.27 08:47:53 INFO  Progress (1): 4.9/6.0 MB
2026.06.27 08:47:53 INFO  Progress (1): 4.9/6.0 MB
2026.06.27 08:47:53 INFO  Progress (1): 4.9/6.0 MB
2026.06.27 08:47:53 INFO  Progress (1): 5.0/6.0 MB
2026.06.27 08:47:53 INFO  Progress (1): 5.0/6.0 MB
2026.06.27 08:47:53 INFO  Progress (1): 5.0/6.0 MB
2026.06.27 08:47:53 INFO  Progress (1): 5.0/6.0 MB
2026.06.27 08:47:53 INFO  Progress (1): 5.0/6.0 MB
2026.06.27 08:47:53 INFO  Progress (1): 5.0/6.0 MB
2026.06.27 08:47:53 INFO  Progress (1): 5.1/6.0 MB
2026.06.27 08:47:53 INFO  Progress (1): 5.1/6.0 MB
2026.06.27 08:47:53 INFO  Progress (1): 5.1/6.0 MB
2026.06.27 08:47:53 INFO  Progress (1): 5.1/6.0 MB
2026.06.27 08:47:53 INFO  Progress (1): 5.1/6.0 MB
2026.06.27 08:47:53 INFO  Progress (1): 5.1/6.0 MB
2026.06.27 08:47:53 INFO  Progress (1): 5.1/6.0 MB
2026.06.27 08:47:53 INFO  Progress (1): 5.2/6.0 MB
2026.06.27 08:47:53 INFO  Progress (1): 5.2/6.0 MB
2026.06.27 08:47:53 INFO  Progress (1): 5.2/6.0 MB
2026.06.27 08:47:53 INFO  Progress (1): 5.2/6.0 MB
2026.06.27 08:47:53 INFO  Progress (1): 5.2/6.0 MB
2026.06.27 08:47:53 INFO  Progress (1): 5.2/6.0 MB
2026.06.27 08:47:53 INFO  Progress (1): 5.3/6.0 MB
2026.06.27 08:47:53 INFO  Progress (1): 5.3/6.0 MB
2026.06.27 08:47:53 INFO  Progress (1): 5.3/6.0 MB
2026.06.27 08:47:53 INFO  Progress (1): 5.3/6.0 MB
2026.06.27 08:47:53 INFO  Progress (1): 5.3/6.0 MB
2026.06.27 08:47:53 INFO  Progress (1): 5.3/6.0 MB
2026.06.27 08:47:53 INFO  Progress (1): 5.4/6.0 MB
2026.06.27 08:47:53 INFO  Progress (1): 5.4/6.0 MB
2026.06.27 08:47:53 INFO  Progress (1): 5.4/6.0 MB
2026.06.27 08:47:53 INFO  Progress (1): 5.4/6.0 MB
2026.06.27 08:47:53 INFO  Progress (1): 5.4/6.0 MB
2026.06.27 08:47:53 INFO  Progress (1): 5.4/6.0 MB
2026.06.27 08:47:53 INFO  Progress (1): 5.5/6.0 MB
2026.06.27 08:47:53 INFO  Progress (1): 5.5/6.0 MB
2026.06.27 08:47:53 INFO  Progress (1): 5.5/6.0 MB
2026.06.27 08:47:53 INFO  Progress (1): 5.5/6.0 MB
2026.06.27 08:47:53 INFO  Progress (1): 5.5/6.0 MB
2026.06.27 08:47:53 INFO  Progress (1): 5.5/6.0 MB
2026.06.27 08:47:53 INFO  Progress (1): 5.5/6.0 MB
2026.06.27 08:47:53 INFO  Progress (1): 5.6/6.0 MB
2026.06.27 08:47:53 INFO  Progress (1): 5.6/6.0 MB
2026.06.27 08:47:53 INFO  Progress (1): 5.6/6.0 MB
2026.06.27 08:47:53 INFO  Progress (1): 5.6/6.0 MB
2026.06.27 08:47:53 INFO  Progress (1): 5.6/6.0 MB
2026.06.27 08:47:53 INFO  Progress (1): 5.6/6.0 MB
2026.06.27 08:47:53 INFO  Progress (1): 5.7/6.0 MB
2026.06.27 08:47:53 INFO  Progress (1): 5.7/6.0 MB
2026.06.27 08:47:53 INFO  Progress (1): 5.7/6.0 MB
2026.06.27 08:47:53 INFO  Progress (1): 5.7/6.0 MB
2026.06.27 08:47:53 INFO  Progress (1): 5.7/6.0 MB
2026.06.27 08:47:53 INFO  Progress (1): 5.7/6.0 MB
2026.06.27 08:47:53 INFO  Progress (1): 5.8/6.0 MB
2026.06.27 08:47:53 INFO  Progress (1): 5.8/6.0 MB
2026.06.27 08:47:53 INFO  Progress (1): 5.8/6.0 MB
2026.06.27 08:47:53 INFO  Progress (1): 5.8/6.0 MB
2026.06.27 08:47:53 INFO  Progress (1): 5.8/6.0 MB
2026.06.27 08:47:53 INFO  Progress (1): 5.8/6.0 MB
2026.06.27 08:47:53 INFO  Progress (1): 5.8/6.0 MB
2026.06.27 08:47:53 INFO  Progress (1): 5.9/6.0 MB
2026.06.27 08:47:53 INFO  Progress (1): 5.9/6.0 MB
2026.06.27 08:47:53 INFO  Progress (1): 5.9/6.0 MB
2026.06.27 08:47:53 INFO  Progress (1): 5.9/6.0 MB
2026.06.27 08:47:53 INFO  Progress (1): 5.9/6.0 MB
2026.06.27 08:47:53 INFO  Progress (1): 5.9/6.0 MB
2026.06.27 08:47:53 INFO  Progress (1): 5.9/6.0 MB
2026.06.27 08:47:53 INFO  Progress (1): 6.0/6.0 MB
2026.06.27 08:47:53 INFO  Progress (1): 6.0/6.0 MB
2026.06.27 08:47:53 INFO  Progress (1): 6.0/6.0 MB
2026.06.27 08:47:53 INFO  Progress (1): 6.0 MB    
2026.06.27 08:47:53 INFO                      
2026.06.27 08:47:53 INFO  Downloaded from central: https://repo.maven.apache.org/maven2/org/scala-lang/scala-library/2.13.8/scala-library-2.13.8.jar (6.0 MB at 6.3 MB/s)
2026.06.27 08:47:53 INFO  Downloading from central: https://repo.maven.apache.org/maven2/ch/epfl/scala/bloop-config_2.13/2.3.3/bloop-config_2.13-2.3.3.jar
2026.06.27 08:47:53 INFO  Downloading from central: https://repo.maven.apache.org/maven2/com/github/plokhotnyuk/jsoniter-scala/jsoniter-scala-core_2.13/2.13.5.2/jsoniter-scala-core_2.13-2.13.5.2.jar
2026.06.27 08:47:53 INFO  Downloading from central: https://repo.maven.apache.org/maven2/com/lihaoyi/unroll-annotation_2.13/0.1.12/unroll-annotation_2.13-0.1.12.jar
2026.06.27 08:47:53 INFO  Downloading from central: https://repo.maven.apache.org/maven2/net/alchim31/maven/scala-maven-plugin/4.8.0/scala-maven-plugin-4.8.0.jar
2026.06.27 08:47:53 INFO  Downloading from central: https://repo.maven.apache.org/maven2/org/apache/maven/shared/maven-dependency-tree/3.2.1/maven-dependency-tree-3.2.1.jar
2026.06.27 08:47:53 INFO  Progress (1): 7.7/288 kB
2026.06.27 08:47:53 INFO  Progress (1): 8.2/288 kB
2026.06.27 08:47:53 INFO  Progress (1): 25/288 kB 
2026.06.27 08:47:53 INFO  Progress (1): 41/288 kB
2026.06.27 08:47:53 INFO  Progress (1): 57/288 kB
2026.06.27 08:47:53 INFO  Progress (1): 66/288 kB
2026.06.27 08:47:53 INFO  Progress (1): 82/288 kB
2026.06.27 08:47:53 INFO  Progress (1): 98/288 kB
2026.06.27 08:47:53 INFO  Progress (1): 106/288 kB
2026.06.27 08:47:53 INFO  Progress (1): 123/288 kB
2026.06.27 08:47:53 INFO  Progress (1): 131/288 kB
2026.06.27 08:47:53 INFO  Progress (1): 147/288 kB
2026.06.27 08:47:53 INFO  Progress (1): 156/288 kB
2026.06.27 08:47:53 INFO  Progress (1): 172/288 kB
2026.06.27 08:47:53 INFO  Progress (1): 188/288 kB
2026.06.27 08:47:53 INFO  Progress (1): 205/288 kB
2026.06.27 08:47:53 INFO  Progress (1): 213/288 kB
2026.06.27 08:47:53 INFO  Progress (1): 229/288 kB
2026.06.27 08:47:53 INFO  Progress (1): 246/288 kB
2026.06.27 08:47:53 INFO  Progress (1): 262/288 kB
2026.06.27 08:47:53 INFO  Progress (1): 279/288 kB
2026.06.27 08:47:53 INFO  Progress (1): 288 kB    
2026.06.27 08:47:53 INFO                      
2026.06.27 08:47:53 INFO  Downloaded from central: https://repo.maven.apache.org/maven2/ch/epfl/scala/bloop-config_2.13/2.3.3/bloop-config_2.13-2.3.3.jar (288 kB at 2.1 MB/s)
2026.06.27 08:47:53 INFO  Downloading from central: https://repo.maven.apache.org/maven2/org/apache/maven/reporting/maven-reporting-api/3.1.1/maven-reporting-api-3.1.1.jar
2026.06.27 08:47:53 INFO  Progress (1): 3.2/11 kB
2026.06.27 08:47:53 INFO  Progress (1): 11 kB    
2026.06.27 08:47:53 INFO                     
2026.06.27 08:47:53 INFO  Downloaded from central: https://repo.maven.apache.org/maven2/org/apache/maven/reporting/maven-reporting-api/3.1.1/maven-reporting-api-3.1.1.jar (11 kB at 41 kB/s)
2026.06.27 08:47:53 INFO  Downloading from central: https://repo.maven.apache.org/maven2/org/apache/maven/doxia/doxia-sink-api/1.11.1/doxia-sink-api-1.11.1.jar
2026.06.27 08:47:53 INFO  Progress (1): 0.9/43 kB
2026.06.27 08:47:53 INFO  Progress (1): 2.3/43 kB
2026.06.27 08:47:53 INFO  Progress (1): 3.6/43 kB
2026.06.27 08:47:53 INFO  Progress (1): 5.0/43 kB
2026.06.27 08:47:53 INFO  Progress (1): 6.4/43 kB
2026.06.27 08:47:53 INFO  Progress (1): 7.7/43 kB
2026.06.27 08:47:53 INFO  Progress (1): 9.1/43 kB
2026.06.27 08:47:53 INFO  Progress (1): 10/43 kB 
2026.06.27 08:47:53 INFO  Progress (1): 12/43 kB
2026.06.27 08:47:53 INFO  Progress (1): 13/43 kB
2026.06.27 08:47:53 INFO  Progress (1): 15/43 kB
2026.06.27 08:47:53 INFO  Progress (1): 16/43 kB
2026.06.27 08:47:53 INFO  Progress (1): 17/43 kB
2026.06.27 08:47:53 INFO  Progress (1): 19/43 kB
2026.06.27 08:47:53 INFO  Progress (1): 20/43 kB
2026.06.27 08:47:53 INFO  Progress (1): 21/43 kB
2026.06.27 08:47:53 INFO  Progress (1): 23/43 kB
2026.06.27 08:47:53 INFO  Progress (1): 24/43 kB
2026.06.27 08:47:53 INFO  Progress (1): 25/43 kB
2026.06.27 08:47:53 INFO  Progress (1): 26/43 kB
2026.06.27 08:47:53 INFO  Progress (1): 27/43 kB
2026.06.27 08:47:53 INFO  Progress (1): 29/43 kB
2026.06.27 08:47:53 INFO  Progress (1): 30/43 kB
2026.06.27 08:47:53 INFO  Progress (1): 31/43 kB
2026.06.27 08:47:53 INFO  Progress (1): 33/43 kB
2026.06.27 08:47:53 INFO  Progress (1): 34/43 kB
2026.06.27 08:47:53 INFO  Progress (1): 36/43 kB
2026.06.27 08:47:53 INFO  Progress (1): 37/43 kB
2026.06.27 08:47:53 INFO  Progress (1): 38/43 kB
2026.06.27 08:47:53 INFO  Progress (1): 40/43 kB
2026.06.27 08:47:53 INFO  Progress (1): 41/43 kB
2026.06.27 08:47:53 INFO  Progress (2): 41/43 kB | 0.9/159 kB
2026.06.27 08:47:53 INFO  Progress (2): 42/43 kB | 0.9/159 kB
2026.06.27 08:47:53 INFO  Progress (2): 42/43 kB | 2.3/159 kB
2026.06.27 08:47:53 INFO  Progress (2): 42/43 kB | 3.6/159 kB
2026.06.27 08:47:53 INFO  Progress (2): 43 kB | 3.6/159 kB   
2026.06.27 08:47:53 INFO  Progress (2): 43 kB | 5.0/159 kB
2026.06.27 08:47:53 INFO  Progress (2): 43 kB | 6.4/159 kB
2026.06.27 08:47:53 INFO  Progress (2): 43 kB | 7.7/159 kB
2026.06.27 08:47:53 INFO  Progress (2): 43 kB | 9.1/159 kB
2026.06.27 08:47:53 INFO  Progress (2): 43 kB | 10/159 kB 
2026.06.27 08:47:53 INFO  Progress (2): 43 kB | 12/159 kB
2026.06.27 08:47:53 INFO  Progress (2): 43 kB | 13/159 kB
2026.06.27 08:47:53 INFO  Progress (2): 43 kB | 15/159 kB
2026.06.27 08:47:53 INFO  Progress (2): 43 kB | 16/159 kB
2026.06.27 08:47:53 INFO  Progress (2): 43 kB | 16/159 kB
2026.06.27 08:47:53 INFO  Progress (2): 43 kB | 18/159 kB
2026.06.27 08:47:53 INFO  Progress (2): 43 kB | 19/159 kB
2026.06.27 08:47:53 INFO  Progress (2): 43 kB | 20/159 kB
2026.06.27 08:47:53 INFO  Progress (2): 43 kB | 22/159 kB
2026.06.27 08:47:53 INFO  Progress (2): 43 kB | 23/159 kB
2026.06.27 08:47:53 INFO  Progress (2): 43 kB | 25/159 kB
2026.06.27 08:47:53 INFO  Progress (2): 43 kB | 26/159 kB
2026.06.27 08:47:53 INFO  Progress (2): 43 kB | 27/159 kB
2026.06.27 08:47:53 INFO  Progress (3): 43 kB | 27/159 kB | 0.9/1.3 kB
2026.06.27 08:47:53 INFO  Progress (3): 43 kB | 27/159 kB | 1.3 kB    
2026.06.27 08:47:53 INFO                                          
2026.06.27 08:47:53 INFO  Downloaded from central: https://repo.maven.apache.org/maven2/org/apache/maven/shared/maven-dependency-tree/3.2.1/maven-dependency-tree-3.2.1.jar (43 kB at 123 kB/s)
2026.06.27 08:47:53 INFO  Downloading from central: https://repo.maven.apache.org/maven2/org/apache/maven/doxia/doxia-logging-api/1.11.1/doxia-logging-api-1.11.1.jar
2026.06.27 08:47:53 INFO  Progress (2): 29/159 kB | 1.3 kB
2026.06.27 08:47:53 INFO  Progress (2): 30/159 kB | 1.3 kB
2026.06.27 08:47:53 INFO  Progress (2): 31/159 kB | 1.3 kB
2026.06.27 08:47:53 INFO  Progress (2): 33/159 kB | 1.3 kB
2026.06.27 08:47:53 INFO  Progress (2): 34/159 kB | 1.3 kB
2026.06.27 08:47:53 INFO  Progress (2): 36/159 kB | 1.3 kB
2026.06.27 08:47:53 INFO  Progress (2): 37/159 kB | 1.3 kB
2026.06.27 08:47:53 INFO  Progress (2): 38/159 kB | 1.3 kB
2026.06.27 08:47:53 INFO  Progress (3): 38/159 kB | 1.3 kB | 0.9/176 kB
2026.06.27 08:47:53 INFO  Progress (3): 38/159 kB | 1.3 kB | 2.3/176 kB
2026.06.27 08:47:53 INFO  Progress (3): 38/159 kB | 1.3 kB | 3.6/176 kB
2026.06.27 08:47:53 INFO  Progress (3): 38/159 kB | 1.3 kB | 5.0/176 kB
2026.06.27 08:47:53 INFO  Progress (3): 38/159 kB | 1.3 kB | 6.4/176 kB
2026.06.27 08:47:53 INFO  Progress (3): 38/159 kB | 1.3 kB | 7.7/176 kB
2026.06.27 08:47:53 INFO  Progress (3): 38/159 kB | 1.3 kB | 8.2/176 kB
2026.06.27 08:47:53 INFO  Progress (3): 38/159 kB | 1.3 kB | 9.6/176 kB
2026.06.27 08:47:53 INFO  Progress (3): 38/159 kB | 1.3 kB | 11/176 kB 
2026.06.27 08:47:53 INFO  Progress (3): 40/159 kB | 1.3 kB | 11/176 kB
2026.06.27 08:47:53 INFO  Progress (3): 40/159 kB | 1.3 kB | 12/176 kB
2026.06.27 08:47:53 INFO  Progress (3): 40/159 kB | 1.3 kB | 14/176 kB
2026.06.27 08:47:53 INFO  Progress (3): 41/159 kB | 1.3 kB | 14/176 kB
2026.06.27 08:47:53 INFO  Progress (3): 41/159 kB | 1.3 kB | 15/176 kB
2026.06.27 08:47:53 INFO  Progress (3): 42/159 kB | 1.3 kB | 15/176 kB
2026.06.27 08:47:53 INFO  Progress (3): 42/159 kB | 1.3 kB | 16/176 kB
2026.06.27 08:47:53 INFO  Progress (3): 44/159 kB | 1.3 kB | 16/176 kB
2026.06.27 08:47:53 INFO  Progress (3): 44/159 kB | 1.3 kB | 18/176 kB
2026.06.27 08:47:53 INFO  Progress (3): 45/159 kB | 1.3 kB | 18/176 kB
2026.06.27 08:47:53 INFO  Progress (3): 45/159 kB | 1.3 kB | 19/176 kB
2026.06.27 08:47:53 INFO  Progress (3): 47/159 kB | 1.3 kB | 19/176 kB
2026.06.27 08:47:53 INFO  Progress (3): 47/159 kB | 1.3 kB | 21/176 kB
2026.06.27 08:47:53 INFO  Progress (3): 48/159 kB | 1.3 kB | 21/176 kB
2026.06.27 08:47:53 INFO  Progress (3): 49/159 kB | 1.3 kB | 21/176 kB
2026.06.27 08:47:53 INFO  Progress (3): 49/159 kB | 1.3 kB | 22/176 kB
2026.06.27 08:47:53 INFO  Progress (3): 49/159 kB | 1.3 kB | 23/176 kB
2026.06.27 08:47:53 INFO  Progress (3): 49/159 kB | 1.3 kB | 25/176 kB
2026.06.27 08:47:53 INFO  Progress (3): 49/159 kB | 1.3 kB | 26/176 kB
2026.06.27 08:47:53 INFO  Progress (3): 49/159 kB | 1.3 kB | 27/176 kB
2026.06.27 08:47:53 INFO  Progress (3): 49/159 kB | 1.3 kB | 29/176 kB
2026.06.27 08:47:53 INFO  Progress (3): 49/159 kB | 1.3 kB | 30/176 kB
2026.06.27 08:47:53 INFO  Progress (3): 49/159 kB | 1.3 kB | 31/176 kB
2026.06.27 08:47:53 INFO  Progress (3): 49/159 kB | 1.3 kB | 33/176 kB
2026.06.27 08:47:53 INFO  Progress (3): 49/159 kB | 1.3 kB | 34/176 kB
2026.06.27 08:47:53 INFO                                              
2026.06.27 08:47:53 INFO  Downloaded from central: https://repo.maven.apache.org/maven2/com/lihaoyi/unroll-annotation_2.13/0.1.12/unroll-annotation_2.13-0.1.12.jar (1.3 kB at 3.7 kB/s)
2026.06.27 08:47:53 INFO  Downloading from central: https://repo.maven.apache.org/maven2/org/codehaus/plexus/plexus-archiver/4.6.0/plexus-archiver-4.6.0.jar
2026.06.27 08:47:53 INFO  Progress (2): 49/159 kB | 36/176 kB
2026.06.27 08:47:53 INFO  Progress (2): 49/159 kB | 37/176 kB
2026.06.27 08:47:53 INFO  Progress (2): 49/159 kB | 38/176 kB
2026.06.27 08:47:53 INFO  Progress (2): 49/159 kB | 40/176 kB
2026.06.27 08:47:53 INFO  Progress (2): 51/159 kB | 40/176 kB
2026.06.27 08:47:53 INFO  Progress (2): 51/159 kB | 41/176 kB
2026.06.27 08:47:53 INFO  Progress (2): 52/159 kB | 41/176 kB
2026.06.27 08:47:53 INFO  Progress (2): 52/159 kB | 42/176 kB
2026.06.27 08:47:53 INFO  Progress (2): 53/159 kB | 42/176 kB
2026.06.27 08:47:53 INFO  Progress (2): 55/159 kB | 42/176 kB
2026.06.27 08:47:53 INFO  Progress (2): 55/159 kB | 44/176 kB
2026.06.27 08:47:53 INFO  Progress (2): 55/159 kB | 45/176 kB
2026.06.27 08:47:53 INFO  Progress (2): 59/159 kB | 45/176 kB
2026.06.27 08:47:53 INFO  Progress (2): 63/159 kB | 45/176 kB
2026.06.27 08:47:53 INFO  Progress (2): 63/159 kB | 47/176 kB
2026.06.27 08:47:53 INFO  Progress (2): 63/159 kB | 48/176 kB
2026.06.27 08:47:53 INFO  Progress (2): 67/159 kB | 48/176 kB
2026.06.27 08:47:53 INFO  Progress (2): 67/159 kB | 49/176 kB
2026.06.27 08:47:53 INFO  Progress (2): 67/159 kB | 51/176 kB
2026.06.27 08:47:53 INFO  Progress (2): 67/159 kB | 52/176 kB
2026.06.27 08:47:53 INFO  Progress (2): 67/159 kB | 53/176 kB
2026.06.27 08:47:53 INFO  Progress (2): 67/159 kB | 55/176 kB
2026.06.27 08:47:53 INFO  Progress (2): 67/159 kB | 57/176 kB
2026.06.27 08:47:53 INFO  Progress (2): 67/159 kB | 62/176 kB
2026.06.27 08:47:53 INFO  Progress (2): 67/159 kB | 66/176 kB
2026.06.27 08:47:53 INFO  Progress (3): 67/159 kB | 66/176 kB | 7.7/12 kB
2026.06.27 08:47:53 INFO  Progress (3): 67/159 kB | 66/176 kB | 8.2/12 kB
2026.06.27 08:47:53 INFO  Progress (3): 67/159 kB | 66/176 kB | 12 kB    
2026.06.27 08:47:53 INFO                                             
2026.06.27 08:47:53 INFO  Downloaded from central: https://repo.maven.apache.org/maven2/org/apache/maven/doxia/doxia-sink-api/1.11.1/doxia-sink-api-1.11.1.jar (12 kB at 31 kB/s)
2026.06.27 08:47:53 INFO  Downloading from central: https://repo.maven.apache.org/maven2/com/github/luben/zstd-jni/1.5.2-5/zstd-jni-1.5.2-5.jar
2026.06.27 08:47:53 INFO  Progress (2): 67/159 kB | 70/176 kB
2026.06.27 08:47:53 INFO  Progress (2): 72/159 kB | 70/176 kB
2026.06.27 08:47:53 INFO  Progress (2): 76/159 kB | 70/176 kB
2026.06.27 08:47:53 INFO  Progress (2): 80/159 kB | 70/176 kB
2026.06.27 08:47:53 INFO  Progress (2): 82/159 kB | 70/176 kB
2026.06.27 08:47:53 INFO  Progress (2): 86/159 kB | 70/176 kB
2026.06.27 08:47:53 INFO  Progress (2): 90/159 kB | 70/176 kB
2026.06.27 08:47:53 INFO  Progress (2): 95/159 kB | 70/176 kB
2026.06.27 08:47:53 INFO  Progress (2): 99/159 kB | 70/176 kB
2026.06.27 08:47:53 INFO  Progress (2): 99/159 kB | 74/176 kB
2026.06.27 08:47:53 INFO  Progress (2): 103/159 kB | 74/176 kB
2026.06.27 08:47:53 INFO  Progress (2): 107/159 kB | 74/176 kB
2026.06.27 08:47:53 INFO  Progress (2): 107/159 kB | 78/176 kB
2026.06.27 08:47:53 INFO  Progress (2): 107/159 kB | 83/176 kB
2026.06.27 08:47:53 INFO  Progress (2): 107/159 kB | 87/176 kB
2026.06.27 08:47:53 INFO  Progress (2): 112/159 kB | 87/176 kB
2026.06.27 08:47:53 INFO  Progress (2): 116/159 kB | 87/176 kB
2026.06.27 08:47:53 INFO  Progress (2): 116/159 kB | 91/176 kB
2026.06.27 08:47:53 INFO  Progress (2): 120/159 kB | 91/176 kB
2026.06.27 08:47:53 INFO  Progress (2): 120/159 kB | 95/176 kB
2026.06.27 08:47:53 INFO  Progress (2): 120/159 kB | 100/176 kB
2026.06.27 08:47:53 INFO  Progress (2): 124/159 kB | 100/176 kB
2026.06.27 08:47:53 INFO  Progress (2): 124/159 kB | 104/176 kB
2026.06.27 08:47:53 INFO  Progress (2): 128/159 kB | 104/176 kB
2026.06.27 08:47:53 INFO  Progress (2): 131/159 kB | 104/176 kB
2026.06.27 08:47:53 INFO  Progress (2): 131/159 kB | 108/176 kB
2026.06.27 08:47:53 INFO  Progress (2): 131/159 kB | 112/176 kB
2026.06.27 08:47:53 INFO  Progress (2): 135/159 kB | 112/176 kB
2026.06.27 08:47:53 INFO  Progress (2): 140/159 kB | 112/176 kB
2026.06.27 08:47:53 INFO  Progress (3): 140/159 kB | 112/176 kB | 0.9/12 kB
2026.06.27 08:47:53 INFO  Progress (3): 140/159 kB | 112/176 kB | 2.3/12 kB
2026.06.27 08:47:53 INFO  Progress (3): 140/159 kB | 112/176 kB | 3.6/12 kB
2026.06.27 08:47:53 INFO  Progress (3): 140/159 kB | 117/176 kB | 3.6/12 kB
2026.06.27 08:47:53 INFO  Progress (3): 140/159 kB | 117/176 kB | 5.0/12 kB
2026.06.27 08:47:53 INFO  Progress (3): 140/159 kB | 117/176 kB | 6.4/12 kB
2026.06.27 08:47:53 INFO  Progress (3): 140/159 kB | 117/176 kB | 7.7/12 kB
2026.06.27 08:47:53 INFO  Progress (3): 140/159 kB | 117/176 kB | 9.1/12 kB
2026.06.27 08:47:53 INFO  Progress (3): 140/159 kB | 117/176 kB | 10/12 kB 
2026.06.27 08:47:53 INFO  Progress (3): 140/159 kB | 117/176 kB | 11/12 kB
2026.06.27 08:47:53 INFO  Progress (3): 140/159 kB | 117/176 kB | 12 kB   
2026.06.27 08:47:53 INFO  Progress (3): 144/159 kB | 117/176 kB | 12 kB
2026.06.27 08:47:53 INFO  Progress (3): 148/159 kB | 117/176 kB | 12 kB
2026.06.27 08:47:53 INFO  Progress (3): 148/159 kB | 121/176 kB | 12 kB
2026.06.27 08:47:53 INFO  Progress (3): 152/159 kB | 121/176 kB | 12 kB
2026.06.27 08:47:53 INFO  Progress (3): 152/159 kB | 125/176 kB | 12 kB
2026.06.27 08:47:53 INFO  Progress (3): 156/159 kB | 125/176 kB | 12 kB
2026.06.27 08:47:53 INFO  Progress (3): 159 kB | 125/176 kB | 12 kB    
2026.06.27 08:47:53 INFO                                           
2026.06.27 08:47:53 INFO  Downloaded from central: https://repo.maven.apache.org/maven2/org/apache/maven/doxia/doxia-logging-api/1.11.1/doxia-logging-api-1.11.1.jar (12 kB at 25 kB/s)
2026.06.27 08:47:53 INFO  Downloading from central: https://repo.maven.apache.org/maven2/org/codehaus/plexus/plexus-classworlds/2.7.0/plexus-classworlds-2.7.0.jar
2026.06.27 08:47:53 INFO  Progress (3): 159 kB | 125/176 kB | 0.9/216 kB
2026.06.27 08:47:53 INFO  Progress (3): 159 kB | 125/176 kB | 2.3/216 kB
2026.06.27 08:47:53 INFO  Progress (3): 159 kB | 125/176 kB | 3.6/216 kB
2026.06.27 08:47:53 INFO                                                
2026.06.27 08:47:53 INFO  Downloaded from central: https://repo.maven.apache.org/maven2/net/alchim31/maven/scala-maven-plugin/4.8.0/scala-maven-plugin-4.8.0.jar (159 kB at 326 kB/s)
2026.06.27 08:47:53 INFO  Downloading from central: https://repo.maven.apache.org/maven2/org/scala-sbt/zinc_2.13/1.8.0/zinc_2.13-1.8.0.jar
2026.06.27 08:47:53 INFO  Progress (2): 129/176 kB | 3.6/216 kB
2026.06.27 08:47:53 INFO  Progress (2): 129/176 kB | 5.0/216 kB
2026.06.27 08:47:53 INFO  Progress (2): 129/176 kB | 6.4/216 kB
2026.06.27 08:47:53 INFO  Progress (2): 133/176 kB | 6.4/216 kB
2026.06.27 08:47:53 INFO  Progress (2): 133/176 kB | 7.7/216 kB
2026.06.27 08:47:53 INFO  Progress (2): 133/176 kB | 9.1/216 kB
2026.06.27 08:47:53 INFO  Progress (2): 133/176 kB | 10/216 kB 
2026.06.27 08:47:53 INFO  Progress (2): 138/176 kB | 10/216 kB
2026.06.27 08:47:53 INFO  Progress (2): 138/176 kB | 15/216 kB
2026.06.27 08:47:53 INFO  Progress (2): 142/176 kB | 15/216 kB
2026.06.27 08:47:53 INFO  Progress (2): 146/176 kB | 15/216 kB
2026.06.27 08:47:53 INFO  Progress (2): 150/176 kB | 15/216 kB
2026.06.27 08:47:53 INFO  Progress (2): 150/176 kB | 19/216 kB
2026.06.27 08:47:53 INFO  Progress (2): 150/176 kB | 23/216 kB
2026.06.27 08:47:53 INFO  Progress (2): 150/176 kB | 25/216 kB
2026.06.27 08:47:53 INFO  Progress (2): 150/176 kB | 29/216 kB
2026.06.27 08:47:53 INFO  Progress (2): 155/176 kB | 29/216 kB
2026.06.27 08:47:53 INFO  Progress (2): 159/176 kB | 29/216 kB
2026.06.27 08:47:53 INFO  Progress (2): 163/176 kB | 29/216 kB
2026.06.27 08:47:53 INFO  Progress (2): 163/176 kB | 33/216 kB
2026.06.27 08:47:53 INFO  Progress (2): 163/176 kB | 37/216 kB
2026.06.27 08:47:53 INFO  Progress (2): 167/176 kB | 37/216 kB
2026.06.27 08:47:53 INFO  Progress (2): 167/176 kB | 41/216 kB
2026.06.27 08:47:53 INFO  Progress (2): 167/176 kB | 46/216 kB
2026.06.27 08:47:53 INFO  Progress (2): 172/176 kB | 46/216 kB
2026.06.27 08:47:53 INFO  Progress (3): 172/176 kB | 46/216 kB | 0/6.3 MB
2026.06.27 08:47:53 INFO  Progress (3): 172/176 kB | 46/216 kB | 0/6.3 MB
2026.06.27 08:47:53 INFO  Progress (3): 172/176 kB | 46/216 kB | 0/6.3 MB
2026.06.27 08:47:53 INFO  Progress (3): 172/176 kB | 46/216 kB | 0/6.3 MB
2026.06.27 08:47:53 INFO  Progress (3): 172/176 kB | 46/216 kB | 0.1/6.3 MB
2026.06.27 08:47:53 INFO  Progress (3): 172/176 kB | 46/216 kB | 0.1/6.3 MB
2026.06.27 08:47:53 INFO  Progress (3): 172/176 kB | 46/216 kB | 0.1/6.3 MB
2026.06.27 08:47:53 INFO  Progress (3): 172/176 kB | 46/216 kB | 0.1/6.3 MB
2026.06.27 08:47:53 INFO  Progress (3): 172/176 kB | 46/216 kB | 0.1/6.3 MB
2026.06.27 08:47:53 INFO  Progress (3): 172/176 kB | 46/216 kB | 0.1/6.3 MB
2026.06.27 08:47:53 INFO  Progress (3): 172/176 kB | 46/216 kB | 0.2/6.3 MB
2026.06.27 08:47:53 INFO  Progress (3): 172/176 kB | 46/216 kB | 0.2/6.3 MB
2026.06.27 08:47:53 INFO  Progress (3): 172/176 kB | 46/216 kB | 0.2/6.3 MB
2026.06.27 08:47:53 INFO  Progress (3): 172/176 kB | 46/216 kB | 0.2/6.3 MB
2026.06.27 08:47:53 INFO  Progress (3): 172/176 kB | 46/216 kB | 0.2/6.3 MB
2026.06.27 08:47:53 INFO  Progress (3): 172/176 kB | 46/216 kB | 0.2/6.3 MB
2026.06.27 08:47:53 INFO  Progress (3): 176 kB | 46/216 kB | 0.2/6.3 MB    
2026.06.27 08:47:53 INFO  Progress (3): 176 kB | 46/216 kB | 0.2/6.3 MB
2026.06.27 08:47:53 INFO  Progress (3): 176 kB | 50/216 kB | 0.2/6.3 MB
2026.06.27 08:47:53 INFO  Progress (3): 176 kB | 50/216 kB | 0.3/6.3 MB
2026.06.27 08:47:53 INFO  Progress (3): 176 kB | 50/216 kB | 0.3/6.3 MB
2026.06.27 08:47:53 INFO  Progress (3): 176 kB | 50/216 kB | 0.3/6.3 MB
2026.06.27 08:47:53 INFO  Progress (3): 176 kB | 50/216 kB | 0.3/6.3 MB
2026.06.27 08:47:53 INFO  Progress (3): 176 kB | 50/216 kB | 0.3/6.3 MB
2026.06.27 08:47:53 INFO  Progress (3): 176 kB | 50/216 kB | 0.3/6.3 MB
2026.06.27 08:47:53 INFO  Progress (3): 176 kB | 50/216 kB | 0.3/6.3 MB
2026.06.27 08:47:53 INFO  Progress (3): 176 kB | 50/216 kB | 0.3/6.3 MB
2026.06.27 08:47:53 INFO                                               
2026.06.27 08:47:53 INFO  Downloaded from central: https://repo.maven.apache.org/maven2/com/github/plokhotnyuk/jsoniter-scala/jsoniter-scala-core_2.13/2.13.5.2/jsoniter-scala-core_2.13-2.13.5.2.jar (176 kB at 338 kB/s)
2026.06.27 08:47:53 INFO  Downloading from central: https://repo.maven.apache.org/maven2/org/scala-sbt/zinc-core_2.13/1.8.0/zinc-core_2.13-1.8.0.jar
2026.06.27 08:47:53 INFO  Progress (3): 50/216 kB | 0.3/6.3 MB | 3.2/53 kB
2026.06.27 08:47:53 INFO  Progress (3): 50/216 kB | 0.3/6.3 MB | 7.4/53 kB
2026.06.27 08:47:53 INFO  Progress (3): 50/216 kB | 0.3/6.3 MB | 12/53 kB 
2026.06.27 08:47:53 INFO  Progress (3): 50/216 kB | 0.3/6.3 MB | 16/53 kB
2026.06.27 08:47:53 INFO  Progress (3): 50/216 kB | 0.3/6.3 MB | 20/53 kB
2026.06.27 08:47:53 INFO  Progress (4): 50/216 kB | 0.3/6.3 MB | 20/53 kB | 0.9/85 kB
2026.06.27 08:47:53 INFO  Progress (4): 54/216 kB | 0.3/6.3 MB | 20/53 kB | 0.9/85 kB
2026.06.27 08:47:53 INFO  Progress (4): 54/216 kB | 0.4/6.3 MB | 20/53 kB | 0.9/85 kB
2026.06.27 08:47:53 INFO  Progress (4): 54/216 kB | 0.4/6.3 MB | 20/53 kB | 2.3/85 kB
2026.06.27 08:47:53 INFO  Progress (4): 54/216 kB | 0.4/6.3 MB | 20/53 kB | 3.6/85 kB
2026.06.27 08:47:53 INFO  Progress (4): 54/216 kB | 0.4/6.3 MB | 24/53 kB | 3.6/85 kB
2026.06.27 08:47:53 INFO  Progress (4): 54/216 kB | 0.4/6.3 MB | 24/53 kB | 5.0/85 kB
2026.06.27 08:47:53 INFO  Progress (4): 58/216 kB | 0.4/6.3 MB | 24/53 kB | 5.0/85 kB
2026.06.27 08:47:53 INFO  Progress (4): 58/216 kB | 0.4/6.3 MB | 29/53 kB | 5.0/85 kB
2026.06.27 08:47:53 INFO  Progress (4): 58/216 kB | 0.4/6.3 MB | 29/53 kB | 6.4/85 kB
2026.06.27 08:47:53 INFO  Progress (4): 58/216 kB | 0.4/6.3 MB | 29/53 kB | 7.7/85 kB
2026.06.27 08:47:53 INFO  Progress (4): 63/216 kB | 0.4/6.3 MB | 29/53 kB | 7.7/85 kB
2026.06.27 08:47:53 INFO  Progress (4): 63/216 kB | 0.4/6.3 MB | 29/53 kB | 7.7/85 kB
2026.06.27 08:47:53 INFO  Progress (4): 63/216 kB | 0.4/6.3 MB | 29/53 kB | 7.7/85 kB
2026.06.27 08:47:53 INFO  Progress (4): 63/216 kB | 0.4/6.3 MB | 29/53 kB | 7.7/85 kB
2026.06.27 08:47:53 INFO  Progress (4): 63/216 kB | 0.4/6.3 MB | 29/53 kB | 7.7/85 kB
2026.06.27 08:47:53 INFO  Progress (4): 63/216 kB | 0.4/6.3 MB | 29/53 kB | 7.7/85 kB
2026.06.27 08:47:53 INFO  Progress (4): 63/216 kB | 0.4/6.3 MB | 29/53 kB | 7.7/85 kB
2026.06.27 08:47:53 INFO  Progress (4): 63/216 kB | 0.5/6.3 MB | 29/53 kB | 7.7/85 kB
2026.06.27 08:47:53 INFO  Progress (4): 63/216 kB | 0.5/6.3 MB | 29/53 kB | 7.7/85 kB
2026.06.27 08:47:53 INFO  Progress (4): 63/216 kB | 0.5/6.3 MB | 29/53 kB | 7.7/85 kB
2026.06.27 08:47:53 INFO  Progress (4): 63/216 kB | 0.5/6.3 MB | 29/53 kB | 7.7/85 kB
2026.06.27 08:47:53 INFO  Progress (4): 63/216 kB | 0.5/6.3 MB | 29/53 kB | 9.1/85 kB
2026.06.27 08:47:53 INFO  Progress (4): 63/216 kB | 0.5/6.3 MB | 29/53 kB | 9.1/85 kB
2026.06.27 08:47:53 INFO  Progress (4): 63/216 kB | 0.5/6.3 MB | 29/53 kB | 10/85 kB 
2026.06.27 08:47:53 INFO  Progress (4): 63/216 kB | 0.5/6.3 MB | 29/53 kB | 12/85 kB
2026.06.27 08:47:53 INFO  Progress (4): 63/216 kB | 0.5/6.3 MB | 33/53 kB | 12/85 kB
2026.06.27 08:47:53 INFO  Progress (4): 63/216 kB | 0.5/6.3 MB | 33/53 kB | 13/85 kB
2026.06.27 08:47:53 INFO  Progress (4): 63/216 kB | 0.5/6.3 MB | 33/53 kB | 15/85 kB
2026.06.27 08:47:53 INFO  Progress (4): 63/216 kB | 0.5/6.3 MB | 37/53 kB | 15/85 kB
2026.06.27 08:47:53 INFO  Progress (4): 63/216 kB | 0.5/6.3 MB | 37/53 kB | 15/85 kB
2026.06.27 08:47:53 INFO  Progress (4): 63/216 kB | 0.6/6.3 MB | 37/53 kB | 15/85 kB
2026.06.27 08:47:53 INFO  Progress (4): 63/216 kB | 0.6/6.3 MB | 37/53 kB | 15/85 kB
2026.06.27 08:47:53 INFO  Progress (4): 63/216 kB | 0.6/6.3 MB | 37/53 kB | 15/85 kB
2026.06.27 08:47:53 INFO  Progress (4): 63/216 kB | 0.6/6.3 MB | 37/53 kB | 15/85 kB
2026.06.27 08:47:53 INFO  Progress (4): 63/216 kB | 0.6/6.3 MB | 37/53 kB | 15/85 kB
2026.06.27 08:47:53 INFO  Progress (4): 63/216 kB | 0.6/6.3 MB | 37/53 kB | 15/85 kB
2026.06.27 08:47:53 INFO  Progress (4): 63/216 kB | 0.7/6.3 MB | 37/53 kB | 15/85 kB
2026.06.27 08:47:53 INFO  Progress (4): 63/216 kB | 0.7/6.3 MB | 37/53 kB | 15/85 kB
2026.06.27 08:47:53 INFO  Progress (4): 63/216 kB | 0.7/6.3 MB | 37/53 kB | 15/85 kB
2026.06.27 08:47:53 INFO  Progress (4): 63/216 kB | 0.7/6.3 MB | 37/53 kB | 15/85 kB
2026.06.27 08:47:53 INFO  Progress (4): 63/216 kB | 0.7/6.3 MB | 37/53 kB | 16/85 kB
2026.06.27 08:47:53 INFO  Progress (4): 63/216 kB | 0.7/6.3 MB | 41/53 kB | 16/85 kB
2026.06.27 08:47:53 INFO  Progress (4): 63/216 kB | 0.7/6.3 MB | 41/53 kB | 16/85 kB
2026.06.27 08:47:53 INFO  Progress (4): 63/216 kB | 0.7/6.3 MB | 41/53 kB | 17/85 kB
2026.06.27 08:47:53 INFO  Progress (4): 63/216 kB | 0.7/6.3 MB | 41/53 kB | 19/85 kB
2026.06.27 08:47:53 INFO  Progress (4): 63/216 kB | 0.7/6.3 MB | 45/53 kB | 19/85 kB
2026.06.27 08:47:53 INFO  Progress (4): 63/216 kB | 0.7/6.3 MB | 45/53 kB | 20/85 kB
2026.06.27 08:47:53 INFO  Progress (4): 63/216 kB | 0.7/6.3 MB | 45/53 kB | 20/85 kB
2026.06.27 08:47:53 INFO  Progress (4): 63/216 kB | 0.7/6.3 MB | 45/53 kB | 21/85 kB
2026.06.27 08:47:53 INFO  Progress (4): 63/216 kB | 0.7/6.3 MB | 45/53 kB | 23/85 kB
2026.06.27 08:47:53 INFO  Progress (4): 63/216 kB | 0.7/6.3 MB | 45/53 kB | 24/85 kB
2026.06.27 08:47:53 INFO  Progress (4): 63/216 kB | 0.7/6.3 MB | 45/53 kB | 26/85 kB
2026.06.27 08:47:53 INFO  Progress (4): 63/216 kB | 0.7/6.3 MB | 45/53 kB | 27/85 kB
2026.06.27 08:47:53 INFO  Progress (4): 67/216 kB | 0.7/6.3 MB | 45/53 kB | 27/85 kB
2026.06.27 08:47:53 INFO  Progress (4): 67/216 kB | 0.8/6.3 MB | 45/53 kB | 27/85 kB
2026.06.27 08:47:53 INFO  Progress (4): 71/216 kB | 0.8/6.3 MB | 45/53 kB | 27/85 kB
2026.06.27 08:47:53 INFO  Progress (4): 71/216 kB | 0.8/6.3 MB | 45/53 kB | 27/85 kB
2026.06.27 08:47:53 INFO  Progress (4): 71/216 kB | 0.8/6.3 MB | 45/53 kB | 27/85 kB
2026.06.27 08:47:53 INFO  Progress (4): 71/216 kB | 0.8/6.3 MB | 45/53 kB | 27/85 kB
2026.06.27 08:47:53 INFO  Progress (4): 71/216 kB | 0.8/6.3 MB | 45/53 kB | 27/85 kB
2026.06.27 08:47:53 INFO  Progress (4): 71/216 kB | 0.8/6.3 MB | 45/53 kB | 28/85 kB
2026.06.27 08:47:53 INFO  Progress (4): 71/216 kB | 0.8/6.3 MB | 50/53 kB | 28/85 kB
2026.06.27 08:47:53 INFO  Progress (4): 71/216 kB | 0.8/6.3 MB | 50/53 kB | 30/85 kB
2026.06.27 08:47:53 INFO  Progress (4): 71/216 kB | 0.8/6.3 MB | 50/53 kB | 30/85 kB
2026.06.27 08:47:53 INFO  Progress (4): 71/216 kB | 0.8/6.3 MB | 53 kB | 30/85 kB   
2026.06.27 08:47:53 INFO  Progress (4): 71/216 kB | 0.9/6.3 MB | 53 kB | 30/85 kB
2026.06.27 08:47:53 INFO  Progress (4): 71/216 kB | 0.9/6.3 MB | 53 kB | 30/85 kB
2026.06.27 08:47:53 INFO  Progress (4): 75/216 kB | 0.9/6.3 MB | 53 kB | 30/85 kB
2026.06.27 08:47:53 INFO  Progress (4): 80/216 kB | 0.9/6.3 MB | 53 kB | 30/85 kB
2026.06.27 08:47:53 INFO  Progress (4): 84/216 kB | 0.9/6.3 MB | 53 kB | 30/85 kB
2026.06.27 08:47:53 INFO  Progress (4): 84/216 kB | 0.9/6.3 MB | 53 kB | 30/85 kB
2026.06.27 08:47:53 INFO  Progress (4): 88/216 kB | 0.9/6.3 MB | 53 kB | 30/85 kB
2026.06.27 08:47:53 INFO  Progress (4): 92/216 kB | 0.9/6.3 MB | 53 kB | 30/85 kB
2026.06.27 08:47:53 INFO  Progress (4): 92/216 kB | 0.9/6.3 MB | 53 kB | 30/85 kB
2026.06.27 08:47:53 INFO  Progress (4): 92/216 kB | 0.9/6.3 MB | 53 kB | 30/85 kB
2026.06.27 08:47:53 INFO  Progress (4): 92/216 kB | 0.9/6.3 MB | 53 kB | 30/85 kB
2026.06.27 08:47:53 INFO  Progress (4): 92/216 kB | 1.0/6.3 MB | 53 kB | 30/85 kB
2026.06.27 08:47:53 INFO  Progress (4): 92/216 kB | 1.0/6.3 MB | 53 kB | 30/85 kB
2026.06.27 08:47:53 INFO  Progress (4): 92/216 kB | 1.0/6.3 MB | 53 kB | 30/85 kB
2026.06.27 08:47:53 INFO  Progress (4): 92/216 kB | 1.0/6.3 MB | 53 kB | 30/85 kB
2026.06.27 08:47:53 INFO  Progress (4): 92/216 kB | 1.0/6.3 MB | 53 kB | 30/85 kB
2026.06.27 08:47:53 INFO  Progress (4): 92/216 kB | 1.0/6.3 MB | 53 kB | 30/85 kB
2026.06.27 08:47:53 INFO  Progress (4): 92/216 kB | 1.0/6.3 MB | 53 kB | 30/85 kB
2026.06.27 08:47:53 INFO  Progress (4): 92/216 kB | 1.1/6.3 MB | 53 kB | 30/85 kB
2026.06.27 08:47:53 INFO  Progress (4): 92/216 kB | 1.1/6.3 MB | 53 kB | 30/85 kB
2026.06.27 08:47:53 INFO  Progress (4): 92/216 kB | 1.1/6.3 MB | 53 kB | 30/85 kB
2026.06.27 08:47:53 INFO  Progress (4): 92/216 kB | 1.1/6.3 MB | 53 kB | 30/85 kB
2026.06.27 08:47:53 INFO  Progress (4): 92/216 kB | 1.1/6.3 MB | 53 kB | 30/85 kB
2026.06.27 08:47:53 INFO  Progress (4): 92/216 kB | 1.1/6.3 MB | 53 kB | 30/85 kB
2026.06.27 08:47:53 INFO  Progress (4): 92/216 kB | 1.2/6.3 MB | 53 kB | 30/85 kB
2026.06.27 08:47:53 INFO  Progress (4): 92/216 kB | 1.2/6.3 MB | 53 kB | 30/85 kB
2026.06.27 08:47:53 INFO  Progress (4): 92/216 kB | 1.2/6.3 MB | 53 kB | 30/85 kB
2026.06.27 08:47:53 INFO  Progress (4): 92/216 kB | 1.2/6.3 MB | 53 kB | 30/85 kB
2026.06.27 08:47:53 INFO  Progress (4): 92/216 kB | 1.2/6.3 MB | 53 kB | 30/85 kB
2026.06.27 08:47:53 INFO  Progress (4): 92/216 kB | 1.2/6.3 MB | 53 kB | 30/85 kB
2026.06.27 08:47:53 INFO  Progress (4): 92/216 kB | 1.3/6.3 MB | 53 kB | 30/85 kB
2026.06.27 08:47:53 INFO  Progress (4): 92/216 kB | 1.3/6.3 MB | 53 kB | 30/85 kB
2026.06.27 08:47:53 INFO  Progress (4): 92/216 kB | 1.3/6.3 MB | 53 kB | 30/85 kB
2026.06.27 08:47:53 INFO  Progress (4): 92/216 kB | 1.3/6.3 MB | 53 kB | 30/85 kB
2026.06.27 08:47:53 INFO  Progress (4): 92/216 kB | 1.3/6.3 MB | 53 kB | 30/85 kB
2026.06.27 08:47:53 INFO  Progress (4): 92/216 kB | 1.3/6.3 MB | 53 kB | 30/85 kB
2026.06.27 08:47:53 INFO  Progress (4): 92/216 kB | 1.4/6.3 MB | 53 kB | 30/85 kB
2026.06.27 08:47:53 INFO  Progress (4): 92/216 kB | 1.4/6.3 MB | 53 kB | 30/85 kB
2026.06.27 08:47:53 INFO  Progress (4): 92/216 kB | 1.4/6.3 MB | 53 kB | 30/85 kB
2026.06.27 08:47:53 INFO  Progress (4): 92/216 kB | 1.4/6.3 MB | 53 kB | 30/85 kB
2026.06.27 08:47:53 INFO  Progress (4): 92/216 kB | 1.4/6.3 MB | 53 kB | 31/85 kB
2026.06.27 08:47:53 INFO  Progress (4): 92/216 kB | 1.4/6.3 MB | 53 kB | 31/85 kB
2026.06.27 08:47:53 INFO  Progress (4): 92/216 kB | 1.4/6.3 MB | 53 kB | 32/85 kB
2026.06.27 08:47:53 INFO  Progress (4): 92/216 kB | 1.4/6.3 MB | 53 kB | 34/85 kB
2026.06.27 08:47:53 INFO  Progress (4): 92/216 kB | 1.4/6.3 MB | 53 kB | 35/85 kB
2026.06.27 08:47:53 INFO  Progress (4): 92/216 kB | 1.4/6.3 MB | 53 kB | 35/85 kB
2026.06.27 08:47:53 INFO  Progress (4): 92/216 kB | 1.4/6.3 MB | 53 kB | 36/85 kB
2026.06.27 08:47:53 INFO  Progress (4): 92/216 kB | 1.4/6.3 MB | 53 kB | 38/85 kB
2026.06.27 08:47:53 INFO  Progress (4): 92/216 kB | 1.5/6.3 MB | 53 kB | 38/85 kB
2026.06.27 08:47:53 INFO                                                         
2026.06.27 08:47:53 INFO  Downloaded from central: https://repo.maven.apache.org/maven2/org/codehaus/plexus/plexus-classworlds/2.7.0/plexus-classworlds-2.7.0.jar (53 kB at 85 kB/s)
2026.06.27 08:47:53 INFO  Downloading from central: https://repo.maven.apache.org/maven2/org/scala-sbt/zinc-apiinfo_2.13/1.8.0/zinc-apiinfo_2.13-1.8.0.jar
2026.06.27 08:47:53 INFO  Progress (3): 92/216 kB | 1.5/6.3 MB | 38/85 kB
2026.06.27 08:47:53 INFO  Progress (3): 92/216 kB | 1.5/6.3 MB | 39/85 kB
2026.06.27 08:47:53 INFO  Progress (3): 92/216 kB | 1.5/6.3 MB | 43/85 kB
2026.06.27 08:47:53 INFO  Progress (3): 92/216 kB | 1.5/6.3 MB | 43/85 kB
2026.06.27 08:47:53 INFO  Progress (3): 92/216 kB | 1.5/6.3 MB | 43/85 kB
2026.06.27 08:47:53 INFO  Progress (3): 92/216 kB | 1.5/6.3 MB | 43/85 kB
2026.06.27 08:47:53 INFO  Progress (3): 92/216 kB | 1.5/6.3 MB | 43/85 kB
2026.06.27 08:47:53 INFO  Progress (3): 92/216 kB | 1.6/6.3 MB | 43/85 kB
2026.06.27 08:47:53 INFO  Progress (3): 92/216 kB | 1.6/6.3 MB | 43/85 kB
2026.06.27 08:47:53 INFO  Progress (3): 92/216 kB | 1.6/6.3 MB | 43/85 kB
2026.06.27 08:47:53 INFO  Progress (3): 92/216 kB | 1.6/6.3 MB | 43/85 kB
2026.06.27 08:47:53 INFO  Progress (3): 92/216 kB | 1.6/6.3 MB | 43/85 kB
2026.06.27 08:47:53 INFO  Progress (3): 92/216 kB | 1.6/6.3 MB | 43/85 kB
2026.06.27 08:47:53 INFO  Progress (3): 92/216 kB | 1.6/6.3 MB | 43/85 kB
2026.06.27 08:47:53 INFO  Progress (3): 92/216 kB | 1.7/6.3 MB | 43/85 kB
2026.06.27 08:47:53 INFO  Progress (3): 92/216 kB | 1.7/6.3 MB | 43/85 kB
2026.06.27 08:47:53 INFO  Progress (3): 92/216 kB | 1.7/6.3 MB | 43/85 kB
2026.06.27 08:47:53 INFO  Progress (3): 92/216 kB | 1.7/6.3 MB | 43/85 kB
2026.06.27 08:47:53 INFO  Progress (3): 92/216 kB | 1.7/6.3 MB | 43/85 kB
2026.06.27 08:47:53 INFO  Progress (3): 92/216 kB | 1.7/6.3 MB | 43/85 kB
2026.06.27 08:47:53 INFO  Progress (3): 92/216 kB | 1.8/6.3 MB | 43/85 kB
2026.06.27 08:47:53 INFO  Progress (3): 92/216 kB | 1.8/6.3 MB | 43/85 kB
2026.06.27 08:47:53 INFO  Progress (3): 92/216 kB | 1.8/6.3 MB | 43/85 kB
2026.06.27 08:47:53 INFO  Progress (3): 92/216 kB | 1.8/6.3 MB | 43/85 kB
2026.06.27 08:47:53 INFO  Progress (3): 92/216 kB | 1.8/6.3 MB | 43/85 kB
2026.06.27 08:47:53 INFO  Progress (3): 92/216 kB | 1.8/6.3 MB | 43/85 kB
2026.06.27 08:47:53 INFO  Progress (3): 92/216 kB | 1.9/6.3 MB | 43/85 kB
2026.06.27 08:47:53 INFO  Progress (3): 92/216 kB | 1.9/6.3 MB | 43/85 kB
2026.06.27 08:47:53 INFO  Progress (3): 92/216 kB | 1.9/6.3 MB | 43/85 kB
2026.06.27 08:47:53 INFO  Progress (3): 92/216 kB | 1.9/6.3 MB | 43/85 kB
2026.06.27 08:47:53 INFO  Progress (3): 92/216 kB | 1.9/6.3 MB | 43/85 kB
2026.06.27 08:47:53 INFO  Progress (3): 92/216 kB | 1.9/6.3 MB | 43/85 kB
2026.06.27 08:47:53 INFO  Progress (3): 92/216 kB | 2.0/6.3 MB | 43/85 kB
2026.06.27 08:47:53 INFO  Progress (3): 92/216 kB | 2.0/6.3 MB | 43/85 kB
2026.06.27 08:47:53 INFO  Progress (3): 92/216 kB | 2.0/6.3 MB | 43/85 kB
2026.06.27 08:47:53 INFO  Progress (3): 92/216 kB | 2.0/6.3 MB | 43/85 kB
2026.06.27 08:47:53 INFO  Progress (3): 92/216 kB | 2.0/6.3 MB | 43/85 kB
2026.06.27 08:47:53 INFO  Progress (3): 92/216 kB | 2.0/6.3 MB | 48/85 kB
2026.06.27 08:47:53 INFO  Progress (3): 92/216 kB | 2.0/6.3 MB | 48/85 kB
2026.06.27 08:47:53 INFO  Progress (3): 92/216 kB | 2.0/6.3 MB | 48/85 kB
2026.06.27 08:47:53 INFO  Progress (3): 92/216 kB | 2.1/6.3 MB | 48/85 kB
2026.06.27 08:47:53 INFO  Progress (3): 92/216 kB | 2.1/6.3 MB | 48/85 kB
2026.06.27 08:47:53 INFO  Progress (3): 92/216 kB | 2.1/6.3 MB | 48/85 kB
2026.06.27 08:47:53 INFO  Progress (3): 92/216 kB | 2.1/6.3 MB | 48/85 kB
2026.06.27 08:47:53 INFO  Progress (3): 92/216 kB | 2.1/6.3 MB | 48/85 kB
2026.06.27 08:47:53 INFO  Progress (3): 92/216 kB | 2.1/6.3 MB | 48/85 kB
2026.06.27 08:47:53 INFO  Progress (3): 92/216 kB | 2.2/6.3 MB | 48/85 kB
2026.06.27 08:47:53 INFO  Progress (3): 92/216 kB | 2.2/6.3 MB | 48/85 kB
2026.06.27 08:47:53 INFO  Progress (3): 92/216 kB | 2.2/6.3 MB | 48/85 kB
2026.06.27 08:47:53 INFO  Progress (3): 92/216 kB | 2.2/6.3 MB | 48/85 kB
2026.06.27 08:47:53 INFO  Progress (3): 92/216 kB | 2.2/6.3 MB | 48/85 kB
2026.06.27 08:47:53 INFO  Progress (3): 92/216 kB | 2.2/6.3 MB | 48/85 kB
2026.06.27 08:47:53 INFO  Progress (3): 92/216 kB | 2.3/6.3 MB | 48/85 kB
2026.06.27 08:47:53 INFO  Progress (4): 92/216 kB | 2.3/6.3 MB | 48/85 kB | 3.8/490 kB
2026.06.27 08:47:53 INFO  Progress (4): 92/216 kB | 2.3/6.3 MB | 48/85 kB | 3.8/490 kB
2026.06.27 08:47:53 INFO  Progress (4): 92/216 kB | 2.3/6.3 MB | 48/85 kB | 8.0/490 kB
2026.06.27 08:47:53 INFO  Progress (4): 92/216 kB | 2.3/6.3 MB | 48/85 kB | 8.0/490 kB
2026.06.27 08:47:53 INFO  Progress (4): 92/216 kB | 2.3/6.3 MB | 48/85 kB | 8.0/490 kB
2026.06.27 08:47:53 INFO  Progress (4): 92/216 kB | 2.3/6.3 MB | 48/85 kB | 8.2/490 kB
2026.06.27 08:47:53 INFO  Progress (4): 92/216 kB | 2.3/6.3 MB | 48/85 kB | 8.2/490 kB
2026.06.27 08:47:53 INFO  Progress (4): 92/216 kB | 2.3/6.3 MB | 48/85 kB | 8.2/490 kB
2026.06.27 08:47:53 INFO  Progress (4): 92/216 kB | 2.4/6.3 MB | 48/85 kB | 8.2/490 kB
2026.06.27 08:47:53 INFO  Progress (4): 92/216 kB | 2.4/6.3 MB | 48/85 kB | 8.2/490 kB
2026.06.27 08:47:53 INFO  Progress (4): 92/216 kB | 2.4/6.3 MB | 48/85 kB | 8.2/490 kB
2026.06.27 08:47:53 INFO  Progress (4): 92/216 kB | 2.4/6.3 MB | 48/85 kB | 8.2/490 kB
2026.06.27 08:47:53 INFO  Progress (4): 92/216 kB | 2.4/6.3 MB | 48/85 kB | 8.2/490 kB
2026.06.27 08:47:53 INFO  Progress (4): 92/216 kB | 2.4/6.3 MB | 48/85 kB | 8.2/490 kB
2026.06.27 08:47:53 INFO  Progress (4): 92/216 kB | 2.5/6.3 MB | 48/85 kB | 8.2/490 kB
2026.06.27 08:47:53 INFO  Progress (4): 92/216 kB | 2.5/6.3 MB | 48/85 kB | 8.2/490 kB
2026.06.27 08:47:53 INFO  Progress (4): 92/216 kB | 2.5/6.3 MB | 48/85 kB | 8.2/490 kB
2026.06.27 08:47:53 INFO  Progress (4): 92/216 kB | 2.5/6.3 MB | 48/85 kB | 8.2/490 kB
2026.06.27 08:47:53 INFO  Progress (4): 92/216 kB | 2.5/6.3 MB | 48/85 kB | 8.2/490 kB
2026.06.27 08:47:53 INFO  Progress (4): 92/216 kB | 2.5/6.3 MB | 48/85 kB | 8.2/490 kB
2026.06.27 08:47:53 INFO  Progress (4): 92/216 kB | 2.6/6.3 MB | 48/85 kB | 8.2/490 kB
2026.06.27 08:47:53 INFO  Progress (4): 92/216 kB | 2.6/6.3 MB | 48/85 kB | 8.2/490 kB
2026.06.27 08:47:53 INFO  Progress (4): 92/216 kB | 2.6/6.3 MB | 48/85 kB | 8.2/490 kB
2026.06.27 08:47:53 INFO  Progress (4): 92/216 kB | 2.6/6.3 MB | 48/85 kB | 8.2/490 kB
2026.06.27 08:47:53 INFO  Progress (4): 92/216 kB | 2.6/6.3 MB | 48/85 kB | 8.2/490 kB
2026.06.27 08:47:53 INFO  Progress (4): 92/216 kB | 2.6/6.3 MB | 48/85 kB | 8.2/490 kB
2026.06.27 08:47:53 INFO  Progress (4): 92/216 kB | 2.7/6.3 MB | 48/85 kB | 8.2/490 kB
2026.06.27 08:47:53 INFO  Progress (4): 92/216 kB | 2.7/6.3 MB | 48/85 kB | 8.2/490 kB
2026.06.27 08:47:53 INFO  Progress (4): 92/216 kB | 2.7/6.3 MB | 48/85 kB | 8.2/490 kB
2026.06.27 08:47:53 INFO  Progress (4): 92/216 kB | 2.7/6.3 MB | 48/85 kB | 8.2/490 kB
2026.06.27 08:47:53 INFO  Progress (4): 92/216 kB | 2.7/6.3 MB | 48/85 kB | 8.2/490 kB
2026.06.27 08:47:53 INFO  Progress (4): 92/216 kB | 2.7/6.3 MB | 48/85 kB | 8.2/490 kB
2026.06.27 08:47:53 INFO  Progress (4): 92/216 kB | 2.8/6.3 MB | 48/85 kB | 8.2/490 kB
2026.06.27 08:47:53 INFO  Progress (4): 92/216 kB | 2.8/6.3 MB | 48/85 kB | 8.2/490 kB
2026.06.27 08:47:53 INFO  Progress (4): 92/216 kB | 2.8/6.3 MB | 48/85 kB | 8.2/490 kB
2026.06.27 08:47:53 INFO  Progress (4): 92/216 kB | 2.8/6.3 MB | 48/85 kB | 8.2/490 kB
2026.06.27 08:47:53 INFO  Progress (4): 92/216 kB | 2.8/6.3 MB | 48/85 kB | 8.2/490 kB
2026.06.27 08:47:53 INFO  Progress (4): 92/216 kB | 2.8/6.3 MB | 48/85 kB | 8.2/490 kB
2026.06.27 08:47:53 INFO  Progress (4): 92/216 kB | 2.8/6.3 MB | 48/85 kB | 8.2/490 kB
2026.06.27 08:47:53 INFO  Progress (4): 92/216 kB | 2.9/6.3 MB | 48/85 kB | 8.2/490 kB
2026.06.27 08:47:53 INFO  Progress (4): 92/216 kB | 2.9/6.3 MB | 48/85 kB | 8.2/490 kB
2026.06.27 08:47:53 INFO  Progress (4): 92/216 kB | 2.9/6.3 MB | 48/85 kB | 8.2/490 kB
2026.06.27 08:47:53 INFO  Progress (4): 92/216 kB | 2.9/6.3 MB | 48/85 kB | 8.2/490 kB
2026.06.27 08:47:53 INFO  Progress (4): 92/216 kB | 2.9/6.3 MB | 48/85 kB | 8.2/490 kB
2026.06.27 08:47:53 INFO  Progress (4): 92/216 kB | 2.9/6.3 MB | 48/85 kB | 8.2/490 kB
2026.06.27 08:47:53 INFO  Progress (4): 92/216 kB | 3.0/6.3 MB | 48/85 kB | 8.2/490 kB
2026.06.27 08:47:53 INFO  Progress (4): 92/216 kB | 3.0/6.3 MB | 48/85 kB | 8.2/490 kB
2026.06.27 08:47:53 INFO  Progress (4): 92/216 kB | 3.0/6.3 MB | 48/85 kB | 8.2/490 kB
2026.06.27 08:47:53 INFO  Progress (4): 92/216 kB | 3.0/6.3 MB | 48/85 kB | 8.2/490 kB
2026.06.27 08:47:53 INFO  Progress (4): 92/216 kB | 3.0/6.3 MB | 48/85 kB | 8.2/490 kB
2026.06.27 08:47:53 INFO  Progress (4): 92/216 kB | 3.0/6.3 MB | 48/85 kB | 8.2/490 kB
2026.06.27 08:47:53 INFO  Progress (4): 92/216 kB | 3.1/6.3 MB | 48/85 kB | 8.2/490 kB
2026.06.27 08:47:53 INFO  Progress (4): 92/216 kB | 3.1/6.3 MB | 48/85 kB | 8.2/490 kB
2026.06.27 08:47:53 INFO  Progress (4): 92/216 kB | 3.1/6.3 MB | 48/85 kB | 8.2/490 kB
2026.06.27 08:47:53 INFO  Progress (4): 92/216 kB | 3.1/6.3 MB | 48/85 kB | 8.2/490 kB
2026.06.27 08:47:53 INFO  Progress (4): 92/216 kB | 3.1/6.3 MB | 48/85 kB | 8.2/490 kB
2026.06.27 08:47:53 INFO  Progress (4): 92/216 kB | 3.1/6.3 MB | 48/85 kB | 8.2/490 kB
2026.06.27 08:47:53 INFO  Progress (4): 92/216 kB | 3.2/6.3 MB | 48/85 kB | 8.2/490 kB
2026.06.27 08:47:53 INFO  Progress (4): 92/216 kB | 3.2/6.3 MB | 48/85 kB | 8.2/490 kB
2026.06.27 08:47:53 INFO  Progress (4): 92/216 kB | 3.2/6.3 MB | 48/85 kB | 8.2/490 kB
2026.06.27 08:47:53 INFO  Progress (4): 92/216 kB | 3.2/6.3 MB | 48/85 kB | 8.2/490 kB
2026.06.27 08:47:53 INFO  Progress (4): 92/216 kB | 3.2/6.3 MB | 48/85 kB | 8.2/490 kB
2026.06.27 08:47:53 INFO  Progress (4): 92/216 kB | 3.2/6.3 MB | 48/85 kB | 12/490 kB 
2026.06.27 08:47:53 INFO  Progress (4): 92/216 kB | 3.2/6.3 MB | 48/85 kB | 12/490 kB
2026.06.27 08:47:53 INFO  Progress (4): 92/216 kB | 3.3/6.3 MB | 48/85 kB | 12/490 kB
2026.06.27 08:47:53 INFO  Progress (4): 92/216 kB | 3.3/6.3 MB | 48/85 kB | 12/490 kB
2026.06.27 08:47:53 INFO  Progress (4): 92/216 kB | 3.3/6.3 MB | 48/85 kB | 12/490 kB
2026.06.27 08:47:53 INFO  Progress (4): 92/216 kB | 3.3/6.3 MB | 48/85 kB | 12/490 kB
2026.06.27 08:47:53 INFO  Progress (4): 92/216 kB | 3.3/6.3 MB | 48/85 kB | 12/490 kB
2026.06.27 08:47:53 INFO  Progress (4): 92/216 kB | 3.3/6.3 MB | 48/85 kB | 12/490 kB
2026.06.27 08:47:53 INFO  Progress (4): 92/216 kB | 3.4/6.3 MB | 48/85 kB | 12/490 kB
2026.06.27 08:47:53 INFO  Progress (4): 92/216 kB | 3.4/6.3 MB | 48/85 kB | 12/490 kB
2026.06.27 08:47:53 INFO  Progress (4): 92/216 kB | 3.4/6.3 MB | 48/85 kB | 12/490 kB
2026.06.27 08:47:53 INFO  Progress (4): 92/216 kB | 3.4/6.3 MB | 48/85 kB | 12/490 kB
2026.06.27 08:47:53 INFO  Progress (4): 92/216 kB | 3.4/6.3 MB | 48/85 kB | 12/490 kB
2026.06.27 08:47:53 INFO  Progress (4): 92/216 kB | 3.4/6.3 MB | 48/85 kB | 12/490 kB
2026.06.27 08:47:53 INFO  Progress (4): 92/216 kB | 3.4/6.3 MB | 48/85 kB | 17/490 kB
2026.06.27 08:47:53 INFO  Progress (4): 92/216 kB | 3.5/6.3 MB | 48/85 kB | 17/490 kB
2026.06.27 08:47:53 INFO  Progress (4): 92/216 kB | 3.5/6.3 MB | 48/85 kB | 17/490 kB
2026.06.27 08:47:53 INFO  Progress (4): 92/216 kB | 3.5/6.3 MB | 48/85 kB | 17/490 kB
2026.06.27 08:47:53 INFO  Progress (4): 92/216 kB | 3.5/6.3 MB | 48/85 kB | 17/490 kB
2026.06.27 08:47:53 INFO  Progress (4): 92/216 kB | 3.5/6.3 MB | 48/85 kB | 17/490 kB
2026.06.27 08:47:53 INFO  Progress (4): 92/216 kB | 3.5/6.3 MB | 48/85 kB | 17/490 kB
2026.06.27 08:47:53 INFO  Progress (4): 92/216 kB | 3.6/6.3 MB | 48/85 kB | 17/490 kB
2026.06.27 08:47:53 INFO  Progress (4): 92/216 kB | 3.6/6.3 MB | 48/85 kB | 21/490 kB
2026.06.27 08:47:53 INFO  Progress (4): 92/216 kB | 3.6/6.3 MB | 48/85 kB | 21/490 kB
2026.06.27 08:47:53 INFO  Progress (4): 92/216 kB | 3.6/6.3 MB | 48/85 kB | 25/490 kB
2026.06.27 08:47:53 INFO  Progress (4): 92/216 kB | 3.6/6.3 MB | 48/85 kB | 29/490 kB
2026.06.27 08:47:53 INFO  Progress (4): 92/216 kB | 3.6/6.3 MB | 48/85 kB | 29/490 kB
2026.06.27 08:47:53 INFO  Progress (4): 92/216 kB | 3.6/6.3 MB | 48/85 kB | 34/490 kB
2026.06.27 08:47:53 INFO  Progress (4): 92/216 kB | 3.6/6.3 MB | 48/85 kB | 38/490 kB
2026.06.27 08:47:53 INFO  Progress (4): 92/216 kB | 3.6/6.3 MB | 48/85 kB | 38/490 kB
2026.06.27 08:47:53 INFO  Progress (4): 92/216 kB | 3.6/6.3 MB | 48/85 kB | 42/490 kB
2026.06.27 08:47:53 INFO  Progress (4): 92/216 kB | 3.6/6.3 MB | 48/85 kB | 57/490 kB
2026.06.27 08:47:53 INFO  Progress (4): 92/216 kB | 3.6/6.3 MB | 48/85 kB | 57/490 kB
2026.06.27 08:47:53 INFO  Progress (4): 92/216 kB | 3.6/6.3 MB | 48/85 kB | 57/490 kB
2026.06.27 08:47:53 INFO  Progress (4): 92/216 kB | 3.6/6.3 MB | 48/85 kB | 74/490 kB
2026.06.27 08:47:53 INFO  Progress (4): 92/216 kB | 3.7/6.3 MB | 48/85 kB | 74/490 kB
2026.06.27 08:47:53 INFO  Progress (4): 92/216 kB | 3.7/6.3 MB | 48/85 kB | 74/490 kB
2026.06.27 08:47:53 INFO  Progress (4): 92/216 kB | 3.7/6.3 MB | 48/85 kB | 74/490 kB
2026.06.27 08:47:53 INFO  Progress (4): 92/216 kB | 3.7/6.3 MB | 48/85 kB | 74/490 kB
2026.06.27 08:47:53 INFO  Progress (4): 92/216 kB | 3.7/6.3 MB | 48/85 kB | 74/490 kB
2026.06.27 08:47:53 INFO  Progress (4): 92/216 kB | 3.7/6.3 MB | 48/85 kB | 74/490 kB
2026.06.27 08:47:53 INFO  Progress (4): 92/216 kB | 3.8/6.3 MB | 48/85 kB | 74/490 kB
2026.06.27 08:47:53 INFO  Progress (4): 92/216 kB | 3.8/6.3 MB | 48/85 kB | 74/490 kB
2026.06.27 08:47:53 INFO  Progress (4): 92/216 kB | 3.8/6.3 MB | 48/85 kB | 74/490 kB
2026.06.27 08:47:53 INFO  Progress (4): 92/216 kB | 3.8/6.3 MB | 48/85 kB | 74/490 kB
2026.06.27 08:47:53 INFO  Progress (4): 96/216 kB | 3.8/6.3 MB | 48/85 kB | 74/490 kB
2026.06.27 08:47:53 INFO  Progress (4): 96/216 kB | 3.8/6.3 MB | 48/85 kB | 74/490 kB
2026.06.27 08:47:53 INFO  Progress (4): 101/216 kB | 3.8/6.3 MB | 48/85 kB | 74/490 kB
2026.06.27 08:47:53 INFO  Progress (4): 105/216 kB | 3.8/6.3 MB | 48/85 kB | 74/490 kB
2026.06.27 08:47:53 INFO  Progress (4): 105/216 kB | 3.8/6.3 MB | 48/85 kB | 74/490 kB
2026.06.27 08:47:53 INFO  Progress (4): 109/216 kB | 3.8/6.3 MB | 48/85 kB | 74/490 kB
2026.06.27 08:47:53 INFO  Progress (4): 113/216 kB | 3.8/6.3 MB | 48/85 kB | 74/490 kB
2026.06.27 08:47:53 INFO  Progress (4): 118/216 kB | 3.8/6.3 MB | 48/85 kB | 74/490 kB
2026.06.27 08:47:53 INFO  Progress (4): 118/216 kB | 3.8/6.3 MB | 48/85 kB | 90/490 kB
2026.06.27 08:47:53 INFO  Progress (4): 118/216 kB | 3.8/6.3 MB | 48/85 kB | 90/490 kB
2026.06.27 08:47:53 INFO  Progress (4): 122/216 kB | 3.8/6.3 MB | 48/85 kB | 90/490 kB
2026.06.27 08:47:53 INFO  Progress (4): 126/216 kB | 3.8/6.3 MB | 48/85 kB | 90/490 kB
2026.06.27 08:47:53 INFO  Progress (4): 130/216 kB | 3.8/6.3 MB | 48/85 kB | 90/490 kB
2026.06.27 08:47:53 INFO  Progress (4): 131/216 kB | 3.8/6.3 MB | 48/85 kB | 90/490 kB
2026.06.27 08:47:53 INFO  Progress (4): 131/216 kB | 3.9/6.3 MB | 48/85 kB | 90/490 kB
2026.06.27 08:47:53 INFO  Progress (4): 135/216 kB | 3.9/6.3 MB | 48/85 kB | 90/490 kB
2026.06.27 08:47:53 INFO  Progress (4): 139/216 kB | 3.9/6.3 MB | 48/85 kB | 90/490 kB
2026.06.27 08:47:53 INFO  Progress (4): 139/216 kB | 3.9/6.3 MB | 48/85 kB | 90/490 kB
2026.06.27 08:47:53 INFO  Progress (4): 143/216 kB | 3.9/6.3 MB | 48/85 kB | 90/490 kB
2026.06.27 08:47:53 INFO  Progress (4): 148/216 kB | 3.9/6.3 MB | 48/85 kB | 90/490 kB
2026.06.27 08:47:53 INFO  Progress (4): 152/216 kB | 3.9/6.3 MB | 48/85 kB | 90/490 kB
2026.06.27 08:47:53 INFO  Progress (4): 152/216 kB | 3.9/6.3 MB | 48/85 kB | 90/490 kB
2026.06.27 08:47:53 INFO  Progress (4): 156/216 kB | 3.9/6.3 MB | 48/85 kB | 90/490 kB
2026.06.27 08:47:53 INFO  Progress (4): 156/216 kB | 3.9/6.3 MB | 48/85 kB | 90/490 kB
2026.06.27 08:47:53 INFO  Progress (4): 156/216 kB | 3.9/6.3 MB | 48/85 kB | 90/490 kB
2026.06.27 08:47:53 INFO  Progress (4): 156/216 kB | 3.9/6.3 MB | 48/85 kB | 90/490 kB
2026.06.27 08:47:53 INFO  Progress (4): 156/216 kB | 4.0/6.3 MB | 48/85 kB | 90/490 kB
2026.06.27 08:47:53 INFO  Progress (4): 156/216 kB | 4.0/6.3 MB | 48/85 kB | 90/490 kB
2026.06.27 08:47:53 INFO  Progress (4): 156/216 kB | 4.0/6.3 MB | 48/85 kB | 90/490 kB
2026.06.27 08:47:53 INFO  Progress (4): 156/216 kB | 4.0/6.3 MB | 48/85 kB | 90/490 kB
2026.06.27 08:47:53 INFO  Progress (4): 156/216 kB | 4.0/6.3 MB | 48/85 kB | 90/490 kB
2026.06.27 08:47:53 INFO  Progress (4): 156/216 kB | 4.0/6.3 MB | 48/85 kB | 90/490 kB
2026.06.27 08:47:53 INFO  Progress (4): 156/216 kB | 4.1/6.3 MB | 48/85 kB | 90/490 kB
2026.06.27 08:47:53 INFO  Progress (4): 156/216 kB | 4.1/6.3 MB | 48/85 kB | 90/490 kB
2026.06.27 08:47:53 INFO  Progress (4): 156/216 kB | 4.1/6.3 MB | 48/85 kB | 90/490 kB
2026.06.27 08:47:53 INFO  Progress (4): 156/216 kB | 4.1/6.3 MB | 48/85 kB | 90/490 kB
2026.06.27 08:47:53 INFO  Progress (4): 160/216 kB | 4.1/6.3 MB | 48/85 kB | 90/490 kB
2026.06.27 08:47:53 INFO  Progress (4): 160/216 kB | 4.1/6.3 MB | 48/85 kB | 90/490 kB
2026.06.27 08:47:53 INFO  Progress (4): 160/216 kB | 4.1/6.3 MB | 48/85 kB | 90/490 kB
2026.06.27 08:47:53 INFO  Progress (4): 160/216 kB | 4.2/6.3 MB | 48/85 kB | 90/490 kB
2026.06.27 08:47:53 INFO  Progress (4): 160/216 kB | 4.2/6.3 MB | 48/85 kB | 90/490 kB
2026.06.27 08:47:53 INFO  Progress (4): 160/216 kB | 4.2/6.3 MB | 48/85 kB | 90/490 kB
2026.06.27 08:47:53 INFO  Progress (4): 160/216 kB | 4.2/6.3 MB | 48/85 kB | 90/490 kB
2026.06.27 08:47:53 INFO  Progress (4): 160/216 kB | 4.2/6.3 MB | 48/85 kB | 90/490 kB
2026.06.27 08:47:53 INFO  Progress (4): 160/216 kB | 4.2/6.3 MB | 48/85 kB | 90/490 kB
2026.06.27 08:47:53 INFO  Progress (4): 160/216 kB | 4.3/6.3 MB | 48/85 kB | 90/490 kB
2026.06.27 08:47:53 INFO  Progress (4): 160/216 kB | 4.3/6.3 MB | 48/85 kB | 90/490 kB
2026.06.27 08:47:53 INFO  Progress (4): 160/216 kB | 4.3/6.3 MB | 48/85 kB | 90/490 kB
2026.06.27 08:47:53 INFO  Progress (4): 160/216 kB | 4.3/6.3 MB | 48/85 kB | 106/490 kB
2026.06.27 08:47:53 INFO  Progress (4): 160/216 kB | 4.3/6.3 MB | 48/85 kB | 106/490 kB
2026.06.27 08:47:53 INFO  Progress (4): 160/216 kB | 4.3/6.3 MB | 48/85 kB | 106/490 kB
2026.06.27 08:47:53 INFO  Progress (4): 160/216 kB | 4.3/6.3 MB | 48/85 kB | 106/490 kB
2026.06.27 08:47:53 INFO  Progress (4): 160/216 kB | 4.4/6.3 MB | 48/85 kB | 106/490 kB
2026.06.27 08:47:53 INFO  Progress (4): 160/216 kB | 4.4/6.3 MB | 48/85 kB | 106/490 kB
2026.06.27 08:47:53 INFO  Progress (4): 160/216 kB | 4.4/6.3 MB | 48/85 kB | 106/490 kB
2026.06.27 08:47:53 INFO  Progress (4): 160/216 kB | 4.4/6.3 MB | 48/85 kB | 106/490 kB
2026.06.27 08:47:53 INFO  Progress (4): 160/216 kB | 4.4/6.3 MB | 48/85 kB | 106/490 kB
2026.06.27 08:47:53 INFO  Progress (4): 160/216 kB | 4.4/6.3 MB | 48/85 kB | 106/490 kB
2026.06.27 08:47:53 INFO  Progress (4): 160/216 kB | 4.5/6.3 MB | 48/85 kB | 106/490 kB
2026.06.27 08:47:53 INFO  Progress (4): 160/216 kB | 4.5/6.3 MB | 48/85 kB | 106/490 kB
2026.06.27 08:47:53 INFO  Progress (4): 160/216 kB | 4.5/6.3 MB | 48/85 kB | 106/490 kB
2026.06.27 08:47:53 INFO  Progress (4): 160/216 kB | 4.5/6.3 MB | 48/85 kB | 106/490 kB
2026.06.27 08:47:53 INFO  Progress (4): 160/216 kB | 4.5/6.3 MB | 48/85 kB | 106/490 kB
2026.06.27 08:47:53 INFO  Progress (4): 160/216 kB | 4.5/6.3 MB | 48/85 kB | 106/490 kB
2026.06.27 08:47:53 INFO  Progress (4): 160/216 kB | 4.6/6.3 MB | 48/85 kB | 106/490 kB
2026.06.27 08:47:53 INFO  Progress (4): 160/216 kB | 4.6/6.3 MB | 48/85 kB | 106/490 kB
2026.06.27 08:47:53 INFO  Progress (4): 160/216 kB | 4.6/6.3 MB | 48/85 kB | 106/490 kB
2026.06.27 08:47:53 INFO  Progress (4): 160/216 kB | 4.6/6.3 MB | 48/85 kB | 106/490 kB
2026.06.27 08:47:53 INFO  Progress (4): 160/216 kB | 4.6/6.3 MB | 48/85 kB | 106/490 kB
2026.06.27 08:47:53 INFO  Progress (4): 160/216 kB | 4.6/6.3 MB | 48/85 kB | 106/490 kB
2026.06.27 08:47:53 INFO  Progress (4): 160/216 kB | 4.7/6.3 MB | 48/85 kB | 106/490 kB
2026.06.27 08:47:53 INFO  Progress (4): 160/216 kB | 4.7/6.3 MB | 48/85 kB | 106/490 kB
2026.06.27 08:47:53 INFO  Progress (4): 160/216 kB | 4.7/6.3 MB | 48/85 kB | 106/490 kB
2026.06.27 08:47:53 INFO  Progress (4): 160/216 kB | 4.7/6.3 MB | 48/85 kB | 106/490 kB
2026.06.27 08:47:53 INFO  Progress (4): 160/216 kB | 4.7/6.3 MB | 48/85 kB | 106/490 kB
2026.06.27 08:47:53 INFO  Progress (4): 160/216 kB | 4.7/6.3 MB | 48/85 kB | 106/490 kB
2026.06.27 08:47:53 INFO  Progress (4): 165/216 kB | 4.7/6.3 MB | 48/85 kB | 106/490 kB
2026.06.27 08:47:53 INFO  Progress (4): 165/216 kB | 4.8/6.3 MB | 48/85 kB | 106/490 kB
2026.06.27 08:47:53 INFO  Progress (4): 169/216 kB | 4.8/6.3 MB | 48/85 kB | 106/490 kB
2026.06.27 08:47:53 INFO  Progress (4): 169/216 kB | 4.8/6.3 MB | 48/85 kB | 106/490 kB
2026.06.27 08:47:53 INFO  Progress (4): 169/216 kB | 4.8/6.3 MB | 48/85 kB | 106/490 kB
2026.06.27 08:47:53 INFO  Progress (4): 169/216 kB | 4.8/6.3 MB | 48/85 kB | 123/490 kB
2026.06.27 08:47:53 INFO  Progress (4): 169/216 kB | 4.8/6.3 MB | 48/85 kB | 123/490 kB
2026.06.27 08:47:53 INFO  Progress (4): 169/216 kB | 4.8/6.3 MB | 48/85 kB | 123/490 kB
2026.06.27 08:47:53 INFO  Progress (4): 169/216 kB | 4.8/6.3 MB | 48/85 kB | 123/490 kB
2026.06.27 08:47:53 INFO  Progress (4): 169/216 kB | 4.8/6.3 MB | 48/85 kB | 123/490 kB
2026.06.27 08:47:53 INFO  Progress (4): 169/216 kB | 4.9/6.3 MB | 48/85 kB | 123/490 kB
2026.06.27 08:47:53 INFO  Progress (4): 173/216 kB | 4.9/6.3 MB | 48/85 kB | 123/490 kB
2026.06.27 08:47:53 INFO  Progress (4): 173/216 kB | 4.9/6.3 MB | 48/85 kB | 123/490 kB
2026.06.27 08:47:53 INFO  Progress (4): 173/216 kB | 4.9/6.3 MB | 48/85 kB | 123/490 kB
2026.06.27 08:47:53 INFO  Progress (4): 173/216 kB | 4.9/6.3 MB | 48/85 kB | 123/490 kB
2026.06.27 08:47:53 INFO  Progress (4): 173/216 kB | 4.9/6.3 MB | 48/85 kB | 123/490 kB
2026.06.27 08:47:53 INFO  Progress (4): 173/216 kB | 4.9/6.3 MB | 48/85 kB | 123/490 kB
2026.06.27 08:47:53 INFO  Progress (4): 173/216 kB | 5.0/6.3 MB | 48/85 kB | 123/490 kB
2026.06.27 08:47:53 INFO  Progress (4): 173/216 kB | 5.0/6.3 MB | 48/85 kB | 123/490 kB
2026.06.27 08:47:53 INFO  Progress (4): 173/216 kB | 5.0/6.3 MB | 48/85 kB | 123/490 kB
2026.06.27 08:47:53 INFO  Progress (4): 173/216 kB | 5.0/6.3 MB | 48/85 kB | 123/490 kB
2026.06.27 08:47:53 INFO  Progress (4): 173/216 kB | 5.0/6.3 MB | 48/85 kB | 123/490 kB
2026.06.27 08:47:53 INFO  Progress (4): 173/216 kB | 5.0/6.3 MB | 48/85 kB | 123/490 kB
2026.06.27 08:47:53 INFO  Progress (4): 173/216 kB | 5.1/6.3 MB | 48/85 kB | 123/490 kB
2026.06.27 08:47:53 INFO  Progress (4): 173/216 kB | 5.1/6.3 MB | 48/85 kB | 123/490 kB
2026.06.27 08:47:53 INFO  Progress (4): 173/216 kB | 5.1/6.3 MB | 48/85 kB | 123/490 kB
2026.06.27 08:47:53 INFO  Progress (4): 173/216 kB | 5.1/6.3 MB | 48/85 kB | 123/490 kB
2026.06.27 08:47:53 INFO  Progress (4): 173/216 kB | 5.1/6.3 MB | 48/85 kB | 123/490 kB
2026.06.27 08:47:53 INFO  Progress (4): 173/216 kB | 5.1/6.3 MB | 48/85 kB | 123/490 kB
2026.06.27 08:47:53 INFO  Progress (4): 173/216 kB | 5.1/6.3 MB | 48/85 kB | 131/490 kB
2026.06.27 08:47:53 INFO  Progress (4): 173/216 kB | 5.2/6.3 MB | 48/85 kB | 131/490 kB
2026.06.27 08:47:53 INFO  Progress (4): 173/216 kB | 5.2/6.3 MB | 48/85 kB | 131/490 kB
2026.06.27 08:47:53 INFO  Progress (4): 173/216 kB | 5.2/6.3 MB | 48/85 kB | 131/490 kB
2026.06.27 08:47:53 INFO  Progress (4): 173/216 kB | 5.2/6.3 MB | 48/85 kB | 131/490 kB
2026.06.27 08:47:53 INFO  Progress (4): 173/216 kB | 5.2/6.3 MB | 48/85 kB | 131/490 kB
2026.06.27 08:47:53 INFO  Progress (4): 173/216 kB | 5.2/6.3 MB | 48/85 kB | 131/490 kB
2026.06.27 08:47:53 INFO  Progress (4): 173/216 kB | 5.3/6.3 MB | 48/85 kB | 131/490 kB
2026.06.27 08:47:53 INFO  Progress (4): 173/216 kB | 5.3/6.3 MB | 48/85 kB | 131/490 kB
2026.06.27 08:47:53 INFO  Progress (4): 173/216 kB | 5.3/6.3 MB | 48/85 kB | 131/490 kB
2026.06.27 08:47:53 INFO  Progress (4): 173/216 kB | 5.3/6.3 MB | 48/85 kB | 131/490 kB
2026.06.27 08:47:53 INFO  Progress (4): 173/216 kB | 5.3/6.3 MB | 48/85 kB | 131/490 kB
2026.06.27 08:47:53 INFO  Progress (4): 173/216 kB | 5.3/6.3 MB | 48/85 kB | 131/490 kB
2026.06.27 08:47:53 INFO  Progress (4): 173/216 kB | 5.4/6.3 MB | 48/85 kB | 131/490 kB
2026.06.27 08:47:53 INFO  Progress (4): 173/216 kB | 5.4/6.3 MB | 48/85 kB | 131/490 kB
2026.06.27 08:47:53 INFO  Progress (4): 173/216 kB | 5.4/6.3 MB | 48/85 kB | 131/490 kB
2026.06.27 08:47:53 INFO  Progress (4): 173/216 kB | 5.4/6.3 MB | 48/85 kB | 131/490 kB
2026.06.27 08:47:53 INFO  Progress (4): 173/216 kB | 5.4/6.3 MB | 48/85 kB | 131/490 kB
2026.06.27 08:47:53 INFO  Progress (4): 173/216 kB | 5.4/6.3 MB | 48/85 kB | 131/490 kB
2026.06.27 08:47:53 INFO  Progress (4): 173/216 kB | 5.4/6.3 MB | 48/85 kB | 131/490 kB
2026.06.27 08:47:53 INFO  Progress (4): 189/216 kB | 5.4/6.3 MB | 48/85 kB | 131/490 kB
2026.06.27 08:47:53 INFO  Progress (4): 189/216 kB | 5.5/6.3 MB | 48/85 kB | 131/490 kB
2026.06.27 08:47:53 INFO  Progress (4): 189/216 kB | 5.5/6.3 MB | 48/85 kB | 131/490 kB
2026.06.27 08:47:53 INFO  Progress (4): 189/216 kB | 5.5/6.3 MB | 48/85 kB | 131/490 kB
2026.06.27 08:47:53 INFO  Progress (4): 189/216 kB | 5.5/6.3 MB | 48/85 kB | 131/490 kB
2026.06.27 08:47:53 INFO  Progress (4): 189/216 kB | 5.5/6.3 MB | 48/85 kB | 131/490 kB
2026.06.27 08:47:53 INFO  Progress (4): 189/216 kB | 5.5/6.3 MB | 48/85 kB | 131/490 kB
2026.06.27 08:47:53 INFO  Progress (4): 189/216 kB | 5.6/6.3 MB | 48/85 kB | 131/490 kB
2026.06.27 08:47:53 INFO  Progress (4): 189/216 kB | 5.6/6.3 MB | 48/85 kB | 131/490 kB
2026.06.27 08:47:53 INFO  Progress (4): 189/216 kB | 5.6/6.3 MB | 48/85 kB | 131/490 kB
2026.06.27 08:47:53 INFO  Progress (4): 189/216 kB | 5.6/6.3 MB | 48/85 kB | 147/490 kB
2026.06.27 08:47:53 INFO  Progress (4): 189/216 kB | 5.6/6.3 MB | 48/85 kB | 147/490 kB
2026.06.27 08:47:53 INFO  Progress (4): 189/216 kB | 5.6/6.3 MB | 48/85 kB | 147/490 kB
2026.06.27 08:47:53 INFO  Progress (4): 189/216 kB | 5.6/6.3 MB | 48/85 kB | 147/490 kB
2026.06.27 08:47:53 INFO  Progress (4): 189/216 kB | 5.7/6.3 MB | 48/85 kB | 147/490 kB
2026.06.27 08:47:53 INFO  Progress (4): 189/216 kB | 5.7/6.3 MB | 48/85 kB | 147/490 kB
2026.06.27 08:47:53 INFO  Progress (4): 189/216 kB | 5.7/6.3 MB | 48/85 kB | 147/490 kB
2026.06.27 08:47:53 INFO  Progress (4): 189/216 kB | 5.7/6.3 MB | 48/85 kB | 147/490 kB
2026.06.27 08:47:53 INFO  Progress (4): 189/216 kB | 5.7/6.3 MB | 48/85 kB | 147/490 kB
2026.06.27 08:47:53 INFO  Progress (4): 189/216 kB | 5.7/6.3 MB | 48/85 kB | 147/490 kB
2026.06.27 08:47:53 INFO  Progress (4): 189/216 kB | 5.8/6.3 MB | 48/85 kB | 147/490 kB
2026.06.27 08:47:53 INFO  Progress (4): 189/216 kB | 5.8/6.3 MB | 48/85 kB | 147/490 kB
2026.06.27 08:47:53 INFO  Progress (4): 189/216 kB | 5.8/6.3 MB | 48/85 kB | 147/490 kB
2026.06.27 08:47:53 INFO  Progress (4): 189/216 kB | 5.8/6.3 MB | 48/85 kB | 147/490 kB
2026.06.27 08:47:53 INFO  Progress (4): 189/216 kB | 5.8/6.3 MB | 48/85 kB | 147/490 kB
2026.06.27 08:47:53 INFO  Progress (4): 189/216 kB | 5.8/6.3 MB | 48/85 kB | 147/490 kB
2026.06.27 08:47:53 INFO  Progress (4): 189/216 kB | 5.9/6.3 MB | 48/85 kB | 147/490 kB
2026.06.27 08:47:53 INFO  Progress (4): 189/216 kB | 5.9/6.3 MB | 48/85 kB | 147/490 kB
2026.06.27 08:47:53 INFO  Progress (4): 189/216 kB | 5.9/6.3 MB | 48/85 kB | 147/490 kB
2026.06.27 08:47:53 INFO  Progress (4): 189/216 kB | 5.9/6.3 MB | 48/85 kB | 147/490 kB
2026.06.27 08:47:53 INFO  Progress (4): 189/216 kB | 5.9/6.3 MB | 48/85 kB | 147/490 kB
2026.06.27 08:47:53 INFO  Progress (4): 189/216 kB | 5.9/6.3 MB | 48/85 kB | 147/490 kB
2026.06.27 08:47:53 INFO  Progress (4): 206/216 kB | 5.9/6.3 MB | 48/85 kB | 147/490 kB
2026.06.27 08:47:53 INFO  Progress (4): 206/216 kB | 6.0/6.3 MB | 48/85 kB | 147/490 kB
2026.06.27 08:47:53 INFO  Progress (4): 206/216 kB | 6.0/6.3 MB | 48/85 kB | 147/490 kB
2026.06.27 08:47:53 INFO  Progress (4): 206/216 kB | 6.0/6.3 MB | 48/85 kB | 147/490 kB
2026.06.27 08:47:53 INFO  Progress (4): 206/216 kB | 6.0/6.3 MB | 48/85 kB | 164/490 kB
2026.06.27 08:47:53 INFO  Progress (4): 216 kB | 6.0/6.3 MB | 48/85 kB | 164/490 kB    
2026.06.27 08:47:53 INFO  Progress (4): 216 kB | 6.0/6.3 MB | 48/85 kB | 180/490 kB
2026.06.27 08:47:53 INFO                                                           
2026.06.27 08:47:53 INFO  Downloaded from central: https://repo.maven.apache.org/maven2/org/codehaus/plexus/plexus-archiver/4.6.0/plexus-archiver-4.6.0.jar (216 kB at 304 kB/s)
2026.06.27 08:47:53 INFO  Downloading from central: https://repo.maven.apache.org/maven2/org/scala-sbt/compiler-bridge_2.13/1.8.0/compiler-bridge_2.13-1.8.0.jar
2026.06.27 08:47:53 INFO  Progress (3): 6.0/6.3 MB | 48/85 kB | 197/490 kB
2026.06.27 08:47:53 INFO  Progress (3): 6.0/6.3 MB | 48/85 kB | 213/490 kB
2026.06.27 08:47:53 INFO  Progress (3): 6.0/6.3 MB | 48/85 kB | 229/490 kB
2026.06.27 08:47:53 INFO  Progress (3): 6.0/6.3 MB | 52/85 kB | 229/490 kB
2026.06.27 08:47:53 INFO  Progress (3): 6.0/6.3 MB | 52/85 kB | 229/490 kB
2026.06.27 08:47:53 INFO  Progress (3): 6.0/6.3 MB | 52/85 kB | 229/490 kB
2026.06.27 08:47:53 INFO  Progress (3): 6.0/6.3 MB | 52/85 kB | 229/490 kB
2026.06.27 08:47:53 INFO  Progress (3): 6.1/6.3 MB | 52/85 kB | 229/490 kB
2026.06.27 08:47:53 INFO  Progress (3): 6.1/6.3 MB | 52/85 kB | 229/490 kB
2026.06.27 08:47:53 INFO  Progress (3): 6.1/6.3 MB | 52/85 kB | 229/490 kB
2026.06.27 08:47:53 INFO  Progress (3): 6.1/6.3 MB | 52/85 kB | 229/490 kB
2026.06.27 08:47:53 INFO  Progress (3): 6.1/6.3 MB | 52/85 kB | 229/490 kB
2026.06.27 08:47:53 INFO  Progress (3): 6.1/6.3 MB | 52/85 kB | 229/490 kB
2026.06.27 08:47:53 INFO  Progress (3): 6.2/6.3 MB | 52/85 kB | 229/490 kB
2026.06.27 08:47:53 INFO  Progress (3): 6.2/6.3 MB | 52/85 kB | 229/490 kB
2026.06.27 08:47:53 INFO  Progress (3): 6.2/6.3 MB | 52/85 kB | 229/490 kB
2026.06.27 08:47:53 INFO  Progress (3): 6.2/6.3 MB | 56/85 kB | 229/490 kB
2026.06.27 08:47:53 INFO  Progress (3): 6.2/6.3 MB | 60/85 kB | 229/490 kB
2026.06.27 08:47:53 INFO  Progress (3): 6.2/6.3 MB | 61/85 kB | 229/490 kB
2026.06.27 08:47:53 INFO  Progress (3): 6.2/6.3 MB | 61/85 kB | 229/490 kB
2026.06.27 08:47:53 INFO  Progress (3): 6.2/6.3 MB | 65/85 kB | 229/490 kB
2026.06.27 08:47:53 INFO  Progress (3): 6.2/6.3 MB | 69/85 kB | 229/490 kB
2026.06.27 08:47:53 INFO  Progress (3): 6.2/6.3 MB | 69/85 kB | 229/490 kB
2026.06.27 08:47:53 INFO  Progress (3): 6.2/6.3 MB | 73/85 kB | 229/490 kB
2026.06.27 08:47:53 INFO  Progress (3): 6.2/6.3 MB | 77/85 kB | 229/490 kB
2026.06.27 08:47:53 INFO  Progress (3): 6.2/6.3 MB | 82/85 kB | 229/490 kB
2026.06.27 08:47:53 INFO  Progress (3): 6.2/6.3 MB | 82/85 kB | 229/490 kB
2026.06.27 08:47:53 INFO  Progress (3): 6.2/6.3 MB | 85 kB | 229/490 kB   
2026.06.27 08:47:53 INFO  Progress (3): 6.3/6.3 MB | 85 kB | 229/490 kB
2026.06.27 08:47:53 INFO  Progress (3): 6.3/6.3 MB | 85 kB | 229/490 kB
2026.06.27 08:47:53 INFO  Progress (3): 6.3/6.3 MB | 85 kB | 229/490 kB
2026.06.27 08:47:53 INFO  Progress (3): 6.3/6.3 MB | 85 kB | 229/490 kB
2026.06.27 08:47:53 INFO  Progress (3): 6.3 MB | 85 kB | 229/490 kB    
2026.06.27 08:47:53 INFO  Progress (3): 6.3 MB | 85 kB | 246/490 kB
2026.06.27 08:47:53 INFO                                           
2026.06.27 08:47:53 INFO  Downloaded from central: https://repo.maven.apache.org/maven2/org/scala-sbt/zinc_2.13/1.8.0/zinc_2.13-1.8.0.jar (85 kB at 114 kB/s)
2026.06.27 08:47:53 INFO  Downloading from central: https://repo.maven.apache.org/maven2/org/scala-sbt/zinc-classpath_2.13/1.8.0/zinc-classpath_2.13-1.8.0.jar
2026.06.27 08:47:53 INFO  Progress (2): 6.3 MB | 262/490 kB
2026.06.27 08:47:53 INFO  Progress (3): 6.3 MB | 262/490 kB | 3.8/165 kB
2026.06.27 08:47:53 INFO  Progress (3): 6.3 MB | 262/490 kB | 20/165 kB 
2026.06.27 08:47:53 INFO  Progress (3): 6.3 MB | 262/490 kB | 25/165 kB
2026.06.27 08:47:53 INFO  Progress (3): 6.3 MB | 262/490 kB | 41/165 kB
2026.06.27 08:47:53 INFO  Progress (3): 6.3 MB | 262/490 kB | 57/165 kB
2026.06.27 08:47:53 INFO  Progress (3): 6.3 MB | 262/490 kB | 66/165 kB
2026.06.27 08:47:53 INFO                                               
2026.06.27 08:47:53 INFO  Downloaded from central: https://repo.maven.apache.org/maven2/com/github/luben/zstd-jni/1.5.2-5/zstd-jni-1.5.2-5.jar (6.3 MB at 8.1 MB/s)
2026.06.27 08:47:53 INFO  Downloading from central: https://repo.maven.apache.org/maven2/org/scala-lang/scala-compiler/2.13.8/scala-compiler-2.13.8.jar
2026.06.27 08:47:53 INFO  Progress (2): 262/490 kB | 74/165 kB
2026.06.27 08:47:53 INFO  Progress (2): 279/490 kB | 74/165 kB
2026.06.27 08:47:53 INFO  Progress (2): 295/490 kB | 74/165 kB
2026.06.27 08:47:53 INFO  Progress (2): 295/490 kB | 90/165 kB
2026.06.27 08:47:53 INFO  Progress (2): 295/490 kB | 98/165 kB
2026.06.27 08:47:53 INFO  Progress (2): 311/490 kB | 98/165 kB
2026.06.27 08:47:53 INFO  Progress (2): 311/490 kB | 115/165 kB
2026.06.27 08:47:53 INFO  Progress (2): 328/490 kB | 115/165 kB
2026.06.27 08:47:53 INFO  Progress (2): 344/490 kB | 115/165 kB
2026.06.27 08:47:54 INFO  Progress (2): 344/490 kB | 131/165 kB
2026.06.27 08:47:54 INFO  Progress (2): 360/490 kB | 131/165 kB
2026.06.27 08:47:54 INFO  Progress (2): 360/490 kB | 147/165 kB
2026.06.27 08:47:54 INFO  Progress (2): 377/490 kB | 147/165 kB
2026.06.27 08:47:54 INFO  Progress (2): 377/490 kB | 164/165 kB
2026.06.27 08:47:54 INFO  Progress (2): 393/490 kB | 164/165 kB
2026.06.27 08:47:54 INFO  Progress (2): 393/490 kB | 165 kB    
2026.06.27 08:47:54 INFO  Progress (2): 410/490 kB | 165 kB
2026.06.27 08:47:54 INFO                                   
2026.06.27 08:47:54 INFO  Downloaded from central: https://repo.maven.apache.org/maven2/org/scala-sbt/zinc-apiinfo_2.13/1.8.0/zinc-apiinfo_2.13-1.8.0.jar (165 kB at 200 kB/s)
2026.06.27 08:47:54 INFO  Downloading from central: https://repo.maven.apache.org/maven2/org/scala-sbt/compiler-interface/1.8.0/compiler-interface-1.8.0.jar
2026.06.27 08:47:54 INFO  Progress (1): 426/490 kB
2026.06.27 08:47:54 INFO  Progress (1): 442/490 kB
2026.06.27 08:47:54 INFO  Progress (1): 459/490 kB
2026.06.27 08:47:54 INFO  Progress (2): 459/490 kB | 7.7/243 kB
2026.06.27 08:47:54 INFO  Progress (2): 459/490 kB | 16/243 kB 
2026.06.27 08:47:54 INFO  Progress (2): 475/490 kB | 16/243 kB
2026.06.27 08:47:54 INFO  Progress (2): 475/490 kB | 25/243 kB
2026.06.27 08:47:54 INFO  Progress (2): 490 kB | 25/243 kB    
2026.06.27 08:47:54 INFO  Progress (2): 490 kB | 41/243 kB
2026.06.27 08:47:54 INFO  Progress (2): 490 kB | 57/243 kB
2026.06.27 08:47:54 INFO                                  
2026.06.27 08:47:54 INFO  Downloaded from central: https://repo.maven.apache.org/maven2/org/scala-sbt/zinc-core_2.13/1.8.0/zinc-core_2.13-1.8.0.jar (490 kB at 577 kB/s)
2026.06.27 08:47:54 INFO  Downloading from central: https://repo.maven.apache.org/maven2/org/scala-sbt/util-interface/1.8.0/util-interface-1.8.0.jar
2026.06.27 08:47:54 INFO  Progress (2): 57/243 kB | 7.7/89 kB
2026.06.27 08:47:54 INFO  Progress (2): 74/243 kB | 7.7/89 kB
2026.06.27 08:47:54 INFO  Progress (2): 74/243 kB | 16/89 kB 
2026.06.27 08:47:54 INFO  Progress (2): 74/243 kB | 28/89 kB
2026.06.27 08:47:54 INFO  Progress (2): 74/243 kB | 44/89 kB
2026.06.27 08:47:54 INFO  Progress (2): 74/243 kB | 61/89 kB
2026.06.27 08:47:54 INFO  Progress (2): 74/243 kB | 77/89 kB
2026.06.27 08:47:54 INFO  Progress (2): 74/243 kB | 89 kB   
2026.06.27 08:47:54 INFO  Progress (2): 90/243 kB | 89 kB
2026.06.27 08:47:54 INFO                                 
2026.06.27 08:47:54 INFO  Downloaded from central: https://repo.maven.apache.org/maven2/org/scala-sbt/zinc-classpath_2.13/1.8.0/zinc-classpath_2.13-1.8.0.jar (89 kB at 103 kB/s)
2026.06.27 08:47:54 INFO  Downloading from central: https://repo.maven.apache.org/maven2/org/scala-sbt/zinc-persist-core-assembly/1.8.0/zinc-persist-core-assembly-1.8.0.jar
2026.06.27 08:47:54 INFO  Progress (1): 106/243 kB
2026.06.27 08:47:54 INFO  Progress (1): 123/243 kB
2026.06.27 08:47:54 INFO  Progress (1): 131/243 kB
2026.06.27 08:47:54 INFO  Progress (1): 147/243 kB
2026.06.27 08:47:54 INFO  Progress (2): 147/243 kB | 0/12 MB
2026.06.27 08:47:54 INFO  Progress (2): 164/243 kB | 0/12 MB
2026.06.27 08:47:54 INFO  Progress (2): 164/243 kB | 0/12 MB
2026.06.27 08:47:54 INFO  Progress (2): 172/243 kB | 0/12 MB
2026.06.27 08:47:54 INFO  Progress (2): 172/243 kB | 0/12 MB
2026.06.27 08:47:54 INFO  Progress (2): 172/243 kB | 0/12 MB
2026.06.27 08:47:54 INFO  Progress (2): 172/243 kB | 0/12 MB
2026.06.27 08:47:54 INFO  Progress (2): 172/243 kB | 0/12 MB
2026.06.27 08:47:54 INFO  Progress (2): 188/243 kB | 0/12 MB
2026.06.27 08:47:54 INFO  Progress (2): 188/243 kB | 0/12 MB
2026.06.27 08:47:54 INFO  Progress (2): 188/243 kB | 0/12 MB
2026.06.27 08:47:54 INFO  Progress (2): 188/243 kB | 0/12 MB
2026.06.27 08:47:54 INFO  Progress (2): 188/243 kB | 0/12 MB
2026.06.27 08:47:54 INFO  Progress (2): 188/243 kB | 0/12 MB
2026.06.27 08:47:54 INFO  Progress (2): 188/243 kB | 0/12 MB
2026.06.27 08:47:54 INFO  Progress (2): 188/243 kB | 0.1/12 MB
2026.06.27 08:47:54 INFO  Progress (2): 188/243 kB | 0.1/12 MB
2026.06.27 08:47:54 INFO  Progress (2): 188/243 kB | 0.1/12 MB
2026.06.27 08:47:54 INFO  Progress (2): 188/243 kB | 0.1/12 MB
2026.06.27 08:47:54 INFO  Progress (2): 188/243 kB | 0.1/12 MB
2026.06.27 08:47:54 INFO  Progress (2): 188/243 kB | 0.1/12 MB
2026.06.27 08:47:54 INFO  Progress (2): 188/243 kB | 0.1/12 MB
2026.06.27 08:47:54 INFO  Progress (2): 197/243 kB | 0.1/12 MB
2026.06.27 08:47:54 INFO  Progress (2): 197/243 kB | 0.1/12 MB
2026.06.27 08:47:54 INFO  Progress (2): 197/243 kB | 0.1/12 MB
2026.06.27 08:47:54 INFO  Progress (2): 197/243 kB | 0.1/12 MB
2026.06.27 08:47:54 INFO  Progress (2): 197/243 kB | 0.1/12 MB
2026.06.27 08:47:54 INFO  Progress (2): 213/243 kB | 0.1/12 MB
2026.06.27 08:47:54 INFO  Progress (2): 213/243 kB | 0.1/12 MB
2026.06.27 08:47:54 INFO  Progress (2): 213/243 kB | 0.1/12 MB
2026.06.27 08:47:54 INFO  Progress (2): 213/243 kB | 0.1/12 MB
2026.06.27 08:47:54 INFO  Progress (2): 213/243 kB | 0.1/12 MB
2026.06.27 08:47:54 INFO  Progress (2): 213/243 kB | 0.1/12 MB
2026.06.27 08:47:54 INFO  Progress (2): 229/243 kB | 0.1/12 MB
2026.06.27 08:47:54 INFO  Progress (3): 229/243 kB | 0.1/12 MB | 7.7/112 kB
2026.06.27 08:47:54 INFO  Progress (3): 243 kB | 0.1/12 MB | 7.7/112 kB    
2026.06.27 08:47:54 INFO  Progress (3): 243 kB | 0.1/12 MB | 8.2/112 kB
2026.06.27 08:47:54 INFO  Progress (3): 243 kB | 0.1/12 MB | 16/112 kB 
2026.06.27 08:47:54 INFO                                              
2026.06.27 08:47:54 INFO  Downloaded from central: https://repo.maven.apache.org/maven2/org/scala-sbt/compiler-bridge_2.13/1.8.0/compiler-bridge_2.13-1.8.0.jar (243 kB at 256 kB/s)
2026.06.27 08:47:54 INFO  Downloading from central: https://repo.maven.apache.org/maven2/org/scala-lang/modules/scala-parallel-collections_2.13/0.2.0/scala-parallel-collections_2.13-0.2.0.jar
2026.06.27 08:47:54 INFO  Progress (2): 0.1/12 MB | 33/112 kB
2026.06.27 08:47:54 INFO  Progress (2): 0.1/12 MB | 41/112 kB
2026.06.27 08:47:54 INFO  Progress (2): 0.1/12 MB | 49/112 kB
2026.06.27 08:47:54 INFO  Progress (2): 0.1/12 MB | 66/112 kB
2026.06.27 08:47:54 INFO  Progress (2): 0.1/12 MB | 82/112 kB
2026.06.27 08:47:54 INFO  Progress (2): 0.1/12 MB | 98/112 kB
2026.06.27 08:47:54 INFO  Progress (3): 0.1/12 MB | 98/112 kB | 3.3 kB
2026.06.27 08:47:54 INFO  Progress (3): 0.1/12 MB | 112 kB | 3.3 kB   
2026.06.27 08:47:54 INFO                                           
2026.06.27 08:47:54 INFO  Downloaded from central: https://repo.maven.apache.org/maven2/org/scala-sbt/util-interface/1.8.0/util-interface-1.8.0.jar (3.3 kB at 3.4 kB/s)
2026.06.27 08:47:54 INFO  Downloading from central: https://repo.maven.apache.org/maven2/org/scala-sbt/io_2.13/1.8.0/io_2.13-1.8.0.jar
2026.06.27 08:47:54 INFO  Downloaded from central: https://repo.maven.apache.org/maven2/org/scala-sbt/compiler-interface/1.8.0/compiler-interface-1.8.0.jar (112 kB at 114 kB/s)
2026.06.27 08:47:54 INFO  Downloading from central: https://repo.maven.apache.org/maven2/com/swoval/file-tree-views/2.1.9/file-tree-views-2.1.9.jar
2026.06.27 08:47:54 INFO  Progress (2): 0.1/12 MB | 0/2.6 MB
2026.06.27 08:47:54 INFO  Progress (2): 0.1/12 MB | 0/2.6 MB
2026.06.27 08:47:54 INFO  Progress (2): 0.1/12 MB | 0/2.6 MB
2026.06.27 08:47:54 INFO  Progress (2): 0.1/12 MB | 0/2.6 MB
2026.06.27 08:47:54 INFO  Progress (2): 0.1/12 MB | 0.1/2.6 MB
2026.06.27 08:47:54 INFO  Progress (2): 0.1/12 MB | 0.1/2.6 MB
2026.06.27 08:47:54 INFO  Progress (2): 0.1/12 MB | 0.1/2.6 MB
2026.06.27 08:47:54 INFO  Progress (2): 0.1/12 MB | 0.1/2.6 MB
2026.06.27 08:47:54 INFO  Progress (2): 0.1/12 MB | 0.1/2.6 MB
2026.06.27 08:47:54 INFO  Progress (2): 0.1/12 MB | 0.1/2.6 MB
2026.06.27 08:47:54 INFO  Progress (2): 0.1/12 MB | 0.1/2.6 MB
2026.06.27 08:47:54 INFO  Progress (2): 0.1/12 MB | 0.2/2.6 MB
2026.06.27 08:47:54 INFO  Progress (2): 0.1/12 MB | 0.2/2.6 MB
2026.06.27 08:47:54 INFO  Progress (2): 0.1/12 MB | 0.2/2.6 MB
2026.06.27 08:47:54 INFO  Progress (2): 0.1/12 MB | 0.2/2.6 MB
2026.06.27 08:47:54 INFO  Progress (2): 0.1/12 MB | 0.2/2.6 MB
2026.06.27 08:47:54 INFO  Progress (2): 0.1/12 MB | 0.2/2.6 MB
2026.06.27 08:47:54 INFO  Progress (2): 0.1/12 MB | 0.2/2.6 MB
2026.06.27 08:47:54 INFO  Progress (2): 0.1/12 MB | 0.2/2.6 MB
2026.06.27 08:47:54 INFO  Progress (2): 0.1/12 MB | 0.3/2.6 MB
2026.06.27 08:47:54 INFO  Progress (2): 0.1/12 MB | 0.3/2.6 MB
2026.06.27 08:47:54 INFO  Progress (2): 0.1/12 MB | 0.3/2.6 MB
2026.06.27 08:47:54 INFO  Progress (2): 0.1/12 MB | 0.3/2.6 MB
2026.06.27 08:47:54 INFO  Progress (2): 0.1/12 MB | 0.3/2.6 MB
2026.06.27 08:47:54 INFO  Progress (2): 0.1/12 MB | 0.3/2.6 MB
2026.06.27 08:47:54 INFO  Progress (2): 0.1/12 MB | 0.4/2.6 MB
2026.06.27 08:47:54 INFO  Progress (2): 0.1/12 MB | 0.4/2.6 MB
2026.06.27 08:47:54 INFO  Progress (3): 0.1/12 MB | 0.4/2.6 MB | 0/1.1 MB
2026.06.27 08:47:54 INFO  Progress (3): 0.1/12 MB | 0.4/2.6 MB | 0/1.1 MB
2026.06.27 08:47:54 INFO  Progress (3): 0.1/12 MB | 0.4/2.6 MB | 0/1.1 MB
2026.06.27 08:47:54 INFO  Progress (3): 0.1/12 MB | 0.4/2.6 MB | 0/1.1 MB
2026.06.27 08:47:54 INFO  Progress (3): 0.1/12 MB | 0.4/2.6 MB | 0.1/1.1 MB
2026.06.27 08:47:54 INFO  Progress (3): 0.1/12 MB | 0.4/2.6 MB | 0.1/1.1 MB
2026.06.27 08:47:54 INFO  Progress (3): 0.1/12 MB | 0.4/2.6 MB | 0.1/1.1 MB
2026.06.27 08:47:54 INFO  Progress (3): 0.1/12 MB | 0.4/2.6 MB | 0.1/1.1 MB
2026.06.27 08:47:54 INFO  Progress (3): 0.1/12 MB | 0.4/2.6 MB | 0.1/1.1 MB
2026.06.27 08:47:54 INFO  Progress (3): 0.1/12 MB | 0.4/2.6 MB | 0.1/1.1 MB
2026.06.27 08:47:54 INFO  Progress (3): 0.1/12 MB | 0.4/2.6 MB | 0.1/1.1 MB
2026.06.27 08:47:54 INFO  Progress (3): 0.1/12 MB | 0.4/2.6 MB | 0.1/1.1 MB
2026.06.27 08:47:54 INFO  Progress (3): 0.1/12 MB | 0.4/2.6 MB | 0.1/1.1 MB
2026.06.27 08:47:54 INFO  Progress (3): 0.1/12 MB | 0.5/2.6 MB | 0.1/1.1 MB
2026.06.27 08:47:54 INFO  Progress (3): 0.1/12 MB | 0.5/2.6 MB | 0.1/1.1 MB
2026.06.27 08:47:54 INFO  Progress (3): 0.1/12 MB | 0.5/2.6 MB | 0.1/1.1 MB
2026.06.27 08:47:54 INFO  Progress (3): 0.1/12 MB | 0.5/2.6 MB | 0.1/1.1 MB
2026.06.27 08:47:54 INFO  Progress (3): 0.1/12 MB | 0.5/2.6 MB | 0.1/1.1 MB
2026.06.27 08:47:54 INFO  Progress (3): 0.1/12 MB | 0.5/2.6 MB | 0.1/1.1 MB
2026.06.27 08:47:54 INFO  Progress (3): 0.1/12 MB | 0.5/2.6 MB | 0.1/1.1 MB
2026.06.27 08:47:54 INFO  Progress (3): 0.1/12 MB | 0.6/2.6 MB | 0.1/1.1 MB
2026.06.27 08:47:54 INFO  Progress (3): 0.1/12 MB | 0.6/2.6 MB | 0.1/1.1 MB
2026.06.27 08:47:54 INFO  Progress (3): 0.1/12 MB | 0.6/2.6 MB | 0.1/1.1 MB
2026.06.27 08:47:54 INFO  Progress (3): 0.1/12 MB | 0.6/2.6 MB | 0.1/1.1 MB
2026.06.27 08:47:54 INFO  Progress (3): 0.1/12 MB | 0.6/2.6 MB | 0.1/1.1 MB
2026.06.27 08:47:54 INFO  Progress (3): 0.1/12 MB | 0.6/2.6 MB | 0.1/1.1 MB
2026.06.27 08:47:54 INFO  Progress (3): 0.1/12 MB | 0.6/2.6 MB | 0.1/1.1 MB
2026.06.27 08:47:54 INFO  Progress (3): 0.1/12 MB | 0.7/2.6 MB | 0.1/1.1 MB
2026.06.27 08:47:54 INFO  Progress (3): 0.1/12 MB | 0.7/2.6 MB | 0.1/1.1 MB
2026.06.27 08:47:54 INFO  Progress (3): 0.1/12 MB | 0.7/2.6 MB | 0.1/1.1 MB
2026.06.27 08:47:54 INFO  Progress (3): 0.1/12 MB | 0.7/2.6 MB | 0.1/1.1 MB
2026.06.27 08:47:54 INFO  Progress (3): 0.1/12 MB | 0.7/2.6 MB | 0.1/1.1 MB
2026.06.27 08:47:54 INFO  Progress (3): 0.1/12 MB | 0.7/2.6 MB | 0.1/1.1 MB
2026.06.27 08:47:54 INFO  Progress (3): 0.1/12 MB | 0.7/2.6 MB | 0.1/1.1 MB
2026.06.27 08:47:54 INFO  Progress (3): 0.1/12 MB | 0.7/2.6 MB | 0.1/1.1 MB
2026.06.27 08:47:54 INFO  Progress (3): 0.1/12 MB | 0.7/2.6 MB | 0.1/1.1 MB
2026.06.27 08:47:54 INFO  Progress (3): 0.2/12 MB | 0.7/2.6 MB | 0.1/1.1 MB
2026.06.27 08:47:54 INFO  Progress (3): 0.2/12 MB | 0.7/2.6 MB | 0.1/1.1 MB
2026.06.27 08:47:54 INFO  Progress (3): 0.2/12 MB | 0.8/2.6 MB | 0.1/1.1 MB
2026.06.27 08:47:54 INFO  Progress (3): 0.2/12 MB | 0.8/2.6 MB | 0.1/1.1 MB
2026.06.27 08:47:54 INFO  Progress (3): 0.2/12 MB | 0.8/2.6 MB | 0.1/1.1 MB
2026.06.27 08:47:54 INFO  Progress (3): 0.2/12 MB | 0.8/2.6 MB | 0.1/1.1 MB
2026.06.27 08:47:54 INFO  Progress (3): 0.2/12 MB | 0.8/2.6 MB | 0.1/1.1 MB
2026.06.27 08:47:54 INFO  Progress (3): 0.2/12 MB | 0.8/2.6 MB | 0.1/1.1 MB
2026.06.27 08:47:54 INFO  Progress (3): 0.2/12 MB | 0.8/2.6 MB | 0.1/1.1 MB
2026.06.27 08:47:54 INFO  Progress (3): 0.2/12 MB | 0.8/2.6 MB | 0.1/1.1 MB
2026.06.27 08:47:54 INFO  Progress (3): 0.2/12 MB | 0.8/2.6 MB | 0.1/1.1 MB
2026.06.27 08:47:54 INFO  Progress (3): 0.3/12 MB | 0.8/2.6 MB | 0.1/1.1 MB
2026.06.27 08:47:54 INFO  Progress (3): 0.3/12 MB | 0.8/2.6 MB | 0.1/1.1 MB
2026.06.27 08:47:54 INFO  Progress (3): 0.3/12 MB | 0.8/2.6 MB | 0.1/1.1 MB
2026.06.27 08:47:54 INFO  Progress (3): 0.3/12 MB | 0.8/2.6 MB | 0.1/1.1 MB
2026.06.27 08:47:54 INFO  Progress (3): 0.3/12 MB | 0.9/2.6 MB | 0.1/1.1 MB
2026.06.27 08:47:54 INFO  Progress (3): 0.3/12 MB | 0.9/2.6 MB | 0.1/1.1 MB
2026.06.27 08:47:54 INFO  Progress (3): 0.3/12 MB | 0.9/2.6 MB | 0.1/1.1 MB
2026.06.27 08:47:54 INFO  Progress (3): 0.3/12 MB | 0.9/2.6 MB | 0.1/1.1 MB
2026.06.27 08:47:54 INFO  Progress (3): 0.3/12 MB | 0.9/2.6 MB | 0.1/1.1 MB
2026.06.27 08:47:54 INFO  Progress (3): 0.3/12 MB | 0.9/2.6 MB | 0.1/1.1 MB
2026.06.27 08:47:54 INFO  Progress (3): 0.3/12 MB | 0.9/2.6 MB | 0.1/1.1 MB
2026.06.27 08:47:54 INFO  Progress (3): 0.3/12 MB | 0.9/2.6 MB | 0.1/1.1 MB
2026.06.27 08:47:54 INFO  Progress (3): 0.3/12 MB | 0.9/2.6 MB | 0.2/1.1 MB
2026.06.27 08:47:54 INFO  Progress (3): 0.3/12 MB | 0.9/2.6 MB | 0.2/1.1 MB
2026.06.27 08:47:54 INFO  Progress (3): 0.3/12 MB | 1.0/2.6 MB | 0.2/1.1 MB
2026.06.27 08:47:54 INFO  Progress (3): 0.3/12 MB | 1.0/2.6 MB | 0.2/1.1 MB
2026.06.27 08:47:54 INFO  Progress (3): 0.3/12 MB | 1.0/2.6 MB | 0.2/1.1 MB
2026.06.27 08:47:54 INFO  Progress (3): 0.3/12 MB | 1.0/2.6 MB | 0.2/1.1 MB
2026.06.27 08:47:54 INFO  Progress (3): 0.3/12 MB | 1.0/2.6 MB | 0.2/1.1 MB
2026.06.27 08:47:54 INFO  Progress (3): 0.3/12 MB | 1.0/2.6 MB | 0.2/1.1 MB
2026.06.27 08:47:54 INFO  Progress (3): 0.3/12 MB | 1.1/2.6 MB | 0.2/1.1 MB
2026.06.27 08:47:54 INFO  Progress (3): 0.3/12 MB | 1.1/2.6 MB | 0.2/1.1 MB
2026.06.27 08:47:54 INFO  Progress (3): 0.3/12 MB | 1.1/2.6 MB | 0.2/1.1 MB
2026.06.27 08:47:54 INFO  Progress (3): 0.3/12 MB | 1.1/2.6 MB | 0.2/1.1 MB
2026.06.27 08:47:54 INFO  Progress (3): 0.3/12 MB | 1.1/2.6 MB | 0.2/1.1 MB
2026.06.27 08:47:54 INFO  Progress (3): 0.3/12 MB | 1.1/2.6 MB | 0.2/1.1 MB
2026.06.27 08:47:54 INFO  Progress (3): 0.3/12 MB | 1.1/2.6 MB | 0.2/1.1 MB
2026.06.27 08:47:54 INFO  Progress (3): 0.3/12 MB | 1.2/2.6 MB | 0.2/1.1 MB
2026.06.27 08:47:54 INFO  Progress (3): 0.3/12 MB | 1.2/2.6 MB | 0.2/1.1 MB
2026.06.27 08:47:54 INFO  Progress (3): 0.3/12 MB | 1.2/2.6 MB | 0.2/1.1 MB
2026.06.27 08:47:54 INFO  Progress (3): 0.3/12 MB | 1.2/2.6 MB | 0.2/1.1 MB
2026.06.27 08:47:54 INFO  Progress (3): 0.3/12 MB | 1.2/2.6 MB | 0.2/1.1 MB
2026.06.27 08:47:54 INFO  Progress (3): 0.3/12 MB | 1.2/2.6 MB | 0.2/1.1 MB
2026.06.27 08:47:54 INFO  Progress (3): 0.3/12 MB | 1.3/2.6 MB | 0.2/1.1 MB
2026.06.27 08:47:54 INFO  Progress (3): 0.3/12 MB | 1.3/2.6 MB | 0.2/1.1 MB
2026.06.27 08:47:54 INFO  Progress (4): 0.3/12 MB | 1.3/2.6 MB | 0.2/1.1 MB | 7.7/636 kB
2026.06.27 08:47:54 INFO  Progress (4): 0.3/12 MB | 1.3/2.6 MB | 0.2/1.1 MB | 16/636 kB 
2026.06.27 08:47:54 INFO  Progress (4): 0.3/12 MB | 1.3/2.6 MB | 0.2/1.1 MB | 16/636 kB
2026.06.27 08:47:54 INFO  Progress (4): 0.3/12 MB | 1.3/2.6 MB | 0.2/1.1 MB | 16/636 kB
2026.06.27 08:47:54 INFO  Progress (4): 0.3/12 MB | 1.3/2.6 MB | 0.2/1.1 MB | 16/636 kB
2026.06.27 08:47:54 INFO  Progress (4): 0.3/12 MB | 1.3/2.6 MB | 0.2/1.1 MB | 16/636 kB
2026.06.27 08:47:54 INFO  Progress (4): 0.3/12 MB | 1.4/2.6 MB | 0.2/1.1 MB | 16/636 kB
2026.06.27 08:47:54 INFO  Progress (4): 0.3/12 MB | 1.4/2.6 MB | 0.2/1.1 MB | 25/636 kB
2026.06.27 08:47:54 INFO  Progress (4): 0.3/12 MB | 1.4/2.6 MB | 0.2/1.1 MB | 25/636 kB
2026.06.27 08:47:54 INFO  Progress (4): 0.3/12 MB | 1.4/2.6 MB | 0.2/1.1 MB | 25/636 kB
2026.06.27 08:47:54 INFO  Progress (4): 0.3/12 MB | 1.4/2.6 MB | 0.2/1.1 MB | 25/636 kB
2026.06.27 08:47:54 INFO  Progress (4): 0.3/12 MB | 1.4/2.6 MB | 0.2/1.1 MB | 25/636 kB
2026.06.27 08:47:54 INFO  Progress (4): 0.3/12 MB | 1.4/2.6 MB | 0.2/1.1 MB | 25/636 kB
2026.06.27 08:47:54 INFO  Progress (4): 0.3/12 MB | 1.4/2.6 MB | 0.2/1.1 MB | 25/636 kB
2026.06.27 08:47:54 INFO  Progress (4): 0.3/12 MB | 1.4/2.6 MB | 0.2/1.1 MB | 25/636 kB
2026.06.27 08:47:54 INFO  Progress (4): 0.3/12 MB | 1.5/2.6 MB | 0.2/1.1 MB | 25/636 kB
2026.06.27 08:47:54 INFO  Progress (4): 0.3/12 MB | 1.5/2.6 MB | 0.2/1.1 MB | 25/636 kB
2026.06.27 08:47:54 INFO  Progress (4): 0.3/12 MB | 1.5/2.6 MB | 0.2/1.1 MB | 25/636 kB
2026.06.27 08:47:54 INFO  Progress (4): 0.3/12 MB | 1.5/2.6 MB | 0.2/1.1 MB | 25/636 kB
2026.06.27 08:47:54 INFO  Progress (4): 0.3/12 MB | 1.5/2.6 MB | 0.2/1.1 MB | 25/636 kB
2026.06.27 08:47:54 INFO  Progress (4): 0.3/12 MB | 1.5/2.6 MB | 0.2/1.1 MB | 25/636 kB
2026.06.27 08:47:54 INFO  Progress (4): 0.3/12 MB | 1.6/2.6 MB | 0.2/1.1 MB | 25/636 kB
2026.06.27 08:47:54 INFO  Progress (4): 0.3/12 MB | 1.6/2.6 MB | 0.2/1.1 MB | 25/636 kB
2026.06.27 08:47:54 INFO  Progress (4): 0.3/12 MB | 1.6/2.6 MB | 0.2/1.1 MB | 25/636 kB
2026.06.27 08:47:54 INFO  Progress (4): 0.3/12 MB | 1.6/2.6 MB | 0.2/1.1 MB | 25/636 kB
2026.06.27 08:47:54 INFO  Progress (4): 0.3/12 MB | 1.6/2.6 MB | 0.2/1.1 MB | 25/636 kB
2026.06.27 08:47:54 INFO  Progress (4): 0.3/12 MB | 1.6/2.6 MB | 0.2/1.1 MB | 25/636 kB
2026.06.27 08:47:54 INFO  Progress (4): 0.3/12 MB | 1.6/2.6 MB | 0.2/1.1 MB | 25/636 kB
2026.06.27 08:47:54 INFO  Progress (4): 0.3/12 MB | 1.7/2.6 MB | 0.2/1.1 MB | 25/636 kB
2026.06.27 08:47:54 INFO  Progress (4): 0.3/12 MB | 1.7/2.6 MB | 0.2/1.1 MB | 25/636 kB
2026.06.27 08:47:54 INFO  Progress (4): 0.3/12 MB | 1.7/2.6 MB | 0.2/1.1 MB | 25/636 kB
2026.06.27 08:47:54 INFO  Progress (4): 0.3/12 MB | 1.7/2.6 MB | 0.2/1.1 MB | 25/636 kB
2026.06.27 08:47:54 INFO  Progress (4): 0.3/12 MB | 1.7/2.6 MB | 0.2/1.1 MB | 25/636 kB
2026.06.27 08:47:54 INFO  Progress (4): 0.3/12 MB | 1.7/2.6 MB | 0.2/1.1 MB | 25/636 kB
2026.06.27 08:47:54 INFO  Progress (4): 0.3/12 MB | 1.8/2.6 MB | 0.2/1.1 MB | 25/636 kB
2026.06.27 08:47:54 INFO  Progress (4): 0.3/12 MB | 1.8/2.6 MB | 0.2/1.1 MB | 25/636 kB
2026.06.27 08:47:54 INFO  Progress (4): 0.4/12 MB | 1.8/2.6 MB | 0.2/1.1 MB | 25/636 kB
2026.06.27 08:47:54 INFO  Progress (4): 0.4/12 MB | 1.8/2.6 MB | 0.2/1.1 MB | 25/636 kB
2026.06.27 08:47:54 INFO  Progress (4): 0.4/12 MB | 1.8/2.6 MB | 0.2/1.1 MB | 25/636 kB
2026.06.27 08:47:54 INFO  Progress (4): 0.4/12 MB | 1.8/2.6 MB | 0.2/1.1 MB | 25/636 kB
2026.06.27 08:47:54 INFO  Progress (4): 0.4/12 MB | 1.8/2.6 MB | 0.2/1.1 MB | 25/636 kB
2026.06.27 08:47:54 INFO  Progress (4): 0.4/12 MB | 1.8/2.6 MB | 0.2/1.1 MB | 25/636 kB
2026.06.27 08:47:54 INFO  Progress (4): 0.4/12 MB | 1.8/2.6 MB | 0.2/1.1 MB | 25/636 kB
2026.06.27 08:47:54 INFO  Progress (4): 0.4/12 MB | 1.9/2.6 MB | 0.2/1.1 MB | 25/636 kB
2026.06.27 08:47:54 INFO  Progress (4): 0.4/12 MB | 1.9/2.6 MB | 0.2/1.1 MB | 41/636 kB
2026.06.27 08:47:54 INFO  Progress (4): 0.4/12 MB | 1.9/2.6 MB | 0.2/1.1 MB | 41/636 kB
2026.06.27 08:47:54 INFO  Progress (4): 0.4/12 MB | 1.9/2.6 MB | 0.2/1.1 MB | 41/636 kB
2026.06.27 08:47:54 INFO  Progress (4): 0.4/12 MB | 1.9/2.6 MB | 0.2/1.1 MB | 41/636 kB
2026.06.27 08:47:54 INFO  Progress (4): 0.4/12 MB | 1.9/2.6 MB | 0.2/1.1 MB | 41/636 kB
2026.06.27 08:47:54 INFO  Progress (5): 0.4/12 MB | 1.9/2.6 MB | 0.2/1.1 MB | 41/636 kB | 8.2/229 kB
2026.06.27 08:47:54 INFO  Progress (5): 0.4/12 MB | 1.9/2.6 MB | 0.2/1.1 MB | 41/636 kB | 8.2/229 kB
2026.06.27 08:47:54 INFO  Progress (5): 0.4/12 MB | 2.0/2.6 MB | 0.2/1.1 MB | 41/636 kB | 8.2/229 kB
2026.06.27 08:47:54 INFO  Progress (5): 0.4/12 MB | 2.0/2.6 MB | 0.2/1.1 MB | 41/636 kB | 8.2/229 kB
2026.06.27 08:47:54 INFO  Progress (5): 0.4/12 MB | 2.0/2.6 MB | 0.2/1.1 MB | 41/636 kB | 8.2/229 kB
2026.06.27 08:47:54 INFO  Progress (5): 0.4/12 MB | 2.0/2.6 MB | 0.2/1.1 MB | 41/636 kB | 8.2/229 kB
2026.06.27 08:47:54 INFO  Progress (5): 0.4/12 MB | 2.0/2.6 MB | 0.2/1.1 MB | 41/636 kB | 8.2/229 kB
2026.06.27 08:47:54 INFO  Progress (5): 0.4/12 MB | 2.0/2.6 MB | 0.2/1.1 MB | 41/636 kB | 25/229 kB 
2026.06.27 08:47:54 INFO  Progress (5): 0.4/12 MB | 2.0/2.6 MB | 0.2/1.1 MB | 41/636 kB | 25/229 kB
2026.06.27 08:47:54 INFO  Progress (5): 0.4/12 MB | 2.0/2.6 MB | 0.2/1.1 MB | 41/636 kB | 25/229 kB
2026.06.27 08:47:54 INFO  Progress (5): 0.4/12 MB | 2.1/2.6 MB | 0.2/1.1 MB | 41/636 kB | 25/229 kB
2026.06.27 08:47:54 INFO  Progress (5): 0.4/12 MB | 2.1/2.6 MB | 0.2/1.1 MB | 41/636 kB | 25/229 kB
2026.06.27 08:47:54 INFO  Progress (5): 0.4/12 MB | 2.1/2.6 MB | 0.2/1.1 MB | 41/636 kB | 25/229 kB
2026.06.27 08:47:54 INFO  Progress (5): 0.4/12 MB | 2.1/2.6 MB | 0.2/1.1 MB | 41/636 kB | 25/229 kB
2026.06.27 08:47:54 INFO  Progress (5): 0.4/12 MB | 2.1/2.6 MB | 0.2/1.1 MB | 41/636 kB | 25/229 kB
2026.06.27 08:47:54 INFO  Progress (5): 0.4/12 MB | 2.1/2.6 MB | 0.2/1.1 MB | 41/636 kB | 25/229 kB
2026.06.27 08:47:54 INFO  Progress (5): 0.4/12 MB | 2.2/2.6 MB | 0.2/1.1 MB | 41/636 kB | 25/229 kB
2026.06.27 08:47:54 INFO  Progress (5): 0.4/12 MB | 2.2/2.6 MB | 0.2/1.1 MB | 41/636 kB | 25/229 kB
2026.06.27 08:47:54 INFO  Progress (5): 0.4/12 MB | 2.2/2.6 MB | 0.2/1.1 MB | 41/636 kB | 25/229 kB
2026.06.27 08:47:54 INFO  Progress (5): 0.4/12 MB | 2.2/2.6 MB | 0.2/1.1 MB | 41/636 kB | 25/229 kB
2026.06.27 08:47:54 INFO  Progress (5): 0.4/12 MB | 2.2/2.6 MB | 0.2/1.1 MB | 41/636 kB | 25/229 kB
2026.06.27 08:47:54 INFO  Progress (5): 0.4/12 MB | 2.2/2.6 MB | 0.2/1.1 MB | 41/636 kB | 25/229 kB
2026.06.27 08:47:54 INFO  Progress (5): 0.4/12 MB | 2.3/2.6 MB | 0.2/1.1 MB | 41/636 kB | 25/229 kB
2026.06.27 08:47:54 INFO  Progress (5): 0.4/12 MB | 2.3/2.6 MB | 0.3/1.1 MB | 41/636 kB | 25/229 kB
2026.06.27 08:47:54 INFO  Progress (5): 0.4/12 MB | 2.3/2.6 MB | 0.3/1.1 MB | 41/636 kB | 25/229 kB
2026.06.27 08:47:54 INFO  Progress (5): 0.4/12 MB | 2.3/2.6 MB | 0.3/1.1 MB | 41/636 kB | 25/229 kB
2026.06.27 08:47:54 INFO  Progress (5): 0.4/12 MB | 2.3/2.6 MB | 0.3/1.1 MB | 41/636 kB | 41/229 kB
2026.06.27 08:47:54 INFO  Progress (5): 0.4/12 MB | 2.3/2.6 MB | 0.3/1.1 MB | 57/636 kB | 41/229 kB
2026.06.27 08:47:54 INFO  Progress (5): 0.4/12 MB | 2.3/2.6 MB | 0.3/1.1 MB | 57/636 kB | 41/229 kB
2026.06.27 08:47:54 INFO  Progress (5): 0.4/12 MB | 2.3/2.6 MB | 0.3/1.1 MB | 57/636 kB | 41/229 kB
2026.06.27 08:47:54 INFO  Progress (5): 0.4/12 MB | 2.3/2.6 MB | 0.3/1.1 MB | 57/636 kB | 41/229 kB
2026.06.27 08:47:54 INFO  Progress (5): 0.4/12 MB | 2.4/2.6 MB | 0.3/1.1 MB | 57/636 kB | 41/229 kB
2026.06.27 08:47:54 INFO  Progress (5): 0.4/12 MB | 2.4/2.6 MB | 0.3/1.1 MB | 57/636 kB | 41/229 kB
2026.06.27 08:47:54 INFO  Progress (5): 0.4/12 MB | 2.4/2.6 MB | 0.3/1.1 MB | 57/636 kB | 41/229 kB
2026.06.27 08:47:54 INFO  Progress (5): 0.4/12 MB | 2.4/2.6 MB | 0.3/1.1 MB | 57/636 kB | 41/229 kB
2026.06.27 08:47:54 INFO  Progress (5): 0.4/12 MB | 2.4/2.6 MB | 0.3/1.1 MB | 57/636 kB | 41/229 kB
2026.06.27 08:47:54 INFO  Progress (5): 0.4/12 MB | 2.4/2.6 MB | 0.3/1.1 MB | 57/636 kB | 41/229 kB
2026.06.27 08:47:54 INFO  Progress (5): 0.4/12 MB | 2.4/2.6 MB | 0.3/1.1 MB | 57/636 kB | 41/229 kB
2026.06.27 08:47:54 INFO  Progress (5): 0.4/12 MB | 2.5/2.6 MB | 0.3/1.1 MB | 57/636 kB | 41/229 kB
2026.06.27 08:47:54 INFO  Progress (5): 0.4/12 MB | 2.5/2.6 MB | 0.3/1.1 MB | 57/636 kB | 41/229 kB
2026.06.27 08:47:54 INFO  Progress (5): 0.4/12 MB | 2.5/2.6 MB | 0.3/1.1 MB | 66/636 kB | 41/229 kB
2026.06.27 08:47:54 INFO  Progress (5): 0.4/12 MB | 2.5/2.6 MB | 0.3/1.1 MB | 66/636 kB | 41/229 kB
2026.06.27 08:47:54 INFO  Progress (5): 0.4/12 MB | 2.5/2.6 MB | 0.3/1.1 MB | 66/636 kB | 57/229 kB
2026.06.27 08:47:54 INFO  Progress (5): 0.4/12 MB | 2.5/2.6 MB | 0.3/1.1 MB | 66/636 kB | 57/229 kB
2026.06.27 08:47:54 INFO  Progress (5): 0.4/12 MB | 2.5/2.6 MB | 0.3/1.1 MB | 66/636 kB | 57/229 kB
2026.06.27 08:47:54 INFO  Progress (5): 0.4/12 MB | 2.5/2.6 MB | 0.3/1.1 MB | 66/636 kB | 57/229 kB
2026.06.27 08:47:54 INFO  Progress (5): 0.4/12 MB | 2.6/2.6 MB | 0.3/1.1 MB | 66/636 kB | 57/229 kB
2026.06.27 08:47:54 INFO  Progress (5): 0.4/12 MB | 2.6/2.6 MB | 0.3/1.1 MB | 66/636 kB | 57/229 kB
2026.06.27 08:47:54 INFO  Progress (5): 0.4/12 MB | 2.6/2.6 MB | 0.3/1.1 MB | 66/636 kB | 57/229 kB
2026.06.27 08:47:54 INFO  Progress (5): 0.4/12 MB | 2.6/2.6 MB | 0.3/1.1 MB | 66/636 kB | 74/229 kB
2026.06.27 08:47:54 INFO  Progress (5): 0.4/12 MB | 2.6/2.6 MB | 0.3/1.1 MB | 66/636 kB | 74/229 kB
2026.06.27 08:47:54 INFO  Progress (5): 0.4/12 MB | 2.6 MB | 0.3/1.1 MB | 66/636 kB | 74/229 kB    
2026.06.27 08:47:54 INFO  Progress (5): 0.4/12 MB | 2.6 MB | 0.3/1.1 MB | 66/636 kB | 90/229 kB
2026.06.27 08:47:54 INFO  Progress (5): 0.4/12 MB | 2.6 MB | 0.3/1.1 MB | 82/636 kB | 90/229 kB
2026.06.27 08:47:54 INFO  Progress (5): 0.4/12 MB | 2.6 MB | 0.3/1.1 MB | 82/636 kB | 98/229 kB
2026.06.27 08:47:54 INFO  Progress (5): 0.4/12 MB | 2.6 MB | 0.3/1.1 MB | 98/636 kB | 98/229 kB
2026.06.27 08:47:54 INFO  Progress (5): 0.4/12 MB | 2.6 MB | 0.3/1.1 MB | 98/636 kB | 115/229 kB
2026.06.27 08:47:54 INFO  Progress (5): 0.4/12 MB | 2.6 MB | 0.3/1.1 MB | 98/636 kB | 131/229 kB
2026.06.27 08:47:54 INFO  Progress (5): 0.4/12 MB | 2.6 MB | 0.3/1.1 MB | 98/636 kB | 147/229 kB
2026.06.27 08:47:54 INFO  Progress (5): 0.4/12 MB | 2.6 MB | 0.3/1.1 MB | 98/636 kB | 156/229 kB
2026.06.27 08:47:54 INFO  Progress (5): 0.4/12 MB | 2.6 MB | 0.3/1.1 MB | 98/636 kB | 164/229 kB
2026.06.27 08:47:54 INFO  Progress (5): 0.4/12 MB | 2.6 MB | 0.3/1.1 MB | 98/636 kB | 180/229 kB
2026.06.27 08:47:54 INFO                                                                        
2026.06.27 08:47:54 INFO  Downloaded from central: https://repo.maven.apache.org/maven2/org/scala-sbt/zinc-persist-core-assembly/1.8.0/zinc-persist-core-assembly-1.8.0.jar (2.6 MB at 2.3 MB/s)
2026.06.27 08:47:54 INFO  Progress (4): 0.4/12 MB | 0.3/1.1 MB | 98/636 kB | 197/229 kB
2026.06.27 08:47:54 INFO                                                               
2026.06.27 08:47:54 INFO  Downloading from central: https://repo.maven.apache.org/maven2/net/java/dev/jna/jna/5.12.0/jna-5.12.0.jar
2026.06.27 08:47:54 INFO  Progress (4): 0.4/12 MB | 0.3/1.1 MB | 115/636 kB | 197/229 kB
2026.06.27 08:47:54 INFO  Progress (4): 0.4/12 MB | 0.3/1.1 MB | 115/636 kB | 213/229 kB
2026.06.27 08:47:54 INFO  Progress (4): 0.4/12 MB | 0.3/1.1 MB | 131/636 kB | 213/229 kB
2026.06.27 08:47:54 INFO  Progress (4): 0.4/12 MB | 0.3/1.1 MB | 131/636 kB | 229 kB    
2026.06.27 08:47:54 INFO  Progress (4): 0.4/12 MB | 0.3/1.1 MB | 147/636 kB | 229 kB
2026.06.27 08:47:54 INFO                                                            
2026.06.27 08:47:54 INFO  Downloaded from central: https://repo.maven.apache.org/maven2/com/swoval/file-tree-views/2.1.9/file-tree-views-2.1.9.jar (229 kB at 199 kB/s)
2026.06.27 08:47:54 INFO  Downloading from central: https://repo.maven.apache.org/maven2/net/java/dev/jna/jna-platform/5.12.0/jna-platform-5.12.0.jar
2026.06.27 08:47:54 INFO  Progress (3): 0.4/12 MB | 0.3/1.1 MB | 164/636 kB
2026.06.27 08:47:54 INFO  Progress (3): 0.4/12 MB | 0.3/1.1 MB | 180/636 kB
2026.06.27 08:47:54 INFO  Progress (3): 0.4/12 MB | 0.3/1.1 MB | 197/636 kB
2026.06.27 08:47:54 INFO  Progress (3): 0.4/12 MB | 0.3/1.1 MB | 197/636 kB
2026.06.27 08:47:54 INFO  Progress (3): 0.4/12 MB | 0.3/1.1 MB | 197/636 kB
2026.06.27 08:47:54 INFO  Progress (3): 0.4/12 MB | 0.3/1.1 MB | 213/636 kB
2026.06.27 08:47:54 INFO  Progress (3): 0.4/12 MB | 0.3/1.1 MB | 213/636 kB
2026.06.27 08:47:54 INFO  Progress (3): 0.4/12 MB | 0.3/1.1 MB | 229/636 kB
2026.06.27 08:47:54 INFO  Progress (3): 0.4/12 MB | 0.3/1.1 MB | 229/636 kB
2026.06.27 08:47:54 INFO  Progress (3): 0.4/12 MB | 0.3/1.1 MB | 229/636 kB
2026.06.27 08:47:54 INFO  Progress (3): 0.4/12 MB | 0.3/1.1 MB | 246/636 kB
2026.06.27 08:47:54 INFO  Progress (3): 0.4/12 MB | 0.4/1.1 MB | 246/636 kB
2026.06.27 08:47:54 INFO  Progress (3): 0.4/12 MB | 0.4/1.1 MB | 246/636 kB
2026.06.27 08:47:54 INFO  Progress (3): 0.4/12 MB | 0.4/1.1 MB | 246/636 kB
2026.06.27 08:47:54 INFO  Progress (3): 0.4/12 MB | 0.4/1.1 MB | 246/636 kB
2026.06.27 08:47:54 INFO  Progress (3): 0.4/12 MB | 0.4/1.1 MB | 246/636 kB
2026.06.27 08:47:54 INFO  Progress (3): 0.4/12 MB | 0.4/1.1 MB | 262/636 kB
2026.06.27 08:47:54 INFO  Progress (3): 0.4/12 MB | 0.4/1.1 MB | 262/636 kB
2026.06.27 08:47:54 INFO  Progress (3): 0.4/12 MB | 0.4/1.1 MB | 262/636 kB
2026.06.27 08:47:54 INFO  Progress (3): 0.4/12 MB | 0.4/1.1 MB | 262/636 kB
2026.06.27 08:47:54 INFO  Progress (3): 0.4/12 MB | 0.4/1.1 MB | 262/636 kB
2026.06.27 08:47:54 INFO  Progress (3): 0.4/12 MB | 0.4/1.1 MB | 279/636 kB
2026.06.27 08:47:54 INFO  Progress (3): 0.4/12 MB | 0.4/1.1 MB | 279/636 kB
2026.06.27 08:47:54 INFO  Progress (3): 0.4/12 MB | 0.5/1.1 MB | 279/636 kB
2026.06.27 08:47:54 INFO  Progress (3): 0.5/12 MB | 0.5/1.1 MB | 279/636 kB
2026.06.27 08:47:54 INFO  Progress (3): 0.5/12 MB | 0.5/1.1 MB | 279/636 kB
2026.06.27 08:47:54 INFO  Progress (3): 0.5/12 MB | 0.5/1.1 MB | 279/636 kB
2026.06.27 08:47:54 INFO  Progress (3): 0.5/12 MB | 0.5/1.1 MB | 279/636 kB
2026.06.27 08:47:54 INFO  Progress (3): 0.5/12 MB | 0.5/1.1 MB | 295/636 kB
2026.06.27 08:47:54 INFO  Progress (3): 0.5/12 MB | 0.5/1.1 MB | 295/636 kB
2026.06.27 08:47:54 INFO  Progress (3): 0.5/12 MB | 0.5/1.1 MB | 295/636 kB
2026.06.27 08:47:54 INFO  Progress (3): 0.5/12 MB | 0.5/1.1 MB | 295/636 kB
2026.06.27 08:47:54 INFO  Progress (3): 0.5/12 MB | 0.5/1.1 MB | 295/636 kB
2026.06.27 08:47:54 INFO  Progress (3): 0.5/12 MB | 0.5/1.1 MB | 295/636 kB
2026.06.27 08:47:54 INFO  Progress (3): 0.5/12 MB | 0.5/1.1 MB | 311/636 kB
2026.06.27 08:47:54 INFO  Progress (3): 0.5/12 MB | 0.5/1.1 MB | 311/636 kB
2026.06.27 08:47:54 INFO  Progress (3): 0.5/12 MB | 0.5/1.1 MB | 311/636 kB
2026.06.27 08:47:54 INFO  Progress (3): 0.5/12 MB | 0.5/1.1 MB | 328/636 kB
2026.06.27 08:47:54 INFO  Progress (3): 0.6/12 MB | 0.5/1.1 MB | 328/636 kB
2026.06.27 08:47:54 INFO  Progress (3): 0.6/12 MB | 0.5/1.1 MB | 328/636 kB
2026.06.27 08:47:54 INFO  Progress (3): 0.6/12 MB | 0.5/1.1 MB | 328/636 kB
2026.06.27 08:47:54 INFO  Progress (3): 0.6/12 MB | 0.6/1.1 MB | 328/636 kB
2026.06.27 08:47:54 INFO  Progress (3): 0.6/12 MB | 0.6/1.1 MB | 328/636 kB
2026.06.27 08:47:54 INFO  Progress (3): 0.6/12 MB | 0.6/1.1 MB | 344/636 kB
2026.06.27 08:47:54 INFO  Progress (3): 0.6/12 MB | 0.6/1.1 MB | 344/636 kB
2026.06.27 08:47:54 INFO  Progress (3): 0.6/12 MB | 0.6/1.1 MB | 344/636 kB
2026.06.27 08:47:54 INFO  Progress (3): 0.6/12 MB | 0.6/1.1 MB | 344/636 kB
2026.06.27 08:47:54 INFO  Progress (3): 0.6/12 MB | 0.6/1.1 MB | 344/636 kB
2026.06.27 08:47:54 INFO  Progress (3): 0.6/12 MB | 0.6/1.1 MB | 344/636 kB
2026.06.27 08:47:54 INFO  Progress (3): 0.6/12 MB | 0.6/1.1 MB | 360/636 kB
2026.06.27 08:47:54 INFO  Progress (3): 0.6/12 MB | 0.6/1.1 MB | 360/636 kB
2026.06.27 08:47:54 INFO  Progress (3): 0.6/12 MB | 0.6/1.1 MB | 360/636 kB
2026.06.27 08:47:54 INFO  Progress (3): 0.6/12 MB | 0.6/1.1 MB | 360/636 kB
2026.06.27 08:47:54 INFO  Progress (3): 0.6/12 MB | 0.6/1.1 MB | 377/636 kB
2026.06.27 08:47:54 INFO  Progress (3): 0.6/12 MB | 0.7/1.1 MB | 377/636 kB
2026.06.27 08:47:54 INFO  Progress (3): 0.6/12 MB | 0.7/1.1 MB | 377/636 kB
2026.06.27 08:47:54 INFO  Progress (3): 0.6/12 MB | 0.7/1.1 MB | 393/636 kB
2026.06.27 08:47:54 INFO  Progress (3): 0.6/12 MB | 0.7/1.1 MB | 393/636 kB
2026.06.27 08:47:54 INFO  Progress (3): 0.6/12 MB | 0.7/1.1 MB | 393/636 kB
2026.06.27 08:47:54 INFO  Progress (3): 0.6/12 MB | 0.7/1.1 MB | 410/636 kB
2026.06.27 08:47:54 INFO  Progress (3): 0.6/12 MB | 0.7/1.1 MB | 410/636 kB
2026.06.27 08:47:54 INFO  Progress (3): 0.6/12 MB | 0.7/1.1 MB | 410/636 kB
2026.06.27 08:47:54 INFO  Progress (3): 0.6/12 MB | 0.7/1.1 MB | 426/636 kB
2026.06.27 08:47:54 INFO  Progress (4): 0.6/12 MB | 0.7/1.1 MB | 426/636 kB | 0/1.9 MB
2026.06.27 08:47:54 INFO  Progress (4): 0.6/12 MB | 0.7/1.1 MB | 426/636 kB | 0/1.9 MB
2026.06.27 08:47:54 INFO  Progress (4): 0.6/12 MB | 0.7/1.1 MB | 426/636 kB | 0/1.9 MB
2026.06.27 08:47:54 INFO  Progress (4): 0.6/12 MB | 0.7/1.1 MB | 426/636 kB | 0/1.9 MB
2026.06.27 08:47:54 INFO  Progress (4): 0.6/12 MB | 0.7/1.1 MB | 426/636 kB | 0.1/1.9 MB
2026.06.27 08:47:54 INFO  Progress (4): 0.6/12 MB | 0.7/1.1 MB | 426/636 kB | 0.1/1.9 MB
2026.06.27 08:47:54 INFO  Progress (4): 0.6/12 MB | 0.7/1.1 MB | 426/636 kB | 0.1/1.9 MB
2026.06.27 08:47:54 INFO  Progress (4): 0.6/12 MB | 0.7/1.1 MB | 426/636 kB | 0.1/1.9 MB
2026.06.27 08:47:54 INFO  Progress (4): 0.6/12 MB | 0.7/1.1 MB | 426/636 kB | 0.1/1.9 MB
2026.06.27 08:47:54 INFO  Progress (4): 0.6/12 MB | 0.7/1.1 MB | 426/636 kB | 0.1/1.9 MB
2026.06.27 08:47:54 INFO  Progress (4): 0.6/12 MB | 0.7/1.1 MB | 426/636 kB | 0.1/1.9 MB
2026.06.27 08:47:54 INFO  Progress (4): 0.6/12 MB | 0.7/1.1 MB | 426/636 kB | 0.2/1.9 MB
2026.06.27 08:47:54 INFO  Progress (4): 0.6/12 MB | 0.7/1.1 MB | 426/636 kB | 0.2/1.9 MB
2026.06.27 08:47:54 INFO  Progress (4): 0.6/12 MB | 0.8/1.1 MB | 426/636 kB | 0.2/1.9 MB
2026.06.27 08:47:54 INFO  Progress (4): 0.6/12 MB | 0.8/1.1 MB | 426/636 kB | 0.2/1.9 MB
2026.06.27 08:47:54 INFO  Progress (4): 0.6/12 MB | 0.8/1.1 MB | 426/636 kB | 0.2/1.9 MB
2026.06.27 08:47:54 INFO  Progress (4): 0.6/12 MB | 0.8/1.1 MB | 426/636 kB | 0.2/1.9 MB
2026.06.27 08:47:54 INFO  Progress (4): 0.6/12 MB | 0.8/1.1 MB | 426/636 kB | 0.2/1.9 MB
2026.06.27 08:47:54 INFO  Progress (4): 0.6/12 MB | 0.8/1.1 MB | 426/636 kB | 0.3/1.9 MB
2026.06.27 08:47:54 INFO  Progress (4): 0.6/12 MB | 0.8/1.1 MB | 426/636 kB | 0.3/1.9 MB
2026.06.27 08:47:54 INFO  Progress (4): 0.6/12 MB | 0.8/1.1 MB | 426/636 kB | 0.3/1.9 MB
2026.06.27 08:47:54 INFO  Progress (4): 0.6/12 MB | 0.8/1.1 MB | 426/636 kB | 0.3/1.9 MB
2026.06.27 08:47:54 INFO  Progress (4): 0.6/12 MB | 0.8/1.1 MB | 426/636 kB | 0.3/1.9 MB
2026.06.27 08:47:54 INFO  Progress (4): 0.6/12 MB | 0.8/1.1 MB | 426/636 kB | 0.3/1.9 MB
2026.06.27 08:47:54 INFO  Progress (4): 0.6/12 MB | 0.8/1.1 MB | 426/636 kB | 0.3/1.9 MB
2026.06.27 08:47:54 INFO  Progress (4): 0.6/12 MB | 0.8/1.1 MB | 426/636 kB | 0.3/1.9 MB
2026.06.27 08:47:54 INFO  Progress (4): 0.6/12 MB | 0.8/1.1 MB | 426/636 kB | 0.3/1.9 MB
2026.06.27 08:47:54 INFO  Progress (4): 0.6/12 MB | 0.8/1.1 MB | 426/636 kB | 0.4/1.9 MB
2026.06.27 08:47:54 INFO  Progress (4): 0.6/12 MB | 0.8/1.1 MB | 426/636 kB | 0.4/1.9 MB
2026.06.27 08:47:54 INFO  Progress (4): 0.6/12 MB | 0.8/1.1 MB | 426/636 kB | 0.4/1.9 MB
2026.06.27 08:47:54 INFO  Progress (4): 0.6/12 MB | 0.8/1.1 MB | 426/636 kB | 0.4/1.9 MB
2026.06.27 08:47:54 INFO  Progress (4): 0.6/12 MB | 0.8/1.1 MB | 426/636 kB | 0.4/1.9 MB
2026.06.27 08:47:54 INFO  Progress (4): 0.6/12 MB | 0.8/1.1 MB | 426/636 kB | 0.4/1.9 MB
2026.06.27 08:47:54 INFO  Progress (4): 0.6/12 MB | 0.8/1.1 MB | 426/636 kB | 0.4/1.9 MB
2026.06.27 08:47:54 INFO  Progress (4): 0.6/12 MB | 0.8/1.1 MB | 426/636 kB | 0.5/1.9 MB
2026.06.27 08:47:54 INFO  Progress (4): 0.6/12 MB | 0.8/1.1 MB | 426/636 kB | 0.5/1.9 MB
2026.06.27 08:47:54 INFO  Progress (4): 0.6/12 MB | 0.8/1.1 MB | 426/636 kB | 0.5/1.9 MB
2026.06.27 08:47:54 INFO  Progress (4): 0.6/12 MB | 0.8/1.1 MB | 426/636 kB | 0.5/1.9 MB
2026.06.27 08:47:54 INFO  Progress (4): 0.6/12 MB | 0.8/1.1 MB | 426/636 kB | 0.5/1.9 MB
2026.06.27 08:47:54 INFO  Progress (4): 0.6/12 MB | 0.8/1.1 MB | 426/636 kB | 0.5/1.9 MB
2026.06.27 08:47:54 INFO  Progress (4): 0.6/12 MB | 0.8/1.1 MB | 426/636 kB | 0.5/1.9 MB
2026.06.27 08:47:54 INFO  Progress (4): 0.6/12 MB | 0.8/1.1 MB | 426/636 kB | 0.5/1.9 MB
2026.06.27 08:47:54 INFO  Progress (4): 0.6/12 MB | 0.8/1.1 MB | 426/636 kB | 0.5/1.9 MB
2026.06.27 08:47:54 INFO  Progress (4): 0.6/12 MB | 0.8/1.1 MB | 426/636 kB | 0.5/1.9 MB
2026.06.27 08:47:54 INFO  Progress (4): 0.6/12 MB | 0.8/1.1 MB | 426/636 kB | 0.6/1.9 MB
2026.06.27 08:47:54 INFO  Progress (4): 0.6/12 MB | 0.8/1.1 MB | 442/636 kB | 0.6/1.9 MB
2026.06.27 08:47:54 INFO  Progress (4): 0.6/12 MB | 0.8/1.1 MB | 442/636 kB | 0.6/1.9 MB
2026.06.27 08:47:54 INFO  Progress (4): 0.6/12 MB | 0.8/1.1 MB | 442/636 kB | 0.6/1.9 MB
2026.06.27 08:47:54 INFO  Progress (4): 0.6/12 MB | 0.8/1.1 MB | 442/636 kB | 0.6/1.9 MB
2026.06.27 08:47:54 INFO  Progress (4): 0.6/12 MB | 0.8/1.1 MB | 442/636 kB | 0.6/1.9 MB
2026.06.27 08:47:54 INFO  Progress (4): 0.6/12 MB | 0.8/1.1 MB | 442/636 kB | 0.6/1.9 MB
2026.06.27 08:47:54 INFO  Progress (4): 0.6/12 MB | 0.8/1.1 MB | 442/636 kB | 0.7/1.9 MB
2026.06.27 08:47:54 INFO  Progress (4): 0.6/12 MB | 0.8/1.1 MB | 442/636 kB | 0.7/1.9 MB
2026.06.27 08:47:54 INFO  Progress (4): 0.6/12 MB | 0.8/1.1 MB | 442/636 kB | 0.7/1.9 MB
2026.06.27 08:47:54 INFO  Progress (4): 0.6/12 MB | 0.8/1.1 MB | 459/636 kB | 0.7/1.9 MB
2026.06.27 08:47:54 INFO  Progress (4): 0.6/12 MB | 0.8/1.1 MB | 459/636 kB | 0.7/1.9 MB
2026.06.27 08:47:54 INFO  Progress (4): 0.6/12 MB | 0.8/1.1 MB | 459/636 kB | 0.7/1.9 MB
2026.06.27 08:47:54 INFO  Progress (4): 0.6/12 MB | 0.8/1.1 MB | 459/636 kB | 0.7/1.9 MB
2026.06.27 08:47:54 INFO  Progress (4): 0.6/12 MB | 0.8/1.1 MB | 475/636 kB | 0.7/1.9 MB
2026.06.27 08:47:54 INFO  Progress (4): 0.6/12 MB | 0.8/1.1 MB | 475/636 kB | 0.7/1.9 MB
2026.06.27 08:47:54 INFO  Progress (4): 0.6/12 MB | 0.9/1.1 MB | 475/636 kB | 0.7/1.9 MB
2026.06.27 08:47:54 INFO  Progress (4): 0.6/12 MB | 0.9/1.1 MB | 475/636 kB | 0.7/1.9 MB
2026.06.27 08:47:54 INFO  Progress (4): 0.6/12 MB | 0.9/1.1 MB | 475/636 kB | 0.8/1.9 MB
2026.06.27 08:47:54 INFO  Progress (4): 0.6/12 MB | 0.9/1.1 MB | 475/636 kB | 0.8/1.9 MB
2026.06.27 08:47:54 INFO  Progress (4): 0.6/12 MB | 0.9/1.1 MB | 475/636 kB | 0.8/1.9 MB
2026.06.27 08:47:54 INFO  Progress (4): 0.6/12 MB | 0.9/1.1 MB | 475/636 kB | 0.8/1.9 MB
2026.06.27 08:47:54 INFO  Progress (4): 0.6/12 MB | 0.9/1.1 MB | 475/636 kB | 0.8/1.9 MB
2026.06.27 08:47:54 INFO  Progress (4): 0.6/12 MB | 0.9/1.1 MB | 475/636 kB | 0.8/1.9 MB
2026.06.27 08:47:54 INFO  Progress (4): 0.6/12 MB | 0.9/1.1 MB | 475/636 kB | 0.8/1.9 MB
2026.06.27 08:47:54 INFO  Progress (5): 0.6/12 MB | 0.9/1.1 MB | 475/636 kB | 0.8/1.9 MB | 0/1.4 MB
2026.06.27 08:47:54 INFO  Progress (5): 0.6/12 MB | 0.9/1.1 MB | 475/636 kB | 0.8/1.9 MB | 0/1.4 MB
2026.06.27 08:47:54 INFO  Progress (5): 0.6/12 MB | 0.9/1.1 MB | 475/636 kB | 0.9/1.9 MB | 0/1.4 MB
2026.06.27 08:47:54 INFO  Progress (5): 0.6/12 MB | 0.9/1.1 MB | 475/636 kB | 0.9/1.9 MB | 0/1.4 MB
2026.06.27 08:47:54 INFO  Progress (5): 0.6/12 MB | 0.9/1.1 MB | 475/636 kB | 0.9/1.9 MB | 0/1.4 MB
2026.06.27 08:47:54 INFO  Progress (5): 0.6/12 MB | 0.9/1.1 MB | 475/636 kB | 0.9/1.9 MB | 0/1.4 MB
2026.06.27 08:47:54 INFO  Progress (5): 0.6/12 MB | 0.9/1.1 MB | 475/636 kB | 0.9/1.9 MB | 0/1.4 MB
2026.06.27 08:47:54 INFO  Progress (5): 0.6/12 MB | 0.9/1.1 MB | 475/636 kB | 0.9/1.9 MB | 0/1.4 MB
2026.06.27 08:47:54 INFO  Progress (5): 0.6/12 MB | 0.9/1.1 MB | 475/636 kB | 0.9/1.9 MB | 0/1.4 MB
2026.06.27 08:47:54 INFO  Progress (5): 0.6/12 MB | 0.9/1.1 MB | 475/636 kB | 0.9/1.9 MB | 0/1.4 MB
2026.06.27 08:47:54 INFO  Progress (5): 0.6/12 MB | 0.9/1.1 MB | 475/636 kB | 0.9/1.9 MB | 0/1.4 MB
2026.06.27 08:47:54 INFO  Progress (5): 0.6/12 MB | 0.9/1.1 MB | 475/636 kB | 0.9/1.9 MB | 0/1.4 MB
2026.06.27 08:47:54 INFO  Progress (5): 0.6/12 MB | 0.9/1.1 MB | 475/636 kB | 0.9/1.9 MB | 0/1.4 MB
2026.06.27 08:47:54 INFO  Progress (5): 0.6/12 MB | 0.9/1.1 MB | 475/636 kB | 0.9/1.9 MB | 0/1.4 MB
2026.06.27 08:47:54 INFO  Progress (5): 0.6/12 MB | 0.9/1.1 MB | 475/636 kB | 1.0/1.9 MB | 0/1.4 MB
2026.06.27 08:47:54 INFO  Progress (5): 0.6/12 MB | 0.9/1.1 MB | 475/636 kB | 1.0/1.9 MB | 0/1.4 MB
2026.06.27 08:47:54 INFO  Progress (5): 0.6/12 MB | 0.9/1.1 MB | 475/636 kB | 1.0/1.9 MB | 0/1.4 MB
2026.06.27 08:47:54 INFO  Progress (5): 0.6/12 MB | 0.9/1.1 MB | 475/636 kB | 1.0/1.9 MB | 0/1.4 MB
2026.06.27 08:47:54 INFO  Progress (5): 0.6/12 MB | 0.9/1.1 MB | 475/636 kB | 1.0/1.9 MB | 0/1.4 MB
2026.06.27 08:47:54 INFO  Progress (5): 0.6/12 MB | 0.9/1.1 MB | 475/636 kB | 1.0/1.9 MB | 0/1.4 MB
2026.06.27 08:47:54 INFO  Progress (5): 0.6/12 MB | 0.9/1.1 MB | 475/636 kB | 1.0/1.9 MB | 0/1.4 MB
2026.06.27 08:47:54 INFO  Progress (5): 0.6/12 MB | 0.9/1.1 MB | 475/636 kB | 1.0/1.9 MB | 0/1.4 MB
2026.06.27 08:47:54 INFO  Progress (5): 0.6/12 MB | 0.9/1.1 MB | 475/636 kB | 1.0/1.9 MB | 0/1.4 MB
2026.06.27 08:47:54 INFO  Progress (5): 0.6/12 MB | 0.9/1.1 MB | 475/636 kB | 1.1/1.9 MB | 0/1.4 MB
2026.06.27 08:47:54 INFO  Progress (5): 0.6/12 MB | 0.9/1.1 MB | 475/636 kB | 1.1/1.9 MB | 0/1.4 MB
2026.06.27 08:47:54 INFO  Progress (5): 0.6/12 MB | 0.9/1.1 MB | 475/636 kB | 1.1/1.9 MB | 0/1.4 MB
2026.06.27 08:47:54 INFO  Progress (5): 0.6/12 MB | 0.9/1.1 MB | 475/636 kB | 1.1/1.9 MB | 0/1.4 MB
2026.06.27 08:47:54 INFO  Progress (5): 0.6/12 MB | 0.9/1.1 MB | 475/636 kB | 1.1/1.9 MB | 0/1.4 MB
2026.06.27 08:47:54 INFO  Progress (5): 0.6/12 MB | 0.9/1.1 MB | 475/636 kB | 1.1/1.9 MB | 0/1.4 MB
2026.06.27 08:47:54 INFO  Progress (5): 0.6/12 MB | 0.9/1.1 MB | 475/636 kB | 1.1/1.9 MB | 0/1.4 MB
2026.06.27 08:47:54 INFO  Progress (5): 0.6/12 MB | 0.9/1.1 MB | 475/636 kB | 1.1/1.9 MB | 0/1.4 MB
2026.06.27 08:47:54 INFO  Progress (5): 0.6/12 MB | 0.9/1.1 MB | 475/636 kB | 1.2/1.9 MB | 0/1.4 MB
2026.06.27 08:47:54 INFO  Progress (5): 0.6/12 MB | 0.9/1.1 MB | 475/636 kB | 1.2/1.9 MB | 0/1.4 MB
2026.06.27 08:47:54 INFO  Progress (5): 0.6/12 MB | 0.9/1.1 MB | 475/636 kB | 1.2/1.9 MB | 0/1.4 MB
2026.06.27 08:47:54 INFO  Progress (5): 0.6/12 MB | 0.9/1.1 MB | 475/636 kB | 1.2/1.9 MB | 0/1.4 MB
2026.06.27 08:47:54 INFO  Progress (5): 0.6/12 MB | 0.9/1.1 MB | 475/636 kB | 1.2/1.9 MB | 0/1.4 MB
2026.06.27 08:47:54 INFO  Progress (5): 0.6/12 MB | 0.9/1.1 MB | 475/636 kB | 1.2/1.9 MB | 0/1.4 MB
2026.06.27 08:47:54 INFO  Progress (5): 0.6/12 MB | 0.9/1.1 MB | 475/636 kB | 1.2/1.9 MB | 0/1.4 MB
2026.06.27 08:47:54 INFO  Progress (5): 0.6/12 MB | 0.9/1.1 MB | 475/636 kB | 1.2/1.9 MB | 0/1.4 MB
2026.06.27 08:47:54 INFO  Progress (5): 0.6/12 MB | 0.9/1.1 MB | 475/636 kB | 1.2/1.9 MB | 0/1.4 MB
2026.06.27 08:47:54 INFO  Progress (5): 0.6/12 MB | 0.9/1.1 MB | 475/636 kB | 1.3/1.9 MB | 0/1.4 MB
2026.06.27 08:47:54 INFO  Progress (5): 0.6/12 MB | 0.9/1.1 MB | 475/636 kB | 1.3/1.9 MB | 0/1.4 MB
2026.06.27 08:47:54 INFO  Progress (5): 0.6/12 MB | 0.9/1.1 MB | 475/636 kB | 1.3/1.9 MB | 0/1.4 MB
2026.06.27 08:47:54 INFO  Progress (5): 0.6/12 MB | 0.9/1.1 MB | 475/636 kB | 1.3/1.9 MB | 0/1.4 MB
2026.06.27 08:47:54 INFO  Progress (5): 0.6/12 MB | 0.9/1.1 MB | 475/636 kB | 1.3/1.9 MB | 0/1.4 MB
2026.06.27 08:47:54 INFO  Progress (5): 0.6/12 MB | 0.9/1.1 MB | 475/636 kB | 1.3/1.9 MB | 0/1.4 MB
2026.06.27 08:47:54 INFO  Progress (5): 0.6/12 MB | 0.9/1.1 MB | 475/636 kB | 1.3/1.9 MB | 0/1.4 MB
2026.06.27 08:47:54 INFO  Progress (5): 0.6/12 MB | 0.9/1.1 MB | 475/636 kB | 1.4/1.9 MB | 0/1.4 MB
2026.06.27 08:47:54 INFO  Progress (5): 0.6/12 MB | 0.9/1.1 MB | 475/636 kB | 1.4/1.9 MB | 0/1.4 MB
2026.06.27 08:47:54 INFO  Progress (5): 0.6/12 MB | 0.9/1.1 MB | 475/636 kB | 1.4/1.9 MB | 0/1.4 MB
2026.06.27 08:47:54 INFO  Progress (5): 0.6/12 MB | 0.9/1.1 MB | 475/636 kB | 1.4/1.9 MB | 0.1/1.4 MB
2026.06.27 08:47:54 INFO  Progress (5): 0.6/12 MB | 0.9/1.1 MB | 475/636 kB | 1.4/1.9 MB | 0.1/1.4 MB
2026.06.27 08:47:54 INFO  Progress (5): 0.6/12 MB | 0.9/1.1 MB | 475/636 kB | 1.4/1.9 MB | 0.1/1.4 MB
2026.06.27 08:47:54 INFO  Progress (5): 0.6/12 MB | 0.9/1.1 MB | 475/636 kB | 1.4/1.9 MB | 0.1/1.4 MB
2026.06.27 08:47:54 INFO  Progress (5): 0.6/12 MB | 0.9/1.1 MB | 475/636 kB | 1.4/1.9 MB | 0.1/1.4 MB
2026.06.27 08:47:54 INFO  Progress (5): 0.6/12 MB | 0.9/1.1 MB | 475/636 kB | 1.4/1.9 MB | 0.1/1.4 MB
2026.06.27 08:47:54 INFO  Progress (5): 0.6/12 MB | 0.9/1.1 MB | 475/636 kB | 1.5/1.9 MB | 0.1/1.4 MB
2026.06.27 08:47:54 INFO  Progress (5): 0.6/12 MB | 0.9/1.1 MB | 475/636 kB | 1.5/1.9 MB | 0.1/1.4 MB
2026.06.27 08:47:54 INFO  Progress (5): 0.6/12 MB | 0.9/1.1 MB | 475/636 kB | 1.5/1.9 MB | 0.1/1.4 MB
2026.06.27 08:47:54 INFO  Progress (5): 0.6/12 MB | 0.9/1.1 MB | 475/636 kB | 1.5/1.9 MB | 0.1/1.4 MB
2026.06.27 08:47:54 INFO  Progress (5): 0.6/12 MB | 1.0/1.1 MB | 475/636 kB | 1.5/1.9 MB | 0.1/1.4 MB
2026.06.27 08:47:54 INFO  Progress (5): 0.6/12 MB | 1.0/1.1 MB | 475/636 kB | 1.5/1.9 MB | 0.1/1.4 MB
2026.06.27 08:47:54 INFO  Progress (5): 0.6/12 MB | 1.0/1.1 MB | 475/636 kB | 1.5/1.9 MB | 0.1/1.4 MB
2026.06.27 08:47:54 INFO  Progress (5): 0.6/12 MB | 1.0/1.1 MB | 475/636 kB | 1.5/1.9 MB | 0.1/1.4 MB
2026.06.27 08:47:54 INFO  Progress (5): 0.6/12 MB | 1.0/1.1 MB | 475/636 kB | 1.6/1.9 MB | 0.1/1.4 MB
2026.06.27 08:47:54 INFO  Progress (5): 0.6/12 MB | 1.0/1.1 MB | 475/636 kB | 1.6/1.9 MB | 0.1/1.4 MB
2026.06.27 08:47:54 INFO  Progress (5): 0.6/12 MB | 1.0/1.1 MB | 475/636 kB | 1.6/1.9 MB | 0.1/1.4 MB
2026.06.27 08:47:54 INFO  Progress (5): 0.6/12 MB | 1.0/1.1 MB | 475/636 kB | 1.6/1.9 MB | 0.1/1.4 MB
2026.06.27 08:47:54 INFO  Progress (5): 0.6/12 MB | 1.0/1.1 MB | 475/636 kB | 1.6/1.9 MB | 0.1/1.4 MB
2026.06.27 08:47:54 INFO  Progress (5): 0.6/12 MB | 1.0/1.1 MB | 475/636 kB | 1.6/1.9 MB | 0.1/1.4 MB
2026.06.27 08:47:54 INFO  Progress (5): 0.6/12 MB | 1.0/1.1 MB | 475/636 kB | 1.7/1.9 MB | 0.1/1.4 MB
2026.06.27 08:47:54 INFO  Progress (5): 0.6/12 MB | 1.0/1.1 MB | 475/636 kB | 1.7/1.9 MB | 0.1/1.4 MB
2026.06.27 08:47:54 INFO  Progress (5): 0.6/12 MB | 1.0/1.1 MB | 492/636 kB | 1.7/1.9 MB | 0.1/1.4 MB
2026.06.27 08:47:54 INFO  Progress (5): 0.6/12 MB | 1.0/1.1 MB | 492/636 kB | 1.7/1.9 MB | 0.1/1.4 MB
2026.06.27 08:47:54 INFO  Progress (5): 0.6/12 MB | 1.0/1.1 MB | 492/636 kB | 1.7/1.9 MB | 0.1/1.4 MB
2026.06.27 08:47:54 INFO  Progress (5): 0.6/12 MB | 1.0/1.1 MB | 508/636 kB | 1.7/1.9 MB | 0.1/1.4 MB
2026.06.27 08:47:54 INFO  Progress (5): 0.6/12 MB | 1.0/1.1 MB | 508/636 kB | 1.7/1.9 MB | 0.1/1.4 MB
2026.06.27 08:47:54 INFO  Progress (5): 0.6/12 MB | 1.0/1.1 MB | 508/636 kB | 1.7/1.9 MB | 0.1/1.4 MB
2026.06.27 08:47:54 INFO  Progress (5): 0.6/12 MB | 1.0/1.1 MB | 508/636 kB | 1.7/1.9 MB | 0.1/1.4 MB
2026.06.27 08:47:54 INFO  Progress (5): 0.6/12 MB | 1.0/1.1 MB | 508/636 kB | 1.8/1.9 MB | 0.1/1.4 MB
2026.06.27 08:47:54 INFO  Progress (5): 0.6/12 MB | 1.0/1.1 MB | 508/636 kB | 1.8/1.9 MB | 0.1/1.4 MB
2026.06.27 08:47:54 INFO  Progress (5): 0.6/12 MB | 1.0/1.1 MB | 508/636 kB | 1.8/1.9 MB | 0.1/1.4 MB
2026.06.27 08:47:54 INFO  Progress (5): 0.6/12 MB | 1.0/1.1 MB | 508/636 kB | 1.8/1.9 MB | 0.1/1.4 MB
2026.06.27 08:47:54 INFO  Progress (5): 0.6/12 MB | 1.0/1.1 MB | 508/636 kB | 1.8/1.9 MB | 0.1/1.4 MB
2026.06.27 08:47:54 INFO  Progress (5): 0.6/12 MB | 1.0/1.1 MB | 508/636 kB | 1.8/1.9 MB | 0.1/1.4 MB
2026.06.27 08:47:54 INFO  Progress (5): 0.6/12 MB | 1.0/1.1 MB | 508/636 kB | 1.9/1.9 MB | 0.1/1.4 MB
2026.06.27 08:47:54 INFO  Progress (5): 0.6/12 MB | 1.0/1.1 MB | 508/636 kB | 1.9 MB | 0.1/1.4 MB    
2026.06.27 08:47:54 INFO  Progress (5): 0.6/12 MB | 1.0/1.1 MB | 508/636 kB | 1.9 MB | 0.1/1.4 MB
2026.06.27 08:47:54 INFO  Progress (5): 0.6/12 MB | 1.0/1.1 MB | 508/636 kB | 1.9 MB | 0.1/1.4 MB
2026.06.27 08:47:54 INFO  Progress (5): 0.6/12 MB | 1.0/1.1 MB | 508/636 kB | 1.9 MB | 0.1/1.4 MB
2026.06.27 08:47:54 INFO  Progress (5): 0.7/12 MB | 1.0/1.1 MB | 508/636 kB | 1.9 MB | 0.1/1.4 MB
2026.06.27 08:47:54 INFO  Progress (5): 0.7/12 MB | 1.0/1.1 MB | 508/636 kB | 1.9 MB | 0.1/1.4 MB
2026.06.27 08:47:54 INFO  Progress (5): 0.7/12 MB | 1.0/1.1 MB | 524/636 kB | 1.9 MB | 0.1/1.4 MB
2026.06.27 08:47:54 INFO  Progress (5): 0.7/12 MB | 1.0/1.1 MB | 524/636 kB | 1.9 MB | 0.1/1.4 MB
2026.06.27 08:47:54 INFO  Progress (5): 0.7/12 MB | 1.0/1.1 MB | 524/636 kB | 1.9 MB | 0.1/1.4 MB
2026.06.27 08:47:54 INFO  Progress (5): 0.7/12 MB | 1.0/1.1 MB | 524/636 kB | 1.9 MB | 0.1/1.4 MB
2026.06.27 08:47:54 INFO  Progress (5): 0.7/12 MB | 1.0/1.1 MB | 524/636 kB | 1.9 MB | 0.1/1.4 MB
2026.06.27 08:47:54 INFO  Progress (5): 0.7/12 MB | 1.0/1.1 MB | 524/636 kB | 1.9 MB | 0.1/1.4 MB
2026.06.27 08:47:54 INFO  Progress (5): 0.7/12 MB | 1.0/1.1 MB | 524/636 kB | 1.9 MB | 0.1/1.4 MB
2026.06.27 08:47:54 INFO  Progress (5): 0.7/12 MB | 1.0/1.1 MB | 524/636 kB | 1.9 MB | 0.2/1.4 MB
2026.06.27 08:47:54 INFO  Progress (5): 0.7/12 MB | 1.0/1.1 MB | 524/636 kB | 1.9 MB | 0.2/1.4 MB
2026.06.27 08:47:54 INFO  Progress (5): 0.7/12 MB | 1.0/1.1 MB | 524/636 kB | 1.9 MB | 0.2/1.4 MB
2026.06.27 08:47:54 INFO  Progress (5): 0.7/12 MB | 1.0/1.1 MB | 524/636 kB | 1.9 MB | 0.2/1.4 MB
2026.06.27 08:47:54 INFO  Progress (5): 0.7/12 MB | 1.1/1.1 MB | 524/636 kB | 1.9 MB | 0.2/1.4 MB
2026.06.27 08:47:54 INFO                                                                         
2026.06.27 08:47:54 INFO  Downloaded from central: https://repo.maven.apache.org/maven2/net/java/dev/jna/jna/5.12.0/jna-5.12.0.jar (1.9 MB at 1.4 MB/s)
2026.06.27 08:47:54 INFO  Downloading from central: https://repo.maven.apache.org/maven2/org/scala-sbt/util-logging_2.13/1.8.0/util-logging_2.13-1.8.0.jar
2026.06.27 08:47:54 INFO  Progress (4): 0.7/12 MB | 1.1/1.1 MB | 524/636 kB | 0.2/1.4 MB
2026.06.27 08:47:54 INFO  Progress (4): 0.7/12 MB | 1.1/1.1 MB | 541/636 kB | 0.2/1.4 MB
2026.06.27 08:47:54 INFO  Progress (4): 0.7/12 MB | 1.1/1.1 MB | 541/636 kB | 0.2/1.4 MB
2026.06.27 08:47:54 INFO  Progress (4): 0.7/12 MB | 1.1/1.1 MB | 557/636 kB | 0.2/1.4 MB
2026.06.27 08:47:54 INFO  Progress (4): 0.7/12 MB | 1.1/1.1 MB | 557/636 kB | 0.2/1.4 MB
2026.06.27 08:47:54 INFO  Progress (4): 0.7/12 MB | 1.1/1.1 MB | 557/636 kB | 0.2/1.4 MB
2026.06.27 08:47:54 INFO  Progress (4): 0.7/12 MB | 1.1/1.1 MB | 573/636 kB | 0.2/1.4 MB
2026.06.27 08:47:54 INFO  Progress (4): 0.8/12 MB | 1.1/1.1 MB | 573/636 kB | 0.2/1.4 MB
2026.06.27 08:47:54 INFO  Progress (4): 0.8/12 MB | 1.1/1.1 MB | 573/636 kB | 0.2/1.4 MB
2026.06.27 08:47:54 INFO  Progress (4): 0.8/12 MB | 1.1/1.1 MB | 573/636 kB | 0.2/1.4 MB
2026.06.27 08:47:54 INFO  Progress (4): 0.8/12 MB | 1.1/1.1 MB | 573/636 kB | 0.2/1.4 MB
2026.06.27 08:47:54 INFO  Progress (4): 0.8/12 MB | 1.1/1.1 MB | 573/636 kB | 0.2/1.4 MB
2026.06.27 08:47:54 INFO  Progress (4): 0.8/12 MB | 1.1/1.1 MB | 573/636 kB | 0.2/1.4 MB
2026.06.27 08:47:54 INFO  Progress (4): 0.8/12 MB | 1.1/1.1 MB | 573/636 kB | 0.2/1.4 MB
2026.06.27 08:47:54 INFO  Progress (4): 0.8/12 MB | 1.1 MB | 573/636 kB | 0.2/1.4 MB    
2026.06.27 08:47:54 INFO  Progress (4): 0.8/12 MB | 1.1 MB | 573/636 kB | 0.2/1.4 MB
2026.06.27 08:47:54 INFO  Progress (4): 0.8/12 MB | 1.1 MB | 573/636 kB | 0.3/1.4 MB
2026.06.27 08:47:54 INFO  Progress (4): 0.8/12 MB | 1.1 MB | 573/636 kB | 0.3/1.4 MB
2026.06.27 08:47:54 INFO  Progress (4): 0.8/12 MB | 1.1 MB | 590/636 kB | 0.3/1.4 MB
2026.06.27 08:47:54 INFO  Progress (4): 0.8/12 MB | 1.1 MB | 590/636 kB | 0.3/1.4 MB
2026.06.27 08:47:54 INFO  Progress (4): 0.8/12 MB | 1.1 MB | 590/636 kB | 0.3/1.4 MB
2026.06.27 08:47:54 INFO  Progress (4): 0.8/12 MB | 1.1 MB | 590/636 kB | 0.3/1.4 MB
2026.06.27 08:47:54 INFO  Progress (4): 0.8/12 MB | 1.1 MB | 590/636 kB | 0.3/1.4 MB
2026.06.27 08:47:54 INFO  Progress (4): 0.8/12 MB | 1.1 MB | 590/636 kB | 0.3/1.4 MB
2026.06.27 08:47:54 INFO  Progress (4): 0.8/12 MB | 1.1 MB | 590/636 kB | 0.3/1.4 MB
2026.06.27 08:47:54 INFO  Progress (4): 0.8/12 MB | 1.1 MB | 590/636 kB | 0.3/1.4 MB
2026.06.27 08:47:54 INFO  Progress (4): 0.8/12 MB | 1.1 MB | 606/636 kB | 0.3/1.4 MB
2026.06.27 08:47:54 INFO                                                            
2026.06.27 08:47:54 INFO  Downloaded from central: https://repo.maven.apache.org/maven2/org/scala-lang/modules/scala-parallel-collections_2.13/0.2.0/scala-parallel-collections_2.13-0.2.0.jar (1.1 MB at 856 kB/s)
2026.06.27 08:47:54 INFO  Downloading from central: https://repo.maven.apache.org/maven2/org/scala-sbt/collections_2.13/1.8.0/collections_2.13-1.8.0.jar
2026.06.27 08:47:54 INFO  Progress (3): 0.8/12 MB | 606/636 kB | 0.3/1.4 MB
2026.06.27 08:47:54 INFO  Progress (3): 0.8/12 MB | 606/636 kB | 0.4/1.4 MB
2026.06.27 08:47:54 INFO  Progress (3): 0.8/12 MB | 606/636 kB | 0.4/1.4 MB
2026.06.27 08:47:54 INFO  Progress (3): 0.8/12 MB | 606/636 kB | 0.4/1.4 MB
2026.06.27 08:47:54 INFO  Progress (3): 0.8/12 MB | 606/636 kB | 0.4/1.4 MB
2026.06.27 08:47:54 INFO  Progress (3): 0.8/12 MB | 606/636 kB | 0.4/1.4 MB
2026.06.27 08:47:54 INFO  Progress (3): 0.9/12 MB | 606/636 kB | 0.4/1.4 MB
2026.06.27 08:47:54 INFO  Progress (3): 0.9/12 MB | 623/636 kB | 0.4/1.4 MB
2026.06.27 08:47:54 INFO  Progress (3): 0.9/12 MB | 623/636 kB | 0.4/1.4 MB
2026.06.27 08:47:54 INFO  Progress (3): 0.9/12 MB | 636 kB | 0.4/1.4 MB    
2026.06.27 08:47:54 INFO  Progress (3): 0.9/12 MB | 636 kB | 0.4/1.4 MB
2026.06.27 08:47:54 INFO  Progress (3): 0.9/12 MB | 636 kB | 0.4/1.4 MB
2026.06.27 08:47:54 INFO  Progress (3): 0.9/12 MB | 636 kB | 0.4/1.4 MB
2026.06.27 08:47:54 INFO  Progress (3): 0.9/12 MB | 636 kB | 0.4/1.4 MB
2026.06.27 08:47:54 INFO  Progress (3): 0.9/12 MB | 636 kB | 0.4/1.4 MB
2026.06.27 08:47:54 INFO  Progress (3): 0.9/12 MB | 636 kB | 0.4/1.4 MB
2026.06.27 08:47:54 INFO  Progress (3): 1.0/12 MB | 636 kB | 0.4/1.4 MB
2026.06.27 08:47:54 INFO  Progress (3): 1.0/12 MB | 636 kB | 0.4/1.4 MB
2026.06.27 08:47:54 INFO  Progress (3): 1.0/12 MB | 636 kB | 0.5/1.4 MB
2026.06.27 08:47:54 INFO  Progress (3): 1.0/12 MB | 636 kB | 0.5/1.4 MB
2026.06.27 08:47:54 INFO  Progress (3): 1.0/12 MB | 636 kB | 0.5/1.4 MB
2026.06.27 08:47:54 INFO  Progress (3): 1.0/12 MB | 636 kB | 0.5/1.4 MB
2026.06.27 08:47:54 INFO                                               
2026.06.27 08:47:54 INFO  Downloaded from central: https://repo.maven.apache.org/maven2/org/scala-sbt/io_2.13/1.8.0/io_2.13-1.8.0.jar (636 kB at 475 kB/s)
2026.06.27 08:47:54 INFO  Downloading from central: https://repo.maven.apache.org/maven2/org/scala-sbt/util-position_2.13/1.8.0/util-position_2.13-1.8.0.jar
2026.06.27 08:47:54 INFO  Progress (2): 1.0/12 MB | 0.5/1.4 MB
2026.06.27 08:47:54 INFO  Progress (2): 1.0/12 MB | 0.5/1.4 MB
2026.06.27 08:47:54 INFO  Progress (2): 1.0/12 MB | 0.5/1.4 MB
2026.06.27 08:47:54 INFO  Progress (2): 1.0/12 MB | 0.5/1.4 MB
2026.06.27 08:47:54 INFO  Progress (2): 1.0/12 MB | 0.5/1.4 MB
2026.06.27 08:47:54 INFO  Progress (2): 1.0/12 MB | 0.5/1.4 MB
2026.06.27 08:47:54 INFO  Progress (2): 1.0/12 MB | 0.5/1.4 MB
2026.06.27 08:47:54 INFO  Progress (2): 1.1/12 MB | 0.5/1.4 MB
2026.06.27 08:47:54 INFO  Progress (2): 1.1/12 MB | 0.6/1.4 MB
2026.06.27 08:47:54 INFO  Progress (2): 1.1/12 MB | 0.6/1.4 MB
2026.06.27 08:47:54 INFO  Progress (2): 1.1/12 MB | 0.6/1.4 MB
2026.06.27 08:47:54 INFO  Progress (2): 1.1/12 MB | 0.6/1.4 MB
2026.06.27 08:47:54 INFO  Progress (2): 1.1/12 MB | 0.6/1.4 MB
2026.06.27 08:47:54 INFO  Progress (2): 1.1/12 MB | 0.6/1.4 MB
2026.06.27 08:47:54 INFO  Progress (2): 1.1/12 MB | 0.6/1.4 MB
2026.06.27 08:47:54 INFO  Progress (2): 1.1/12 MB | 0.6/1.4 MB
2026.06.27 08:47:54 INFO  Progress (2): 1.1/12 MB | 0.6/1.4 MB
2026.06.27 08:47:54 INFO  Progress (2): 1.1/12 MB | 0.6/1.4 MB
2026.06.27 08:47:54 INFO  Progress (2): 1.1/12 MB | 0.7/1.4 MB
2026.06.27 08:47:54 INFO  Progress (2): 1.1/12 MB | 0.7/1.4 MB
2026.06.27 08:47:54 INFO  Progress (2): 1.2/12 MB | 0.7/1.4 MB
2026.06.27 08:47:54 INFO  Progress (2): 1.2/12 MB | 0.7/1.4 MB
2026.06.27 08:47:54 INFO  Progress (2): 1.2/12 MB | 0.7/1.4 MB
2026.06.27 08:47:54 INFO  Progress (2): 1.2/12 MB | 0.7/1.4 MB
2026.06.27 08:47:54 INFO  Progress (2): 1.2/12 MB | 0.7/1.4 MB
2026.06.27 08:47:54 INFO  Progress (2): 1.2/12 MB | 0.7/1.4 MB
2026.06.27 08:47:54 INFO  Progress (2): 1.2/12 MB | 0.7/1.4 MB
2026.06.27 08:47:54 INFO  Progress (2): 1.2/12 MB | 0.8/1.4 MB
2026.06.27 08:47:54 INFO  Progress (2): 1.2/12 MB | 0.8/1.4 MB
2026.06.27 08:47:54 INFO  Progress (2): 1.2/12 MB | 0.8/1.4 MB
2026.06.27 08:47:54 INFO  Progress (2): 1.2/12 MB | 0.8/1.4 MB
2026.06.27 08:47:54 INFO  Progress (2): 1.2/12 MB | 0.8/1.4 MB
2026.06.27 08:47:54 INFO  Progress (2): 1.2/12 MB | 0.8/1.4 MB
2026.06.27 08:47:54 INFO  Progress (2): 1.2/12 MB | 0.8/1.4 MB
2026.06.27 08:47:54 INFO  Progress (2): 1.2/12 MB | 0.8/1.4 MB
2026.06.27 08:47:54 INFO  Progress (2): 1.3/12 MB | 0.8/1.4 MB
2026.06.27 08:47:54 INFO  Progress (2): 1.3/12 MB | 0.8/1.4 MB
2026.06.27 08:47:54 INFO  Progress (2): 1.3/12 MB | 0.8/1.4 MB
2026.06.27 08:47:54 INFO  Progress (2): 1.3/12 MB | 0.8/1.4 MB
2026.06.27 08:47:54 INFO  Progress (2): 1.3/12 MB | 0.9/1.4 MB
2026.06.27 08:47:54 INFO  Progress (2): 1.3/12 MB | 0.9/1.4 MB
2026.06.27 08:47:54 INFO  Progress (2): 1.3/12 MB | 0.9/1.4 MB
2026.06.27 08:47:54 INFO  Progress (2): 1.3/12 MB | 0.9/1.4 MB
2026.06.27 08:47:54 INFO  Progress (2): 1.3/12 MB | 0.9/1.4 MB
2026.06.27 08:47:54 INFO  Progress (2): 1.3/12 MB | 0.9/1.4 MB
2026.06.27 08:47:54 INFO  Progress (2): 1.4/12 MB | 0.9/1.4 MB
2026.06.27 08:47:54 INFO  Progress (2): 1.4/12 MB | 0.9/1.4 MB
2026.06.27 08:47:54 INFO  Progress (2): 1.4/12 MB | 0.9/1.4 MB
2026.06.27 08:47:54 INFO  Progress (2): 1.4/12 MB | 0.9/1.4 MB
2026.06.27 08:47:54 INFO  Progress (2): 1.4/12 MB | 0.9/1.4 MB
2026.06.27 08:47:54 INFO  Progress (2): 1.4/12 MB | 0.9/1.4 MB
2026.06.27 08:47:54 INFO  Progress (3): 1.4/12 MB | 0.9/1.4 MB | 7.7/463 kB
2026.06.27 08:47:54 INFO  Progress (3): 1.4/12 MB | 0.9/1.4 MB | 8.2/463 kB
2026.06.27 08:47:54 INFO  Progress (3): 1.4/12 MB | 0.9/1.4 MB | 25/463 kB 
2026.06.27 08:47:54 INFO  Progress (3): 1.4/12 MB | 0.9/1.4 MB | 41/463 kB
2026.06.27 08:47:54 INFO  Progress (3): 1.4/12 MB | 0.9/1.4 MB | 41/463 kB
2026.06.27 08:47:54 INFO  Progress (3): 1.4/12 MB | 0.9/1.4 MB | 49/463 kB
2026.06.27 08:47:54 INFO  Progress (3): 1.4/12 MB | 0.9/1.4 MB | 66/463 kB
2026.06.27 08:47:54 INFO  Progress (3): 1.4/12 MB | 0.9/1.4 MB | 82/463 kB
2026.06.27 08:47:54 INFO  Progress (3): 1.4/12 MB | 0.9/1.4 MB | 98/463 kB
2026.06.27 08:47:54 INFO  Progress (3): 1.4/12 MB | 0.9/1.4 MB | 115/463 kB
2026.06.27 08:47:54 INFO  Progress (3): 1.4/12 MB | 0.9/1.4 MB | 131/463 kB
2026.06.27 08:47:54 INFO  Progress (3): 1.4/12 MB | 0.9/1.4 MB | 139/463 kB
2026.06.27 08:47:54 INFO  Progress (3): 1.4/12 MB | 0.9/1.4 MB | 156/463 kB
2026.06.27 08:47:54 INFO  Progress (3): 1.4/12 MB | 0.9/1.4 MB | 172/463 kB
2026.06.27 08:47:54 INFO  Progress (3): 1.4/12 MB | 1.0/1.4 MB | 172/463 kB
2026.06.27 08:47:54 INFO  Progress (3): 1.4/12 MB | 1.0/1.4 MB | 180/463 kB
2026.06.27 08:47:54 INFO  Progress (3): 1.4/12 MB | 1.0/1.4 MB | 197/463 kB
2026.06.27 08:47:54 INFO  Progress (3): 1.4/12 MB | 1.0/1.4 MB | 213/463 kB
2026.06.27 08:47:54 INFO  Progress (3): 1.4/12 MB | 1.0/1.4 MB | 229/463 kB
2026.06.27 08:47:54 INFO  Progress (3): 1.4/12 MB | 1.0/1.4 MB | 246/463 kB
2026.06.27 08:47:54 INFO  Progress (3): 1.4/12 MB | 1.0/1.4 MB | 262/463 kB
2026.06.27 08:47:54 INFO  Progress (3): 1.4/12 MB | 1.0/1.4 MB | 279/463 kB
2026.06.27 08:47:54 INFO  Progress (3): 1.4/12 MB | 1.0/1.4 MB | 295/463 kB
2026.06.27 08:47:54 INFO  Progress (3): 1.4/12 MB | 1.0/1.4 MB | 311/463 kB
2026.06.27 08:47:54 INFO  Progress (3): 1.4/12 MB | 1.0/1.4 MB | 328/463 kB
2026.06.27 08:47:54 INFO  Progress (3): 1.4/12 MB | 1.0/1.4 MB | 344/463 kB
2026.06.27 08:47:54 INFO  Progress (3): 1.4/12 MB | 1.0/1.4 MB | 360/463 kB
2026.06.27 08:47:54 INFO  Progress (3): 1.4/12 MB | 1.0/1.4 MB | 377/463 kB
2026.06.27 08:47:54 INFO  Progress (3): 1.4/12 MB | 1.0/1.4 MB | 393/463 kB
2026.06.27 08:47:54 INFO  Progress (3): 1.4/12 MB | 1.0/1.4 MB | 410/463 kB
2026.06.27 08:47:54 INFO  Progress (3): 1.4/12 MB | 1.0/1.4 MB | 410/463 kB
2026.06.27 08:47:54 INFO  Progress (3): 1.4/12 MB | 1.0/1.4 MB | 426/463 kB
2026.06.27 08:47:54 INFO  Progress (3): 1.4/12 MB | 1.0/1.4 MB | 442/463 kB
2026.06.27 08:47:54 INFO  Progress (3): 1.4/12 MB | 1.0/1.4 MB | 459/463 kB
2026.06.27 08:47:54 INFO  Progress (3): 1.4/12 MB | 1.0/1.4 MB | 463 kB    
2026.06.27 08:47:54 INFO  Progress (3): 1.4/12 MB | 1.0/1.4 MB | 463 kB
2026.06.27 08:47:54 INFO  Progress (3): 1.4/12 MB | 1.0/1.4 MB | 463 kB
2026.06.27 08:47:54 INFO  Progress (3): 1.4/12 MB | 1.0/1.4 MB | 463 kB
2026.06.27 08:47:54 INFO  Progress (3): 1.4/12 MB | 1.0/1.4 MB | 463 kB
2026.06.27 08:47:54 INFO  Progress (3): 1.5/12 MB | 1.0/1.4 MB | 463 kB
2026.06.27 08:47:54 INFO  Progress (3): 1.5/12 MB | 1.0/1.4 MB | 463 kB
2026.06.27 08:47:54 INFO  Progress (3): 1.5/12 MB | 1.0/1.4 MB | 463 kB
2026.06.27 08:47:54 INFO  Progress (3): 1.5/12 MB | 1.0/1.4 MB | 463 kB
2026.06.27 08:47:54 INFO  Progress (3): 1.5/12 MB | 1.0/1.4 MB | 463 kB
2026.06.27 08:47:54 INFO  Progress (3): 1.5/12 MB | 1.0/1.4 MB | 463 kB
2026.06.27 08:47:54 INFO  Progress (3): 1.5/12 MB | 1.0/1.4 MB | 463 kB
2026.06.27 08:47:54 INFO                                               
2026.06.27 08:47:54 INFO  Downloaded from central: https://repo.maven.apache.org/maven2/org/scala-sbt/util-logging_2.13/1.8.0/util-logging_2.13-1.8.0.jar (463 kB at 324 kB/s)
2026.06.27 08:47:54 INFO  Downloading from central: https://repo.maven.apache.org/maven2/org/scala-sbt/core-macros_2.13/1.8.0/core-macros_2.13-1.8.0.jar
2026.06.27 08:47:54 INFO  Progress (2): 1.5/12 MB | 1.0/1.4 MB
2026.06.27 08:47:54 INFO  Progress (2): 1.6/12 MB | 1.0/1.4 MB
2026.06.27 08:47:54 INFO  Progress (2): 1.6/12 MB | 1.0/1.4 MB
2026.06.27 08:47:54 INFO  Progress (2): 1.6/12 MB | 1.0/1.4 MB
2026.06.27 08:47:54 INFO  Progress (2): 1.6/12 MB | 1.1/1.4 MB
2026.06.27 08:47:54 INFO  Progress (2): 1.6/12 MB | 1.1/1.4 MB
2026.06.27 08:47:54 INFO  Progress (2): 1.6/12 MB | 1.1/1.4 MB
2026.06.27 08:47:54 INFO  Progress (2): 1.6/12 MB | 1.1/1.4 MB
2026.06.27 08:47:54 INFO  Progress (3): 1.6/12 MB | 1.1/1.4 MB | 7.7/365 kB
2026.06.27 08:47:54 INFO  Progress (3): 1.6/12 MB | 1.1/1.4 MB | 8.2/365 kB
2026.06.27 08:47:54 INFO  Progress (3): 1.6/12 MB | 1.1/1.4 MB | 16/365 kB 
2026.06.27 08:47:54 INFO  Progress (3): 1.6/12 MB | 1.1/1.4 MB | 33/365 kB
2026.06.27 08:47:54 INFO  Progress (3): 1.6/12 MB | 1.1/1.4 MB | 49/365 kB
2026.06.27 08:47:54 INFO  Progress (3): 1.6/12 MB | 1.1/1.4 MB | 66/365 kB
2026.06.27 08:47:54 INFO  Progress (3): 1.6/12 MB | 1.1/1.4 MB | 66/365 kB
2026.06.27 08:47:54 INFO  Progress (3): 1.6/12 MB | 1.1/1.4 MB | 66/365 kB
2026.06.27 08:47:54 INFO  Progress (3): 1.6/12 MB | 1.1/1.4 MB | 82/365 kB
2026.06.27 08:47:54 INFO  Progress (3): 1.6/12 MB | 1.1/1.4 MB | 98/365 kB
2026.06.27 08:47:54 INFO  Progress (3): 1.6/12 MB | 1.1/1.4 MB | 115/365 kB
2026.06.27 08:47:54 INFO  Progress (3): 1.6/12 MB | 1.1/1.4 MB | 131/365 kB
2026.06.27 08:47:54 INFO  Progress (3): 1.6/12 MB | 1.1/1.4 MB | 131/365 kB
2026.06.27 08:47:54 INFO  Progress (3): 1.6/12 MB | 1.1/1.4 MB | 131/365 kB
2026.06.27 08:47:54 INFO  Progress (3): 1.6/12 MB | 1.1/1.4 MB | 139/365 kB
2026.06.27 08:47:54 INFO  Progress (3): 1.6/12 MB | 1.1/1.4 MB | 156/365 kB
2026.06.27 08:47:54 INFO  Progress (3): 1.6/12 MB | 1.1/1.4 MB | 156/365 kB
2026.06.27 08:47:54 INFO  Progress (3): 1.6/12 MB | 1.1/1.4 MB | 172/365 kB
2026.06.27 08:47:54 INFO  Progress (3): 1.6/12 MB | 1.1/1.4 MB | 172/365 kB
2026.06.27 08:47:54 INFO  Progress (3): 1.7/12 MB | 1.1/1.4 MB | 172/365 kB
2026.06.27 08:47:54 INFO  Progress (3): 1.7/12 MB | 1.1/1.4 MB | 188/365 kB
2026.06.27 08:47:54 INFO  Progress (3): 1.7/12 MB | 1.1/1.4 MB | 205/365 kB
2026.06.27 08:47:54 INFO  Progress (3): 1.7/12 MB | 1.1/1.4 MB | 221/365 kB
2026.06.27 08:47:54 INFO  Progress (3): 1.7/12 MB | 1.2/1.4 MB | 221/365 kB
2026.06.27 08:47:54 INFO  Progress (3): 1.7/12 MB | 1.2/1.4 MB | 238/365 kB
2026.06.27 08:47:54 INFO  Progress (3): 1.7/12 MB | 1.2/1.4 MB | 238/365 kB
2026.06.27 08:47:54 INFO  Progress (3): 1.7/12 MB | 1.2/1.4 MB | 238/365 kB
2026.06.27 08:47:54 INFO  Progress (3): 1.7/12 MB | 1.2/1.4 MB | 238/365 kB
2026.06.27 08:47:54 INFO  Progress (3): 1.7/12 MB | 1.2/1.4 MB | 238/365 kB
2026.06.27 08:47:54 INFO  Progress (3): 1.7/12 MB | 1.2/1.4 MB | 238/365 kB
2026.06.27 08:47:54 INFO  Progress (3): 1.7/12 MB | 1.2/1.4 MB | 238/365 kB
2026.06.27 08:47:54 INFO  Progress (3): 1.7/12 MB | 1.2/1.4 MB | 254/365 kB
2026.06.27 08:47:54 INFO  Progress (3): 1.7/12 MB | 1.2/1.4 MB | 254/365 kB
2026.06.27 08:47:54 INFO  Progress (3): 1.7/12 MB | 1.2/1.4 MB | 270/365 kB
2026.06.27 08:47:54 INFO  Progress (3): 1.7/12 MB | 1.2/1.4 MB | 270/365 kB
2026.06.27 08:47:54 INFO  Progress (3): 1.7/12 MB | 1.2/1.4 MB | 287/365 kB
2026.06.27 08:47:54 INFO  Progress (3): 1.7/12 MB | 1.2/1.4 MB | 287/365 kB
2026.06.27 08:47:54 INFO  Progress (3): 1.7/12 MB | 1.2/1.4 MB | 303/365 kB
2026.06.27 08:47:54 INFO  Progress (3): 1.7/12 MB | 1.2/1.4 MB | 303/365 kB
2026.06.27 08:47:54 INFO  Progress (3): 1.7/12 MB | 1.2/1.4 MB | 319/365 kB
2026.06.27 08:47:54 INFO  Progress (3): 1.7/12 MB | 1.2/1.4 MB | 319/365 kB
2026.06.27 08:47:54 INFO  Progress (3): 1.7/12 MB | 1.2/1.4 MB | 336/365 kB
2026.06.27 08:47:54 INFO  Progress (3): 1.7/12 MB | 1.2/1.4 MB | 352/365 kB
2026.06.27 08:47:54 INFO  Progress (3): 1.8/12 MB | 1.2/1.4 MB | 352/365 kB
2026.06.27 08:47:54 INFO  Progress (3): 1.8/12 MB | 1.2/1.4 MB | 365 kB    
2026.06.27 08:47:54 INFO  Progress (3): 1.8/12 MB | 1.2/1.4 MB | 365 kB
2026.06.27 08:47:54 INFO  Progress (4): 1.8/12 MB | 1.2/1.4 MB | 365 kB | 3.2/28 kB
2026.06.27 08:47:54 INFO  Progress (4): 1.8/12 MB | 1.2/1.4 MB | 365 kB | 20/28 kB 
2026.06.27 08:47:54 INFO  Progress (4): 1.8/12 MB | 1.2/1.4 MB | 365 kB | 20/28 kB
2026.06.27 08:47:54 INFO  Progress (4): 1.8/12 MB | 1.3/1.4 MB | 365 kB | 20/28 kB
2026.06.27 08:47:54 INFO  Progress (4): 1.8/12 MB | 1.3/1.4 MB | 365 kB | 20/28 kB
2026.06.27 08:47:54 INFO  Progress (4): 1.8/12 MB | 1.3/1.4 MB | 365 kB | 28 kB   
2026.06.27 08:47:54 INFO  Progress (4): 1.8/12 MB | 1.3/1.4 MB | 365 kB | 28 kB
2026.06.27 08:47:54 INFO  Progress (4): 1.8/12 MB | 1.3/1.4 MB | 365 kB | 28 kB
2026.06.27 08:47:54 INFO  Progress (4): 1.8/12 MB | 1.3/1.4 MB | 365 kB | 28 kB
2026.06.27 08:47:54 INFO                                                       
2026.06.27 08:47:54 INFO  Downloaded from central: https://repo.maven.apache.org/maven2/org/scala-sbt/collections_2.13/1.8.0/collections_2.13-1.8.0.jar (365 kB at 251 kB/s)
2026.06.27 08:47:54 INFO  Downloading from central: https://repo.maven.apache.org/maven2/org/jline/jline-terminal/3.19.0/jline-terminal-3.19.0.jar
2026.06.27 08:47:54 INFO  Progress (3): 1.8/12 MB | 1.3/1.4 MB | 28 kB
2026.06.27 08:47:54 INFO  Progress (3): 1.8/12 MB | 1.3/1.4 MB | 28 kB
2026.06.27 08:47:54 INFO  Progress (3): 1.8/12 MB | 1.3/1.4 MB | 28 kB
2026.06.27 08:47:54 INFO  Progress (3): 1.8/12 MB | 1.3/1.4 MB | 28 kB
2026.06.27 08:47:54 INFO  Progress (3): 1.9/12 MB | 1.3/1.4 MB | 28 kB
2026.06.27 08:47:54 INFO  Progress (3): 1.9/12 MB | 1.4/1.4 MB | 28 kB
2026.06.27 08:47:54 INFO  Progress (3): 1.9/12 MB | 1.4 MB | 28 kB    
2026.06.27 08:47:54 INFO                                          
2026.06.27 08:47:54 INFO  Downloaded from central: https://repo.maven.apache.org/maven2/org/scala-sbt/util-position_2.13/1.8.0/util-position_2.13-1.8.0.jar (28 kB at 19 kB/s)
2026.06.27 08:47:54 INFO  Downloading from central: https://repo.maven.apache.org/maven2/org/scala-lang/scala-reflect/2.13.8/scala-reflect-2.13.8.jar
2026.06.27 08:47:54 INFO  Progress (2): 1.9/12 MB | 1.4 MB
2026.06.27 08:47:54 INFO  Progress (2): 1.9/12 MB | 1.4 MB
2026.06.27 08:47:54 INFO  Progress (2): 1.9/12 MB | 1.4 MB
2026.06.27 08:47:54 INFO  Progress (2): 1.9/12 MB | 1.4 MB
2026.06.27 08:47:54 INFO  Progress (2): 1.9/12 MB | 1.4 MB
2026.06.27 08:47:54 INFO  Progress (2): 2.0/12 MB | 1.4 MB
2026.06.27 08:47:54 INFO  Progress (2): 2.0/12 MB | 1.4 MB
2026.06.27 08:47:54 INFO  Progress (2): 2.0/12 MB | 1.4 MB
2026.06.27 08:47:54 INFO                                  
2026.06.27 08:47:54 INFO  Downloaded from central: https://repo.maven.apache.org/maven2/net/java/dev/jna/jna-platform/5.12.0/jna-platform-5.12.0.jar (1.4 MB at 922 kB/s)
2026.06.27 08:47:54 INFO  Downloading from central: https://repo.maven.apache.org/maven2/org/scala-sbt/util-relation_2.13/1.8.0/util-relation_2.13-1.8.0.jar
2026.06.27 08:47:54 INFO  Progress (1): 2.0/12 MB
2026.06.27 08:47:54 INFO  Progress (1): 2.0/12 MB
2026.06.27 08:47:54 INFO  Progress (1): 2.0/12 MB
2026.06.27 08:47:54 INFO  Progress (1): 2.1/12 MB
2026.06.27 08:47:54 INFO  Progress (1): 2.1/12 MB
2026.06.27 08:47:54 INFO  Progress (1): 2.1/12 MB
2026.06.27 08:47:54 INFO  Progress (1): 2.1/12 MB
2026.06.27 08:47:54 INFO  Progress (1): 2.1/12 MB
2026.06.27 08:47:54 INFO  Progress (1): 2.1/12 MB
2026.06.27 08:47:54 INFO  Progress (1): 2.2/12 MB
2026.06.27 08:47:54 INFO  Progress (1): 2.2/12 MB
2026.06.27 08:47:54 INFO  Progress (1): 2.2/12 MB
2026.06.27 08:47:54 INFO  Progress (1): 2.2/12 MB
2026.06.27 08:47:54 INFO  Progress (1): 2.2/12 MB
2026.06.27 08:47:54 INFO  Progress (1): 2.2/12 MB
2026.06.27 08:47:54 INFO  Progress (1): 2.3/12 MB
2026.06.27 08:47:54 INFO  Progress (1): 2.3/12 MB
2026.06.27 08:47:54 INFO  Progress (1): 2.3/12 MB
2026.06.27 08:47:54 INFO  Progress (1): 2.3/12 MB
2026.06.27 08:47:54 INFO  Progress (1): 2.3/12 MB
2026.06.27 08:47:54 INFO  Progress (1): 2.3/12 MB
2026.06.27 08:47:54 INFO  Progress (1): 2.4/12 MB
2026.06.27 08:47:54 INFO  Progress (1): 2.4/12 MB
2026.06.27 08:47:54 INFO  Progress (1): 2.4/12 MB
2026.06.27 08:47:54 INFO  Progress (1): 2.4/12 MB
2026.06.27 08:47:54 INFO  Progress (1): 2.4/12 MB
2026.06.27 08:47:54 INFO  Progress (1): 2.4/12 MB
2026.06.27 08:47:54 INFO  Progress (1): 2.5/12 MB
2026.06.27 08:47:54 INFO  Progress (1): 2.5/12 MB
2026.06.27 08:47:54 INFO  Progress (1): 2.5/12 MB
2026.06.27 08:47:54 INFO  Progress (1): 2.5/12 MB
2026.06.27 08:47:54 INFO  Progress (1): 2.5/12 MB
2026.06.27 08:47:54 INFO  Progress (1): 2.5/12 MB
2026.06.27 08:47:54 INFO  Progress (1): 2.6/12 MB
2026.06.27 08:47:54 INFO  Progress (1): 2.6/12 MB
2026.06.27 08:47:54 INFO  Progress (1): 2.6/12 MB
2026.06.27 08:47:54 INFO  Progress (1): 2.6/12 MB
2026.06.27 08:47:54 INFO  Progress (1): 2.6/12 MB
2026.06.27 08:47:54 INFO  Progress (1): 2.6/12 MB
2026.06.27 08:47:54 INFO  Progress (1): 2.7/12 MB
2026.06.27 08:47:54 INFO  Progress (1): 2.7/12 MB
2026.06.27 08:47:54 INFO  Progress (1): 2.7/12 MB
2026.06.27 08:47:54 INFO  Progress (1): 2.7/12 MB
2026.06.27 08:47:54 INFO  Progress (1): 2.7/12 MB
2026.06.27 08:47:54 INFO  Progress (1): 2.7/12 MB
2026.06.27 08:47:54 INFO  Progress (1): 2.7/12 MB
2026.06.27 08:47:54 INFO  Progress (1): 2.8/12 MB
2026.06.27 08:47:54 INFO  Progress (1): 2.8/12 MB
2026.06.27 08:47:54 INFO  Progress (1): 2.8/12 MB
2026.06.27 08:47:54 INFO  Progress (1): 2.8/12 MB
2026.06.27 08:47:54 INFO  Progress (1): 2.8/12 MB
2026.06.27 08:47:54 INFO  Progress (1): 2.8/12 MB
2026.06.27 08:47:54 INFO  Progress (1): 2.9/12 MB
2026.06.27 08:47:54 INFO  Progress (1): 2.9/12 MB
2026.06.27 08:47:54 INFO  Progress (1): 2.9/12 MB
2026.06.27 08:47:54 INFO  Progress (1): 2.9/12 MB
2026.06.27 08:47:54 INFO  Progress (1): 2.9/12 MB
2026.06.27 08:47:54 INFO  Progress (1): 2.9/12 MB
2026.06.27 08:47:54 INFO  Progress (1): 3.0/12 MB
2026.06.27 08:47:54 INFO  Progress (1): 3.0/12 MB
2026.06.27 08:47:54 INFO  Progress (1): 3.0/12 MB
2026.06.27 08:47:54 INFO  Progress (1): 3.0/12 MB
2026.06.27 08:47:54 INFO  Progress (1): 3.0/12 MB
2026.06.27 08:47:54 INFO  Progress (1): 3.0/12 MB
2026.06.27 08:47:54 INFO  Progress (1): 3.0/12 MB
2026.06.27 08:47:54 INFO  Progress (1): 3.1/12 MB
2026.06.27 08:47:54 INFO  Progress (1): 3.1/12 MB
2026.06.27 08:47:54 INFO  Progress (1): 3.1/12 MB
2026.06.27 08:47:54 INFO  Progress (1): 3.1/12 MB
2026.06.27 08:47:54 INFO  Progress (2): 3.1/12 MB | 8.2/87 kB
2026.06.27 08:47:54 INFO  Progress (2): 3.1/12 MB | 25/87 kB 
2026.06.27 08:47:54 INFO  Progress (2): 3.1/12 MB | 25/87 kB
2026.06.27 08:47:54 INFO  Progress (2): 3.1/12 MB | 33/87 kB
2026.06.27 08:47:54 INFO  Progress (2): 3.1/12 MB | 49/87 kB
2026.06.27 08:47:54 INFO  Progress (2): 3.1/12 MB | 66/87 kB
2026.06.27 08:47:54 INFO  Progress (2): 3.1/12 MB | 82/87 kB
2026.06.27 08:47:54 INFO  Progress (2): 3.1/12 MB | 87 kB   
2026.06.27 08:47:54 INFO  Progress (2): 3.1/12 MB | 87 kB
2026.06.27 08:47:54 INFO  Progress (2): 3.2/12 MB | 87 kB
2026.06.27 08:47:54 INFO  Progress (2): 3.2/12 MB | 87 kB
2026.06.27 08:47:54 INFO  Progress (2): 3.2/12 MB | 87 kB
2026.06.27 08:47:54 INFO  Progress (2): 3.2/12 MB | 87 kB
2026.06.27 08:47:54 INFO  Progress (2): 3.2/12 MB | 87 kB
2026.06.27 08:47:54 INFO  Progress (2): 3.2/12 MB | 87 kB
2026.06.27 08:47:54 INFO  Progress (2): 3.3/12 MB | 87 kB
2026.06.27 08:47:54 INFO  Progress (2): 3.3/12 MB | 87 kB
2026.06.27 08:47:54 INFO  Progress (2): 3.3/12 MB | 87 kB
2026.06.27 08:47:54 INFO                                 
2026.06.27 08:47:54 INFO  Downloaded from central: https://repo.maven.apache.org/maven2/org/scala-sbt/core-macros_2.13/1.8.0/core-macros_2.13-1.8.0.jar (87 kB at 56 kB/s)
2026.06.27 08:47:54 INFO  Downloading from central: https://repo.maven.apache.org/maven2/org/scala-sbt/zinc-persist_2.13/1.8.0/zinc-persist_2.13-1.8.0.jar
2026.06.27 08:47:54 INFO  Progress (1): 3.3/12 MB
2026.06.27 08:47:54 INFO  Progress (1): 3.3/12 MB
2026.06.27 08:47:54 INFO  Progress (1): 3.3/12 MB
2026.06.27 08:47:54 INFO  Progress (1): 3.4/12 MB
2026.06.27 08:47:54 INFO  Progress (1): 3.4/12 MB
2026.06.27 08:47:54 INFO  Progress (1): 3.4/12 MB
2026.06.27 08:47:54 INFO  Progress (1): 3.4/12 MB
2026.06.27 08:47:54 INFO  Progress (1): 3.4/12 MB
2026.06.27 08:47:54 INFO  Progress (1): 3.4/12 MB
2026.06.27 08:47:54 INFO  Progress (1): 3.5/12 MB
2026.06.27 08:47:54 INFO  Progress (1): 3.5/12 MB
2026.06.27 08:47:54 INFO  Progress (1): 3.5/12 MB
2026.06.27 08:47:54 INFO  Progress (1): 3.5/12 MB
2026.06.27 08:47:54 INFO  Progress (1): 3.5/12 MB
2026.06.27 08:47:54 INFO  Progress (1): 3.5/12 MB
2026.06.27 08:47:54 INFO  Progress (1): 3.6/12 MB
2026.06.27 08:47:54 INFO  Progress (1): 3.6/12 MB
2026.06.27 08:47:54 INFO  Progress (1): 3.6/12 MB
2026.06.27 08:47:54 INFO  Progress (1): 3.6/12 MB
2026.06.27 08:47:54 INFO  Progress (1): 3.6/12 MB
2026.06.27 08:47:54 INFO  Progress (1): 3.6/12 MB
2026.06.27 08:47:54 INFO  Progress (1): 3.7/12 MB
2026.06.27 08:47:54 INFO  Progress (1): 3.7/12 MB
2026.06.27 08:47:54 INFO  Progress (1): 3.7/12 MB
2026.06.27 08:47:54 INFO  Progress (1): 3.7/12 MB
2026.06.27 08:47:54 INFO  Progress (1): 3.7/12 MB
2026.06.27 08:47:54 INFO  Progress (1): 3.7/12 MB
2026.06.27 08:47:54 INFO  Progress (1): 3.7/12 MB
2026.06.27 08:47:54 INFO  Progress (1): 3.8/12 MB
2026.06.27 08:47:54 INFO  Progress (1): 3.8/12 MB
2026.06.27 08:47:54 INFO  Progress (1): 3.8/12 MB
2026.06.27 08:47:54 INFO  Progress (1): 3.8/12 MB
2026.06.27 08:47:54 INFO  Progress (1): 3.8/12 MB
2026.06.27 08:47:54 INFO  Progress (1): 3.8/12 MB
2026.06.27 08:47:54 INFO  Progress (1): 3.9/12 MB
2026.06.27 08:47:54 INFO  Progress (1): 3.9/12 MB
2026.06.27 08:47:54 INFO  Progress (1): 3.9/12 MB
2026.06.27 08:47:54 INFO  Progress (1): 3.9/12 MB
2026.06.27 08:47:54 INFO  Progress (2): 3.9/12 MB | 7.7/228 kB
2026.06.27 08:47:54 INFO  Progress (2): 3.9/12 MB | 8.2/228 kB
2026.06.27 08:47:54 INFO  Progress (2): 3.9/12 MB | 8.2/228 kB
2026.06.27 08:47:54 INFO  Progress (2): 3.9/12 MB | 25/228 kB 
2026.06.27 08:47:54 INFO  Progress (2): 3.9/12 MB | 25/228 kB
2026.06.27 08:47:54 INFO  Progress (2): 3.9/12 MB | 41/228 kB
2026.06.27 08:47:54 INFO  Progress (2): 3.9/12 MB | 49/228 kB
2026.06.27 08:47:54 INFO  Progress (3): 3.9/12 MB | 49/228 kB | 0/3.8 MB
2026.06.27 08:47:54 INFO  Progress (3): 3.9/12 MB | 49/228 kB | 0/3.8 MB
2026.06.27 08:47:54 INFO  Progress (3): 3.9/12 MB | 49/228 kB | 0/3.8 MB
2026.06.27 08:47:54 INFO  Progress (3): 3.9/12 MB | 49/228 kB | 0/3.8 MB
2026.06.27 08:47:54 INFO  Progress (3): 3.9/12 MB | 49/228 kB | 0/3.8 MB
2026.06.27 08:47:54 INFO  Progress (3): 3.9/12 MB | 49/228 kB | 0.1/3.8 MB
2026.06.27 08:47:54 INFO  Progress (3): 3.9/12 MB | 49/228 kB | 0.1/3.8 MB
2026.06.27 08:47:54 INFO  Progress (3): 3.9/12 MB | 49/228 kB | 0.1/3.8 MB
2026.06.27 08:47:54 INFO  Progress (3): 3.9/12 MB | 49/228 kB | 0.1/3.8 MB
2026.06.27 08:47:54 INFO  Progress (3): 3.9/12 MB | 49/228 kB | 0.1/3.8 MB
2026.06.27 08:47:54 INFO  Progress (3): 3.9/12 MB | 49/228 kB | 0.1/3.8 MB
2026.06.27 08:47:54 INFO  Progress (3): 3.9/12 MB | 49/228 kB | 0.1/3.8 MB
2026.06.27 08:47:54 INFO  Progress (3): 3.9/12 MB | 49/228 kB | 0.2/3.8 MB
2026.06.27 08:47:54 INFO  Progress (3): 3.9/12 MB | 49/228 kB | 0.2/3.8 MB
2026.06.27 08:47:54 INFO  Progress (4): 3.9/12 MB | 49/228 kB | 0.2/3.8 MB | 7.7/15 kB
2026.06.27 08:47:54 INFO  Progress (4): 3.9/12 MB | 49/228 kB | 0.2/3.8 MB | 8.2/15 kB
2026.06.27 08:47:54 INFO  Progress (4): 3.9/12 MB | 49/228 kB | 0.2/3.8 MB | 15 kB    
2026.06.27 08:47:54 INFO  Progress (4): 3.9/12 MB | 57/228 kB | 0.2/3.8 MB | 15 kB
2026.06.27 08:47:54 INFO  Progress (4): 4.0/12 MB | 57/228 kB | 0.2/3.8 MB | 15 kB
2026.06.27 08:47:54 INFO  Progress (4): 4.0/12 MB | 66/228 kB | 0.2/3.8 MB | 15 kB
2026.06.27 08:47:54 INFO  Progress (4): 4.0/12 MB | 66/228 kB | 0.2/3.8 MB | 15 kB
2026.06.27 08:47:54 INFO  Progress (4): 4.0/12 MB | 66/228 kB | 0.2/3.8 MB | 15 kB
2026.06.27 08:47:54 INFO  Progress (4): 4.0/12 MB | 66/228 kB | 0.2/3.8 MB | 15 kB
2026.06.27 08:47:54 INFO  Progress (4): 4.0/12 MB | 66/228 kB | 0.2/3.8 MB | 15 kB
2026.06.27 08:47:54 INFO  Progress (4): 4.0/12 MB | 66/228 kB | 0.2/3.8 MB | 15 kB
2026.06.27 08:47:54 INFO  Progress (4): 4.0/12 MB | 66/228 kB | 0.2/3.8 MB | 15 kB
2026.06.27 08:47:54 INFO  Progress (4): 4.0/12 MB | 82/228 kB | 0.2/3.8 MB | 15 kB
2026.06.27 08:47:54 INFO  Progress (4): 4.0/12 MB | 82/228 kB | 0.2/3.8 MB | 15 kB
2026.06.27 08:47:54 INFO  Progress (4): 4.1/12 MB | 82/228 kB | 0.2/3.8 MB | 15 kB
2026.06.27 08:47:54 INFO  Progress (4): 4.1/12 MB | 82/228 kB | 0.2/3.8 MB | 15 kB
2026.06.27 08:47:54 INFO  Progress (4): 4.1/12 MB | 98/228 kB | 0.2/3.8 MB | 15 kB
2026.06.27 08:47:54 INFO  Progress (4): 4.1/12 MB | 98/228 kB | 0.2/3.8 MB | 15 kB
2026.06.27 08:47:54 INFO                                                          
2026.06.27 08:47:54 INFO  Downloaded from central: https://repo.maven.apache.org/maven2/org/scala-sbt/util-relation_2.13/1.8.0/util-relation_2.13-1.8.0.jar (15 kB at 9.5 kB/s)
2026.06.27 08:47:54 INFO  Downloading from central: https://repo.maven.apache.org/maven2/org/scala-sbt/zinc-compile-core_2.13/1.8.0/zinc-compile-core_2.13-1.8.0.jar
2026.06.27 08:47:54 INFO  Progress (3): 4.1/12 MB | 98/228 kB | 0.2/3.8 MB
2026.06.27 08:47:54 INFO  Progress (3): 4.1/12 MB | 98/228 kB | 0.2/3.8 MB
2026.06.27 08:47:54 INFO  Progress (3): 4.1/12 MB | 115/228 kB | 0.2/3.8 MB
2026.06.27 08:47:54 INFO  Progress (3): 4.1/12 MB | 115/228 kB | 0.2/3.8 MB
2026.06.27 08:47:54 INFO  Progress (3): 4.2/12 MB | 115/228 kB | 0.2/3.8 MB
2026.06.27 08:47:54 INFO  Progress (3): 4.2/12 MB | 115/228 kB | 0.2/3.8 MB
2026.06.27 08:47:54 INFO  Progress (3): 4.2/12 MB | 115/228 kB | 0.2/3.8 MB
2026.06.27 08:47:54 INFO  Progress (3): 4.2/12 MB | 115/228 kB | 0.2/3.8 MB
2026.06.27 08:47:54 INFO  Progress (3): 4.2/12 MB | 131/228 kB | 0.2/3.8 MB
2026.06.27 08:47:54 INFO  Progress (3): 4.2/12 MB | 131/228 kB | 0.2/3.8 MB
2026.06.27 08:47:54 INFO  Progress (3): 4.2/12 MB | 131/228 kB | 0.2/3.8 MB
2026.06.27 08:47:54 INFO  Progress (3): 4.2/12 MB | 139/228 kB | 0.2/3.8 MB
2026.06.27 08:47:54 INFO  Progress (3): 4.2/12 MB | 139/228 kB | 0.2/3.8 MB
2026.06.27 08:47:54 INFO  Progress (3): 4.2/12 MB | 139/228 kB | 0.2/3.8 MB
2026.06.27 08:47:54 INFO  Progress (3): 4.2/12 MB | 139/228 kB | 0.2/3.8 MB
2026.06.27 08:47:54 INFO  Progress (3): 4.2/12 MB | 139/228 kB | 0.3/3.8 MB
2026.06.27 08:47:54 INFO  Progress (3): 4.2/12 MB | 139/228 kB | 0.3/3.8 MB
2026.06.27 08:47:54 INFO  Progress (3): 4.2/12 MB | 139/228 kB | 0.3/3.8 MB
2026.06.27 08:47:54 INFO  Progress (3): 4.2/12 MB | 139/228 kB | 0.3/3.8 MB
2026.06.27 08:47:54 INFO  Progress (3): 4.2/12 MB | 139/228 kB | 0.3/3.8 MB
2026.06.27 08:47:54 INFO  Progress (3): 4.2/12 MB | 139/228 kB | 0.3/3.8 MB
2026.06.27 08:47:54 INFO  Progress (3): 4.2/12 MB | 156/228 kB | 0.3/3.8 MB
2026.06.27 08:47:54 INFO  Progress (3): 4.2/12 MB | 164/228 kB | 0.3/3.8 MB
2026.06.27 08:47:54 INFO  Progress (3): 4.3/12 MB | 164/228 kB | 0.3/3.8 MB
2026.06.27 08:47:54 INFO  Progress (3): 4.3/12 MB | 164/228 kB | 0.4/3.8 MB
2026.06.27 08:47:54 INFO  Progress (3): 4.3/12 MB | 180/228 kB | 0.4/3.8 MB
2026.06.27 08:47:54 INFO  Progress (3): 4.3/12 MB | 180/228 kB | 0.4/3.8 MB
2026.06.27 08:47:54 INFO  Progress (3): 4.3/12 MB | 180/228 kB | 0.4/3.8 MB
2026.06.27 08:47:54 INFO  Progress (3): 4.3/12 MB | 197/228 kB | 0.4/3.8 MB
2026.06.27 08:47:54 INFO  Progress (3): 4.3/12 MB | 197/228 kB | 0.4/3.8 MB
2026.06.27 08:47:54 INFO  Progress (3): 4.3/12 MB | 197/228 kB | 0.4/3.8 MB
2026.06.27 08:47:54 INFO  Progress (3): 4.3/12 MB | 197/228 kB | 0.4/3.8 MB
2026.06.27 08:47:54 INFO  Progress (3): 4.3/12 MB | 213/228 kB | 0.4/3.8 MB
2026.06.27 08:47:54 INFO  Progress (3): 4.3/12 MB | 213/228 kB | 0.4/3.8 MB
2026.06.27 08:47:54 INFO  Progress (3): 4.3/12 MB | 213/228 kB | 0.4/3.8 MB
2026.06.27 08:47:54 INFO  Progress (3): 4.3/12 MB | 213/228 kB | 0.4/3.8 MB
2026.06.27 08:47:54 INFO  Progress (3): 4.3/12 MB | 213/228 kB | 0.4/3.8 MB
2026.06.27 08:47:54 INFO  Progress (3): 4.4/12 MB | 213/228 kB | 0.4/3.8 MB
2026.06.27 08:47:54 INFO  Progress (3): 4.4/12 MB | 213/228 kB | 0.4/3.8 MB
2026.06.27 08:47:54 INFO  Progress (3): 4.4/12 MB | 213/228 kB | 0.4/3.8 MB
2026.06.27 08:47:54 INFO  Progress (3): 4.4/12 MB | 213/228 kB | 0.4/3.8 MB
2026.06.27 08:47:54 INFO  Progress (3): 4.4/12 MB | 213/228 kB | 0.4/3.8 MB
2026.06.27 08:47:54 INFO  Progress (3): 4.4/12 MB | 213/228 kB | 0.4/3.8 MB
2026.06.27 08:47:54 INFO  Progress (3): 4.4/12 MB | 213/228 kB | 0.4/3.8 MB
2026.06.27 08:47:54 INFO  Progress (3): 4.4/12 MB | 213/228 kB | 0.5/3.8 MB
2026.06.27 08:47:54 INFO  Progress (3): 4.4/12 MB | 213/228 kB | 0.5/3.8 MB
2026.06.27 08:47:54 INFO  Progress (3): 4.4/12 MB | 213/228 kB | 0.5/3.8 MB
2026.06.27 08:47:54 INFO  Progress (3): 4.5/12 MB | 213/228 kB | 0.5/3.8 MB
2026.06.27 08:47:54 INFO  Progress (3): 4.5/12 MB | 213/228 kB | 0.5/3.8 MB
2026.06.27 08:47:54 INFO  Progress (3): 4.5/12 MB | 213/228 kB | 0.5/3.8 MB
2026.06.27 08:47:54 INFO  Progress (3): 4.5/12 MB | 213/228 kB | 0.5/3.8 MB
2026.06.27 08:47:54 INFO  Progress (3): 4.5/12 MB | 213/228 kB | 0.5/3.8 MB
2026.06.27 08:47:54 INFO  Progress (3): 4.5/12 MB | 213/228 kB | 0.5/3.8 MB
2026.06.27 08:47:54 INFO  Progress (3): 4.5/12 MB | 213/228 kB | 0.5/3.8 MB
2026.06.27 08:47:54 INFO  Progress (3): 4.5/12 MB | 213/228 kB | 0.5/3.8 MB
2026.06.27 08:47:54 INFO  Progress (3): 4.5/12 MB | 213/228 kB | 0.5/3.8 MB
2026.06.27 08:47:54 INFO  Progress (3): 4.5/12 MB | 213/228 kB | 0.5/3.8 MB
2026.06.27 08:47:54 INFO  Progress (3): 4.5/12 MB | 213/228 kB | 0.6/3.8 MB
2026.06.27 08:47:54 INFO  Progress (3): 4.5/12 MB | 213/228 kB | 0.6/3.8 MB
2026.06.27 08:47:54 INFO  Progress (3): 4.5/12 MB | 213/228 kB | 0.6/3.8 MB
2026.06.27 08:47:54 INFO  Progress (3): 4.5/12 MB | 213/228 kB | 0.6/3.8 MB
2026.06.27 08:47:54 INFO  Progress (3): 4.5/12 MB | 213/228 kB | 0.6/3.8 MB
2026.06.27 08:47:54 INFO  Progress (3): 4.5/12 MB | 213/228 kB | 0.6/3.8 MB
2026.06.27 08:47:54 INFO  Progress (3): 4.5/12 MB | 213/228 kB | 0.6/3.8 MB
2026.06.27 08:47:54 INFO  Progress (3): 4.5/12 MB | 213/228 kB | 0.7/3.8 MB
2026.06.27 08:47:54 INFO  Progress (3): 4.5/12 MB | 213/228 kB | 0.7/3.8 MB
2026.06.27 08:47:54 INFO  Progress (3): 4.5/12 MB | 213/228 kB | 0.7/3.8 MB
2026.06.27 08:47:54 INFO  Progress (3): 4.5/12 MB | 213/228 kB | 0.7/3.8 MB
2026.06.27 08:47:54 INFO  Progress (3): 4.5/12 MB | 213/228 kB | 0.7/3.8 MB
2026.06.27 08:47:54 INFO  Progress (3): 4.5/12 MB | 213/228 kB | 0.7/3.8 MB
2026.06.27 08:47:54 INFO  Progress (3): 4.5/12 MB | 213/228 kB | 0.8/3.8 MB
2026.06.27 08:47:54 INFO  Progress (3): 4.5/12 MB | 213/228 kB | 0.8/3.8 MB
2026.06.27 08:47:54 INFO  Progress (4): 4.5/12 MB | 213/228 kB | 0.8/3.8 MB | 7.7/254 kB
2026.06.27 08:47:54 INFO  Progress (4): 4.5/12 MB | 213/228 kB | 0.8/3.8 MB | 16/254 kB 
2026.06.27 08:47:54 INFO  Progress (4): 4.5/12 MB | 213/228 kB | 0.8/3.8 MB | 16/254 kB
2026.06.27 08:47:54 INFO  Progress (4): 4.5/12 MB | 213/228 kB | 0.8/3.8 MB | 16/254 kB
2026.06.27 08:47:54 INFO  Progress (4): 4.5/12 MB | 213/228 kB | 0.8/3.8 MB | 16/254 kB
2026.06.27 08:47:54 INFO  Progress (4): 4.5/12 MB | 213/228 kB | 0.8/3.8 MB | 16/254 kB
2026.06.27 08:47:54 INFO  Progress (4): 4.6/12 MB | 213/228 kB | 0.8/3.8 MB | 16/254 kB
2026.06.27 08:47:54 INFO  Progress (4): 4.6/12 MB | 213/228 kB | 0.8/3.8 MB | 16/254 kB
2026.06.27 08:47:54 INFO  Progress (4): 4.6/12 MB | 213/228 kB | 0.8/3.8 MB | 16/254 kB
2026.06.27 08:47:54 INFO  Progress (4): 4.6/12 MB | 213/228 kB | 0.9/3.8 MB | 16/254 kB
2026.06.27 08:47:54 INFO  Progress (4): 4.6/12 MB | 213/228 kB | 0.9/3.8 MB | 16/254 kB
2026.06.27 08:47:54 INFO  Progress (4): 4.6/12 MB | 213/228 kB | 0.9/3.8 MB | 16/254 kB
2026.06.27 08:47:54 INFO  Progress (4): 4.6/12 MB | 213/228 kB | 0.9/3.8 MB | 16/254 kB
2026.06.27 08:47:54 INFO  Progress (4): 4.6/12 MB | 213/228 kB | 0.9/3.8 MB | 16/254 kB
2026.06.27 08:47:54 INFO  Progress (4): 4.6/12 MB | 213/228 kB | 0.9/3.8 MB | 16/254 kB
2026.06.27 08:47:54 INFO  Progress (4): 4.6/12 MB | 213/228 kB | 0.9/3.8 MB | 16/254 kB
2026.06.27 08:47:54 INFO  Progress (4): 4.6/12 MB | 213/228 kB | 0.9/3.8 MB | 16/254 kB
2026.06.27 08:47:54 INFO  Progress (4): 4.6/12 MB | 213/228 kB | 0.9/3.8 MB | 16/254 kB
2026.06.27 08:47:54 INFO  Progress (4): 4.7/12 MB | 213/228 kB | 0.9/3.8 MB | 16/254 kB
2026.06.27 08:47:54 INFO  Progress (4): 4.7/12 MB | 213/228 kB | 0.9/3.8 MB | 16/254 kB
2026.06.27 08:47:54 INFO  Progress (4): 4.7/12 MB | 213/228 kB | 0.9/3.8 MB | 16/254 kB
2026.06.27 08:47:54 INFO  Progress (4): 4.7/12 MB | 213/228 kB | 0.9/3.8 MB | 16/254 kB
2026.06.27 08:47:54 INFO  Progress (4): 4.7/12 MB | 213/228 kB | 1.0/3.8 MB | 16/254 kB
2026.06.27 08:47:54 INFO  Progress (4): 4.7/12 MB | 213/228 kB | 1.0/3.8 MB | 16/254 kB
2026.06.27 08:47:54 INFO  Progress (4): 4.7/12 MB | 213/228 kB | 1.0/3.8 MB | 16/254 kB
2026.06.27 08:47:54 INFO  Progress (4): 4.7/12 MB | 213/228 kB | 1.0/3.8 MB | 16/254 kB
2026.06.27 08:47:54 INFO  Progress (4): 4.7/12 MB | 213/228 kB | 1.0/3.8 MB | 16/254 kB
2026.06.27 08:47:54 INFO  Progress (4): 4.7/12 MB | 213/228 kB | 1.0/3.8 MB | 16/254 kB
2026.06.27 08:47:54 INFO  Progress (4): 4.7/12 MB | 213/228 kB | 1.0/3.8 MB | 16/254 kB
2026.06.27 08:47:54 INFO  Progress (4): 4.7/12 MB | 213/228 kB | 1.0/3.8 MB | 16/254 kB
2026.06.27 08:47:54 INFO  Progress (4): 4.7/12 MB | 213/228 kB | 1.0/3.8 MB | 16/254 kB
2026.06.27 08:47:54 INFO  Progress (4): 4.7/12 MB | 213/228 kB | 1.0/3.8 MB | 25/254 kB
2026.06.27 08:47:54 INFO  Progress (4): 4.8/12 MB | 213/228 kB | 1.0/3.8 MB | 25/254 kB
2026.06.27 08:47:54 INFO  Progress (4): 4.8/12 MB | 213/228 kB | 1.0/3.8 MB | 25/254 kB
2026.06.27 08:47:54 INFO  Progress (4): 4.8/12 MB | 213/228 kB | 1.0/3.8 MB | 25/254 kB
2026.06.27 08:47:54 INFO  Progress (4): 4.8/12 MB | 213/228 kB | 1.1/3.8 MB | 25/254 kB
2026.06.27 08:47:54 INFO  Progress (4): 4.8/12 MB | 213/228 kB | 1.1/3.8 MB | 41/254 kB
2026.06.27 08:47:54 INFO  Progress (4): 4.8/12 MB | 213/228 kB | 1.1/3.8 MB | 41/254 kB
2026.06.27 08:47:54 INFO  Progress (4): 4.8/12 MB | 213/228 kB | 1.1/3.8 MB | 41/254 kB
2026.06.27 08:47:54 INFO  Progress (4): 4.8/12 MB | 213/228 kB | 1.1/3.8 MB | 57/254 kB
2026.06.27 08:47:54 INFO  Progress (4): 4.8/12 MB | 213/228 kB | 1.1/3.8 MB | 57/254 kB
2026.06.27 08:47:54 INFO  Progress (4): 4.8/12 MB | 213/228 kB | 1.1/3.8 MB | 57/254 kB
2026.06.27 08:47:54 INFO  Progress (4): 4.8/12 MB | 213/228 kB | 1.1/3.8 MB | 57/254 kB
2026.06.27 08:47:54 INFO  Progress (4): 4.8/12 MB | 213/228 kB | 1.1/3.8 MB | 57/254 kB
2026.06.27 08:47:54 INFO  Progress (4): 4.8/12 MB | 213/228 kB | 1.1/3.8 MB | 57/254 kB
2026.06.27 08:47:54 INFO  Progress (4): 4.8/12 MB | 213/228 kB | 1.1/3.8 MB | 57/254 kB
2026.06.27 08:47:54 INFO  Progress (4): 4.8/12 MB | 213/228 kB | 1.1/3.8 MB | 57/254 kB
2026.06.27 08:47:54 INFO  Progress (4): 4.9/12 MB | 213/228 kB | 1.1/3.8 MB | 57/254 kB
2026.06.27 08:47:54 INFO  Progress (4): 4.9/12 MB | 213/228 kB | 1.2/3.8 MB | 57/254 kB
2026.06.27 08:47:54 INFO  Progress (4): 4.9/12 MB | 213/228 kB | 1.2/3.8 MB | 57/254 kB
2026.06.27 08:47:54 INFO  Progress (4): 4.9/12 MB | 213/228 kB | 1.2/3.8 MB | 57/254 kB
2026.06.27 08:47:54 INFO  Progress (4): 4.9/12 MB | 213/228 kB | 1.2/3.8 MB | 57/254 kB
2026.06.27 08:47:54 INFO  Progress (4): 4.9/12 MB | 213/228 kB | 1.2/3.8 MB | 57/254 kB
2026.06.27 08:47:54 INFO  Progress (4): 4.9/12 MB | 213/228 kB | 1.2/3.8 MB | 57/254 kB
2026.06.27 08:47:54 INFO  Progress (4): 4.9/12 MB | 213/228 kB | 1.2/3.8 MB | 57/254 kB
2026.06.27 08:47:54 INFO  Progress (4): 4.9/12 MB | 213/228 kB | 1.2/3.8 MB | 57/254 kB
2026.06.27 08:47:54 INFO  Progress (4): 4.9/12 MB | 213/228 kB | 1.2/3.8 MB | 57/254 kB
2026.06.27 08:47:54 INFO  Progress (4): 4.9/12 MB | 213/228 kB | 1.2/3.8 MB | 57/254 kB
2026.06.27 08:47:54 INFO  Progress (4): 4.9/12 MB | 213/228 kB | 1.2/3.8 MB | 57/254 kB
2026.06.27 08:47:54 INFO  Progress (4): 5.0/12 MB | 213/228 kB | 1.2/3.8 MB | 57/254 kB
2026.06.27 08:47:54 INFO  Progress (4): 5.0/12 MB | 213/228 kB | 1.3/3.8 MB | 57/254 kB
2026.06.27 08:47:54 INFO  Progress (4): 5.0/12 MB | 213/228 kB | 1.3/3.8 MB | 57/254 kB
2026.06.27 08:47:54 INFO  Progress (4): 5.0/12 MB | 213/228 kB | 1.3/3.8 MB | 57/254 kB
2026.06.27 08:47:54 INFO  Progress (4): 5.0/12 MB | 213/228 kB | 1.3/3.8 MB | 57/254 kB
2026.06.27 08:47:54 INFO  Progress (4): 5.0/12 MB | 213/228 kB | 1.3/3.8 MB | 57/254 kB
2026.06.27 08:47:54 INFO  Progress (4): 5.0/12 MB | 213/228 kB | 1.3/3.8 MB | 57/254 kB
2026.06.27 08:47:54 INFO  Progress (4): 5.0/12 MB | 213/228 kB | 1.3/3.8 MB | 57/254 kB
2026.06.27 08:47:54 INFO  Progress (4): 5.0/12 MB | 213/228 kB | 1.3/3.8 MB | 57/254 kB
2026.06.27 08:47:54 INFO  Progress (4): 5.0/12 MB | 213/228 kB | 1.3/3.8 MB | 57/254 kB
2026.06.27 08:47:54 INFO  Progress (4): 5.0/12 MB | 213/228 kB | 1.3/3.8 MB | 57/254 kB
2026.06.27 08:47:54 INFO  Progress (4): 5.0/12 MB | 213/228 kB | 1.3/3.8 MB | 57/254 kB
2026.06.27 08:47:54 INFO  Progress (4): 5.0/12 MB | 213/228 kB | 1.3/3.8 MB | 57/254 kB
2026.06.27 08:47:54 INFO  Progress (4): 5.1/12 MB | 213/228 kB | 1.3/3.8 MB | 57/254 kB
2026.06.27 08:47:54 INFO  Progress (4): 5.1/12 MB | 213/228 kB | 1.4/3.8 MB | 57/254 kB
2026.06.27 08:47:54 INFO  Progress (4): 5.1/12 MB | 213/228 kB | 1.4/3.8 MB | 57/254 kB
2026.06.27 08:47:54 INFO  Progress (4): 5.1/12 MB | 213/228 kB | 1.4/3.8 MB | 57/254 kB
2026.06.27 08:47:54 INFO  Progress (4): 5.1/12 MB | 213/228 kB | 1.4/3.8 MB | 57/254 kB
2026.06.27 08:47:54 INFO  Progress (4): 5.1/12 MB | 213/228 kB | 1.4/3.8 MB | 57/254 kB
2026.06.27 08:47:54 INFO  Progress (4): 5.1/12 MB | 213/228 kB | 1.4/3.8 MB | 57/254 kB
2026.06.27 08:47:54 INFO  Progress (4): 5.1/12 MB | 213/228 kB | 1.4/3.8 MB | 57/254 kB
2026.06.27 08:47:54 INFO  Progress (4): 5.1/12 MB | 213/228 kB | 1.4/3.8 MB | 57/254 kB
2026.06.27 08:47:54 INFO  Progress (4): 5.2/12 MB | 213/228 kB | 1.4/3.8 MB | 57/254 kB
2026.06.27 08:47:54 INFO  Progress (4): 5.2/12 MB | 213/228 kB | 1.4/3.8 MB | 57/254 kB
2026.06.27 08:47:54 INFO  Progress (4): 5.2/12 MB | 213/228 kB | 1.4/3.8 MB | 57/254 kB
2026.06.27 08:47:54 INFO  Progress (4): 5.2/12 MB | 213/228 kB | 1.4/3.8 MB | 57/254 kB
2026.06.27 08:47:54 INFO  Progress (4): 5.2/12 MB | 213/228 kB | 1.4/3.8 MB | 57/254 kB
2026.06.27 08:47:54 INFO  Progress (4): 5.2/12 MB | 213/228 kB | 1.4/3.8 MB | 57/254 kB
2026.06.27 08:47:54 INFO  Progress (4): 5.2/12 MB | 213/228 kB | 1.4/3.8 MB | 57/254 kB
2026.06.27 08:47:54 INFO  Progress (4): 5.2/12 MB | 213/228 kB | 1.4/3.8 MB | 57/254 kB
2026.06.27 08:47:54 INFO  Progress (4): 5.2/12 MB | 213/228 kB | 1.4/3.8 MB | 57/254 kB
2026.06.27 08:47:54 INFO  Progress (4): 5.2/12 MB | 213/228 kB | 1.5/3.8 MB | 57/254 kB
2026.06.27 08:47:54 INFO  Progress (4): 5.2/12 MB | 213/228 kB | 1.5/3.8 MB | 57/254 kB
2026.06.27 08:47:54 INFO  Progress (4): 5.2/12 MB | 213/228 kB | 1.5/3.8 MB | 57/254 kB
2026.06.27 08:47:54 INFO  Progress (4): 5.2/12 MB | 213/228 kB | 1.5/3.8 MB | 57/254 kB
2026.06.27 08:47:54 INFO  Progress (4): 5.3/12 MB | 213/228 kB | 1.5/3.8 MB | 57/254 kB
2026.06.27 08:47:54 INFO  Progress (4): 5.3/12 MB | 213/228 kB | 1.5/3.8 MB | 57/254 kB
2026.06.27 08:47:54 INFO  Progress (4): 5.3/12 MB | 213/228 kB | 1.5/3.8 MB | 57/254 kB
2026.06.27 08:47:54 INFO  Progress (4): 5.3/12 MB | 213/228 kB | 1.5/3.8 MB | 57/254 kB
2026.06.27 08:47:54 INFO  Progress (4): 5.3/12 MB | 213/228 kB | 1.5/3.8 MB | 57/254 kB
2026.06.27 08:47:54 INFO  Progress (4): 5.3/12 MB | 213/228 kB | 1.5/3.8 MB | 57/254 kB
2026.06.27 08:47:54 INFO  Progress (4): 5.3/12 MB | 213/228 kB | 1.5/3.8 MB | 57/254 kB
2026.06.27 08:47:54 INFO  Progress (4): 5.3/12 MB | 213/228 kB | 1.5/3.8 MB | 57/254 kB
2026.06.27 08:47:54 INFO  Progress (4): 5.3/12 MB | 213/228 kB | 1.5/3.8 MB | 57/254 kB
2026.06.27 08:47:54 INFO  Progress (4): 5.4/12 MB | 213/228 kB | 1.5/3.8 MB | 57/254 kB
2026.06.27 08:47:54 INFO  Progress (4): 5.4/12 MB | 213/228 kB | 1.5/3.8 MB | 57/254 kB
2026.06.27 08:47:54 INFO  Progress (4): 5.4/12 MB | 213/228 kB | 1.5/3.8 MB | 57/254 kB
2026.06.27 08:47:54 INFO  Progress (4): 5.4/12 MB | 213/228 kB | 1.5/3.8 MB | 57/254 kB
2026.06.27 08:47:54 INFO  Progress (4): 5.4/12 MB | 213/228 kB | 1.5/3.8 MB | 57/254 kB
2026.06.27 08:47:54 INFO  Progress (4): 5.4/12 MB | 213/228 kB | 1.5/3.8 MB | 57/254 kB
2026.06.27 08:47:54 INFO  Progress (4): 5.4/12 MB | 213/228 kB | 1.5/3.8 MB | 57/254 kB
2026.06.27 08:47:54 INFO  Progress (4): 5.5/12 MB | 213/228 kB | 1.5/3.8 MB | 57/254 kB
2026.06.27 08:47:54 INFO  Progress (4): 5.5/12 MB | 213/228 kB | 1.5/3.8 MB | 57/254 kB
2026.06.27 08:47:54 INFO  Progress (4): 5.5/12 MB | 213/228 kB | 1.5/3.8 MB | 57/254 kB
2026.06.27 08:47:54 INFO  Progress (4): 5.5/12 MB | 213/228 kB | 1.5/3.8 MB | 57/254 kB
2026.06.27 08:47:54 INFO  Progress (4): 5.5/12 MB | 213/228 kB | 1.5/3.8 MB | 57/254 kB
2026.06.27 08:47:54 INFO  Progress (4): 5.5/12 MB | 213/228 kB | 1.5/3.8 MB | 57/254 kB
2026.06.27 08:47:54 INFO  Progress (4): 5.5/12 MB | 213/228 kB | 1.5/3.8 MB | 57/254 kB
2026.06.27 08:47:54 INFO  Progress (4): 5.6/12 MB | 213/228 kB | 1.5/3.8 MB | 57/254 kB
2026.06.27 08:47:54 INFO  Progress (4): 5.6/12 MB | 213/228 kB | 1.5/3.8 MB | 57/254 kB
2026.06.27 08:47:54 INFO  Progress (4): 5.6/12 MB | 213/228 kB | 1.5/3.8 MB | 57/254 kB
2026.06.27 08:47:54 INFO  Progress (4): 5.6/12 MB | 213/228 kB | 1.5/3.8 MB | 57/254 kB
2026.06.27 08:47:54 INFO  Progress (4): 5.6/12 MB | 213/228 kB | 1.5/3.8 MB | 57/254 kB
2026.06.27 08:47:54 INFO  Progress (4): 5.6/12 MB | 213/228 kB | 1.5/3.8 MB | 57/254 kB
2026.06.27 08:47:54 INFO  Progress (4): 5.7/12 MB | 213/228 kB | 1.5/3.8 MB | 57/254 kB
2026.06.27 08:47:54 INFO  Progress (4): 5.7/12 MB | 213/228 kB | 1.5/3.8 MB | 57/254 kB
2026.06.27 08:47:54 INFO  Progress (4): 5.7/12 MB | 213/228 kB | 1.5/3.8 MB | 57/254 kB
2026.06.27 08:47:54 INFO  Progress (4): 5.7/12 MB | 213/228 kB | 1.5/3.8 MB | 57/254 kB
2026.06.27 08:47:54 INFO  Progress (4): 5.7/12 MB | 213/228 kB | 1.5/3.8 MB | 57/254 kB
2026.06.27 08:47:54 INFO  Progress (4): 5.7/12 MB | 213/228 kB | 1.5/3.8 MB | 57/254 kB
2026.06.27 08:47:54 INFO  Progress (4): 5.8/12 MB | 213/228 kB | 1.5/3.8 MB | 57/254 kB
2026.06.27 08:47:54 INFO  Progress (4): 5.8/12 MB | 213/228 kB | 1.5/3.8 MB | 57/254 kB
2026.06.27 08:47:54 INFO  Progress (4): 5.8/12 MB | 213/228 kB | 1.5/3.8 MB | 57/254 kB
2026.06.27 08:47:54 INFO  Progress (4): 5.8/12 MB | 213/228 kB | 1.5/3.8 MB | 57/254 kB
2026.06.27 08:47:54 INFO  Progress (4): 5.8/12 MB | 213/228 kB | 1.5/3.8 MB | 57/254 kB
2026.06.27 08:47:54 INFO  Progress (4): 5.8/12 MB | 213/228 kB | 1.5/3.8 MB | 57/254 kB
2026.06.27 08:47:54 INFO  Progress (4): 5.9/12 MB | 213/228 kB | 1.5/3.8 MB | 57/254 kB
2026.06.27 08:47:54 INFO  Progress (4): 5.9/12 MB | 213/228 kB | 1.5/3.8 MB | 57/254 kB
2026.06.27 08:47:54 INFO  Progress (4): 5.9/12 MB | 213/228 kB | 1.5/3.8 MB | 57/254 kB
2026.06.27 08:47:54 INFO  Progress (4): 5.9/12 MB | 213/228 kB | 1.5/3.8 MB | 57/254 kB
2026.06.27 08:47:54 INFO  Progress (4): 5.9/12 MB | 213/228 kB | 1.5/3.8 MB | 57/254 kB
2026.06.27 08:47:54 INFO  Progress (4): 5.9/12 MB | 213/228 kB | 1.5/3.8 MB | 57/254 kB
2026.06.27 08:47:54 INFO  Progress (4): 5.9/12 MB | 213/228 kB | 1.5/3.8 MB | 57/254 kB
2026.06.27 08:47:54 INFO  Progress (4): 6.0/12 MB | 213/228 kB | 1.5/3.8 MB | 57/254 kB
2026.06.27 08:47:54 INFO  Progress (4): 6.0/12 MB | 213/228 kB | 1.5/3.8 MB | 57/254 kB
2026.06.27 08:47:54 INFO  Progress (4): 6.0/12 MB | 213/228 kB | 1.5/3.8 MB | 57/254 kB
2026.06.27 08:47:54 INFO  Progress (4): 6.0/12 MB | 213/228 kB | 1.5/3.8 MB | 57/254 kB
2026.06.27 08:47:54 INFO  Progress (4): 6.0/12 MB | 213/228 kB | 1.5/3.8 MB | 57/254 kB
2026.06.27 08:47:54 INFO  Progress (4): 6.0/12 MB | 213/228 kB | 1.5/3.8 MB | 57/254 kB
2026.06.27 08:47:54 INFO  Progress (4): 6.1/12 MB | 213/228 kB | 1.5/3.8 MB | 57/254 kB
2026.06.27 08:47:54 INFO  Progress (4): 6.1/12 MB | 213/228 kB | 1.5/3.8 MB | 57/254 kB
2026.06.27 08:47:54 INFO  Progress (4): 6.1/12 MB | 213/228 kB | 1.5/3.8 MB | 57/254 kB
2026.06.27 08:47:54 INFO  Progress (4): 6.1/12 MB | 213/228 kB | 1.5/3.8 MB | 57/254 kB
2026.06.27 08:47:54 INFO  Progress (4): 6.1/12 MB | 213/228 kB | 1.5/3.8 MB | 57/254 kB
2026.06.27 08:47:54 INFO  Progress (4): 6.1/12 MB | 213/228 kB | 1.5/3.8 MB | 57/254 kB
2026.06.27 08:47:54 INFO  Progress (4): 6.2/12 MB | 213/228 kB | 1.5/3.8 MB | 57/254 kB
2026.06.27 08:47:54 INFO  Progress (4): 6.2/12 MB | 213/228 kB | 1.5/3.8 MB | 57/254 kB
2026.06.27 08:47:54 INFO  Progress (4): 6.2/12 MB | 213/228 kB | 1.5/3.8 MB | 57/254 kB
2026.06.27 08:47:54 INFO  Progress (4): 6.2/12 MB | 213/228 kB | 1.5/3.8 MB | 57/254 kB
2026.06.27 08:47:54 INFO  Progress (4): 6.2/12 MB | 213/228 kB | 1.5/3.8 MB | 57/254 kB
2026.06.27 08:47:54 INFO  Progress (4): 6.2/12 MB | 213/228 kB | 1.5/3.8 MB | 57/254 kB
2026.06.27 08:47:54 INFO  Progress (4): 6.2/12 MB | 213/228 kB | 1.5/3.8 MB | 57/254 kB
2026.06.27 08:47:54 INFO  Progress (4): 6.3/12 MB | 213/228 kB | 1.5/3.8 MB | 57/254 kB
2026.06.27 08:47:54 INFO  Progress (4): 6.3/12 MB | 213/228 kB | 1.5/3.8 MB | 57/254 kB
2026.06.27 08:47:54 INFO  Progress (4): 6.3/12 MB | 213/228 kB | 1.5/3.8 MB | 57/254 kB
2026.06.27 08:47:54 INFO  Progress (4): 6.3/12 MB | 213/228 kB | 1.5/3.8 MB | 57/254 kB
2026.06.27 08:47:54 INFO  Progress (4): 6.3/12 MB | 213/228 kB | 1.5/3.8 MB | 57/254 kB
2026.06.27 08:47:54 INFO  Progress (4): 6.3/12 MB | 213/228 kB | 1.5/3.8 MB | 57/254 kB
2026.06.27 08:47:54 INFO  Progress (4): 6.4/12 MB | 213/228 kB | 1.5/3.8 MB | 57/254 kB
2026.06.27 08:47:54 INFO  Progress (4): 6.4/12 MB | 213/228 kB | 1.5/3.8 MB | 57/254 kB
2026.06.27 08:47:54 INFO  Progress (4): 6.4/12 MB | 213/228 kB | 1.5/3.8 MB | 57/254 kB
2026.06.27 08:47:54 INFO  Progress (4): 6.4/12 MB | 213/228 kB | 1.5/3.8 MB | 57/254 kB
2026.06.27 08:47:54 INFO  Progress (4): 6.4/12 MB | 213/228 kB | 1.5/3.8 MB | 57/254 kB
2026.06.27 08:47:54 INFO  Progress (4): 6.4/12 MB | 213/228 kB | 1.5/3.8 MB | 57/254 kB
2026.06.27 08:47:54 INFO  Progress (4): 6.5/12 MB | 213/228 kB | 1.5/3.8 MB | 57/254 kB
2026.06.27 08:47:54 INFO  Progress (4): 6.5/12 MB | 213/228 kB | 1.5/3.8 MB | 57/254 kB
2026.06.27 08:47:54 INFO  Progress (4): 6.5/12 MB | 213/228 kB | 1.5/3.8 MB | 57/254 kB
2026.06.27 08:47:54 INFO  Progress (4): 6.5/12 MB | 213/228 kB | 1.5/3.8 MB | 57/254 kB
2026.06.27 08:47:54 INFO  Progress (4): 6.5/12 MB | 213/228 kB | 1.5/3.8 MB | 57/254 kB
2026.06.27 08:47:54 INFO  Progress (4): 6.5/12 MB | 213/228 kB | 1.5/3.8 MB | 57/254 kB
2026.06.27 08:47:54 INFO  Progress (4): 6.6/12 MB | 213/228 kB | 1.5/3.8 MB | 57/254 kB
2026.06.27 08:47:54 INFO  Progress (4): 6.6/12 MB | 213/228 kB | 1.5/3.8 MB | 57/254 kB
2026.06.27 08:47:54 INFO  Progress (4): 6.6/12 MB | 213/228 kB | 1.5/3.8 MB | 57/254 kB
2026.06.27 08:47:54 INFO  Progress (4): 6.6/12 MB | 213/228 kB | 1.5/3.8 MB | 57/254 kB
2026.06.27 08:47:54 INFO  Progress (4): 6.6/12 MB | 213/228 kB | 1.5/3.8 MB | 57/254 kB
2026.06.27 08:47:54 INFO  Progress (4): 6.6/12 MB | 213/228 kB | 1.5/3.8 MB | 57/254 kB
2026.06.27 08:47:54 INFO  Progress (4): 6.7/12 MB | 213/228 kB | 1.5/3.8 MB | 57/254 kB
2026.06.27 08:47:54 INFO  Progress (4): 6.7/12 MB | 213/228 kB | 1.5/3.8 MB | 57/254 kB
2026.06.27 08:47:54 INFO  Progress (4): 6.7/12 MB | 213/228 kB | 1.5/3.8 MB | 57/254 kB
2026.06.27 08:47:54 INFO  Progress (4): 6.7/12 MB | 213/228 kB | 1.5/3.8 MB | 57/254 kB
2026.06.27 08:47:54 INFO  Progress (4): 6.7/12 MB | 213/228 kB | 1.5/3.8 MB | 57/254 kB
2026.06.27 08:47:54 INFO  Progress (4): 6.7/12 MB | 213/228 kB | 1.5/3.8 MB | 57/254 kB
2026.06.27 08:47:54 INFO  Progress (4): 6.8/12 MB | 213/228 kB | 1.5/3.8 MB | 57/254 kB
2026.06.27 08:47:54 INFO  Progress (4): 6.8/12 MB | 213/228 kB | 1.5/3.8 MB | 57/254 kB
2026.06.27 08:47:54 INFO  Progress (4): 6.8/12 MB | 213/228 kB | 1.5/3.8 MB | 57/254 kB
2026.06.27 08:47:54 INFO  Progress (4): 6.8/12 MB | 213/228 kB | 1.5/3.8 MB | 57/254 kB
2026.06.27 08:47:54 INFO  Progress (4): 6.8/12 MB | 213/228 kB | 1.5/3.8 MB | 57/254 kB
2026.06.27 08:47:54 INFO  Progress (4): 6.8/12 MB | 213/228 kB | 1.5/3.8 MB | 57/254 kB
2026.06.27 08:47:54 INFO  Progress (4): 6.8/12 MB | 213/228 kB | 1.5/3.8 MB | 57/254 kB
2026.06.27 08:47:54 INFO  Progress (4): 6.9/12 MB | 213/228 kB | 1.5/3.8 MB | 57/254 kB
2026.06.27 08:47:54 INFO  Progress (4): 6.9/12 MB | 213/228 kB | 1.5/3.8 MB | 57/254 kB
2026.06.27 08:47:54 INFO  Progress (4): 6.9/12 MB | 213/228 kB | 1.5/3.8 MB | 57/254 kB
2026.06.27 08:47:54 INFO  Progress (4): 6.9/12 MB | 213/228 kB | 1.5/3.8 MB | 57/254 kB
2026.06.27 08:47:54 INFO  Progress (4): 6.9/12 MB | 213/228 kB | 1.5/3.8 MB | 57/254 kB
2026.06.27 08:47:54 INFO  Progress (4): 6.9/12 MB | 213/228 kB | 1.5/3.8 MB | 57/254 kB
2026.06.27 08:47:54 INFO  Progress (4): 7.0/12 MB | 213/228 kB | 1.5/3.8 MB | 57/254 kB
2026.06.27 08:47:54 INFO  Progress (4): 7.0/12 MB | 213/228 kB | 1.5/3.8 MB | 57/254 kB
2026.06.27 08:47:54 INFO  Progress (4): 7.0/12 MB | 213/228 kB | 1.5/3.8 MB | 57/254 kB
2026.06.27 08:47:54 INFO  Progress (4): 7.0/12 MB | 213/228 kB | 1.5/3.8 MB | 57/254 kB
2026.06.27 08:47:54 INFO  Progress (4): 7.0/12 MB | 213/228 kB | 1.5/3.8 MB | 57/254 kB
2026.06.27 08:47:54 INFO  Progress (4): 7.0/12 MB | 213/228 kB | 1.5/3.8 MB | 57/254 kB
2026.06.27 08:47:54 INFO  Progress (4): 7.0/12 MB | 213/228 kB | 1.5/3.8 MB | 57/254 kB
2026.06.27 08:47:54 INFO  Progress (4): 7.1/12 MB | 213/228 kB | 1.5/3.8 MB | 57/254 kB
2026.06.27 08:47:54 INFO  Progress (4): 7.1/12 MB | 213/228 kB | 1.5/3.8 MB | 57/254 kB
2026.06.27 08:47:54 INFO  Progress (4): 7.1/12 MB | 213/228 kB | 1.5/3.8 MB | 57/254 kB
2026.06.27 08:47:54 INFO  Progress (4): 7.1/12 MB | 213/228 kB | 1.5/3.8 MB | 57/254 kB
2026.06.27 08:47:54 INFO  Progress (4): 7.1/12 MB | 213/228 kB | 1.5/3.8 MB | 57/254 kB
2026.06.27 08:47:54 INFO  Progress (4): 7.1/12 MB | 213/228 kB | 1.5/3.8 MB | 57/254 kB
2026.06.27 08:47:54 INFO  Progress (4): 7.2/12 MB | 213/228 kB | 1.5/3.8 MB | 57/254 kB
2026.06.27 08:47:54 INFO  Progress (4): 7.2/12 MB | 213/228 kB | 1.5/3.8 MB | 57/254 kB
2026.06.27 08:47:54 INFO  Progress (4): 7.2/12 MB | 213/228 kB | 1.5/3.8 MB | 57/254 kB
2026.06.27 08:47:54 INFO  Progress (4): 7.2/12 MB | 213/228 kB | 1.5/3.8 MB | 57/254 kB
2026.06.27 08:47:54 INFO  Progress (4): 7.2/12 MB | 213/228 kB | 1.5/3.8 MB | 57/254 kB
2026.06.27 08:47:54 INFO  Progress (4): 7.2/12 MB | 213/228 kB | 1.5/3.8 MB | 57/254 kB
2026.06.27 08:47:54 INFO  Progress (4): 7.3/12 MB | 213/228 kB | 1.5/3.8 MB | 57/254 kB
2026.06.27 08:47:54 INFO  Progress (4): 7.3/12 MB | 213/228 kB | 1.5/3.8 MB | 57/254 kB
2026.06.27 08:47:54 INFO  Progress (4): 7.3/12 MB | 213/228 kB | 1.5/3.8 MB | 57/254 kB
2026.06.27 08:47:54 INFO  Progress (4): 7.3/12 MB | 213/228 kB | 1.5/3.8 MB | 57/254 kB
2026.06.27 08:47:54 INFO  Progress (4): 7.3/12 MB | 213/228 kB | 1.5/3.8 MB | 57/254 kB
2026.06.27 08:47:54 INFO  Progress (4): 7.3/12 MB | 213/228 kB | 1.5/3.8 MB | 57/254 kB
2026.06.27 08:47:54 INFO  Progress (4): 7.4/12 MB | 213/228 kB | 1.5/3.8 MB | 57/254 kB
2026.06.27 08:47:54 INFO  Progress (4): 7.4/12 MB | 213/228 kB | 1.5/3.8 MB | 57/254 kB
2026.06.27 08:47:54 INFO  Progress (4): 7.4/12 MB | 213/228 kB | 1.5/3.8 MB | 57/254 kB
2026.06.27 08:47:54 INFO  Progress (4): 7.4/12 MB | 213/228 kB | 1.5/3.8 MB | 57/254 kB
2026.06.27 08:47:54 INFO  Progress (4): 7.4/12 MB | 213/228 kB | 1.5/3.8 MB | 57/254 kB
2026.06.27 08:47:54 INFO  Progress (4): 7.4/12 MB | 213/228 kB | 1.5/3.8 MB | 57/254 kB
2026.06.27 08:47:54 INFO  Progress (4): 7.5/12 MB | 213/228 kB | 1.5/3.8 MB | 57/254 kB
2026.06.27 08:47:54 INFO  Progress (4): 7.5/12 MB | 213/228 kB | 1.5/3.8 MB | 57/254 kB
2026.06.27 08:47:54 INFO  Progress (4): 7.5/12 MB | 213/228 kB | 1.5/3.8 MB | 57/254 kB
2026.06.27 08:47:54 INFO  Progress (4): 7.5/12 MB | 213/228 kB | 1.5/3.8 MB | 57/254 kB
2026.06.27 08:47:54 INFO  Progress (4): 7.5/12 MB | 213/228 kB | 1.5/3.8 MB | 57/254 kB
2026.06.27 08:47:54 INFO  Progress (4): 7.5/12 MB | 213/228 kB | 1.5/3.8 MB | 57/254 kB
2026.06.27 08:47:54 INFO  Progress (4): 7.6/12 MB | 213/228 kB | 1.5/3.8 MB | 57/254 kB
2026.06.27 08:47:54 INFO  Progress (4): 7.6/12 MB | 213/228 kB | 1.5/3.8 MB | 57/254 kB
2026.06.27 08:47:54 INFO  Progress (4): 7.6/12 MB | 213/228 kB | 1.5/3.8 MB | 57/254 kB
2026.06.27 08:47:54 INFO  Progress (4): 7.6/12 MB | 213/228 kB | 1.5/3.8 MB | 57/254 kB
2026.06.27 08:47:54 INFO  Progress (4): 7.6/12 MB | 213/228 kB | 1.5/3.8 MB | 57/254 kB
2026.06.27 08:47:54 INFO  Progress (4): 7.6/12 MB | 213/228 kB | 1.5/3.8 MB | 57/254 kB
2026.06.27 08:47:54 INFO  Progress (4): 7.6/12 MB | 213/228 kB | 1.5/3.8 MB | 57/254 kB
2026.06.27 08:47:54 INFO  Progress (4): 7.7/12 MB | 213/228 kB | 1.5/3.8 MB | 57/254 kB
2026.06.27 08:47:54 INFO  Progress (4): 7.7/12 MB | 213/228 kB | 1.5/3.8 MB | 57/254 kB
2026.06.27 08:47:54 INFO  Progress (4): 7.7/12 MB | 213/228 kB | 1.5/3.8 MB | 57/254 kB
2026.06.27 08:47:54 INFO  Progress (4): 7.7/12 MB | 213/228 kB | 1.5/3.8 MB | 57/254 kB
2026.06.27 08:47:54 INFO  Progress (4): 7.7/12 MB | 213/228 kB | 1.5/3.8 MB | 57/254 kB
2026.06.27 08:47:54 INFO  Progress (4): 7.7/12 MB | 213/228 kB | 1.5/3.8 MB | 57/254 kB
2026.06.27 08:47:54 INFO  Progress (4): 7.8/12 MB | 213/228 kB | 1.5/3.8 MB | 57/254 kB
2026.06.27 08:47:54 INFO  Progress (4): 7.8/12 MB | 213/228 kB | 1.5/3.8 MB | 57/254 kB
2026.06.27 08:47:54 INFO  Progress (4): 7.8/12 MB | 213/228 kB | 1.5/3.8 MB | 57/254 kB
2026.06.27 08:47:54 INFO  Progress (4): 7.8/12 MB | 213/228 kB | 1.5/3.8 MB | 57/254 kB
2026.06.27 08:47:54 INFO  Progress (4): 7.8/12 MB | 213/228 kB | 1.5/3.8 MB | 57/254 kB
2026.06.27 08:47:54 INFO  Progress (4): 7.8/12 MB | 213/228 kB | 1.5/3.8 MB | 57/254 kB
2026.06.27 08:47:54 INFO  Progress (4): 7.9/12 MB | 213/228 kB | 1.5/3.8 MB | 57/254 kB
2026.06.27 08:47:54 INFO  Progress (4): 7.9/12 MB | 213/228 kB | 1.5/3.8 MB | 57/254 kB
2026.06.27 08:47:54 INFO  Progress (4): 7.9/12 MB | 213/228 kB | 1.5/3.8 MB | 57/254 kB
2026.06.27 08:47:54 INFO  Progress (4): 7.9/12 MB | 213/228 kB | 1.5/3.8 MB | 57/254 kB
2026.06.27 08:47:54 INFO  Progress (4): 7.9/12 MB | 213/228 kB | 1.5/3.8 MB | 57/254 kB
2026.06.27 08:47:54 INFO  Progress (4): 7.9/12 MB | 213/228 kB | 1.5/3.8 MB | 57/254 kB
2026.06.27 08:47:54 INFO  Progress (4): 8.0/12 MB | 213/228 kB | 1.5/3.8 MB | 57/254 kB
2026.06.27 08:47:54 INFO  Progress (4): 8.0/12 MB | 213/228 kB | 1.5/3.8 MB | 57/254 kB
2026.06.27 08:47:54 INFO  Progress (4): 8.0/12 MB | 213/228 kB | 1.5/3.8 MB | 57/254 kB
2026.06.27 08:47:54 INFO  Progress (4): 8.0/12 MB | 213/228 kB | 1.5/3.8 MB | 57/254 kB
2026.06.27 08:47:54 INFO  Progress (4): 8.0/12 MB | 213/228 kB | 1.5/3.8 MB | 57/254 kB
2026.06.27 08:47:54 INFO  Progress (4): 8.0/12 MB | 213/228 kB | 1.5/3.8 MB | 57/254 kB
2026.06.27 08:47:54 INFO  Progress (4): 8.1/12 MB | 213/228 kB | 1.5/3.8 MB | 57/254 kB
2026.06.27 08:47:54 INFO  Progress (4): 8.1/12 MB | 213/228 kB | 1.5/3.8 MB | 57/254 kB
2026.06.27 08:47:54 INFO  Progress (4): 8.1/12 MB | 213/228 kB | 1.5/3.8 MB | 57/254 kB
2026.06.27 08:47:54 INFO  Progress (4): 8.1/12 MB | 213/228 kB | 1.5/3.8 MB | 57/254 kB
2026.06.27 08:47:54 INFO  Progress (4): 8.1/12 MB | 213/228 kB | 1.5/3.8 MB | 57/254 kB
2026.06.27 08:47:54 INFO  Progress (4): 8.1/12 MB | 213/228 kB | 1.5/3.8 MB | 57/254 kB
2026.06.27 08:47:54 INFO  Progress (4): 8.1/12 MB | 213/228 kB | 1.5/3.8 MB | 57/254 kB
2026.06.27 08:47:54 INFO  Progress (4): 8.2/12 MB | 213/228 kB | 1.5/3.8 MB | 57/254 kB
2026.06.27 08:47:54 INFO  Progress (4): 8.2/12 MB | 213/228 kB | 1.5/3.8 MB | 57/254 kB
2026.06.27 08:47:54 INFO  Progress (4): 8.2/12 MB | 213/228 kB | 1.5/3.8 MB | 57/254 kB
2026.06.27 08:47:54 INFO  Progress (4): 8.2/12 MB | 213/228 kB | 1.5/3.8 MB | 57/254 kB
2026.06.27 08:47:54 INFO  Progress (4): 8.2/12 MB | 213/228 kB | 1.5/3.8 MB | 57/254 kB
2026.06.27 08:47:54 INFO  Progress (4): 8.2/12 MB | 213/228 kB | 1.5/3.8 MB | 57/254 kB
2026.06.27 08:47:54 INFO  Progress (4): 8.3/12 MB | 213/228 kB | 1.5/3.8 MB | 57/254 kB
2026.06.27 08:47:54 INFO  Progress (4): 8.3/12 MB | 213/228 kB | 1.5/3.8 MB | 57/254 kB
2026.06.27 08:47:54 INFO  Progress (4): 8.3/12 MB | 213/228 kB | 1.5/3.8 MB | 57/254 kB
2026.06.27 08:47:54 INFO  Progress (4): 8.3/12 MB | 213/228 kB | 1.5/3.8 MB | 57/254 kB
2026.06.27 08:47:54 INFO  Progress (4): 8.3/12 MB | 213/228 kB | 1.5/3.8 MB | 57/254 kB
2026.06.27 08:47:54 INFO  Progress (4): 8.3/12 MB | 213/228 kB | 1.5/3.8 MB | 57/254 kB
2026.06.27 08:47:54 INFO  Progress (4): 8.4/12 MB | 213/228 kB | 1.5/3.8 MB | 57/254 kB
2026.06.27 08:47:54 INFO  Progress (4): 8.4/12 MB | 213/228 kB | 1.5/3.8 MB | 57/254 kB
2026.06.27 08:47:54 INFO  Progress (4): 8.4/12 MB | 213/228 kB | 1.5/3.8 MB | 57/254 kB
2026.06.27 08:47:54 INFO  Progress (4): 8.4/12 MB | 213/228 kB | 1.5/3.8 MB | 57/254 kB
2026.06.27 08:47:54 INFO  Progress (4): 8.4/12 MB | 213/228 kB | 1.5/3.8 MB | 57/254 kB
2026.06.27 08:47:54 INFO  Progress (4): 8.4/12 MB | 213/228 kB | 1.5/3.8 MB | 57/254 kB
2026.06.27 08:47:54 INFO  Progress (4): 8.4/12 MB | 213/228 kB | 1.6/3.8 MB | 57/254 kB
2026.06.27 08:47:54 INFO  Progress (4): 8.4/12 MB | 213/228 kB | 1.6/3.8 MB | 57/254 kB
2026.06.27 08:47:54 INFO  Progress (4): 8.4/12 MB | 213/228 kB | 1.6/3.8 MB | 57/254 kB
2026.06.27 08:47:54 INFO  Progress (4): 8.5/12 MB | 213/228 kB | 1.6/3.8 MB | 57/254 kB
2026.06.27 08:47:54 INFO  Progress (4): 8.5/12 MB | 213/228 kB | 1.6/3.8 MB | 57/254 kB
2026.06.27 08:47:54 INFO  Progress (4): 8.5/12 MB | 213/228 kB | 1.6/3.8 MB | 57/254 kB
2026.06.27 08:47:54 INFO  Progress (4): 8.5/12 MB | 213/228 kB | 1.6/3.8 MB | 57/254 kB
2026.06.27 08:47:54 INFO  Progress (4): 8.5/12 MB | 213/228 kB | 1.6/3.8 MB | 57/254 kB
2026.06.27 08:47:54 INFO  Progress (4): 8.5/12 MB | 213/228 kB | 1.6/3.8 MB | 57/254 kB
2026.06.27 08:47:54 INFO  Progress (4): 8.5/12 MB | 213/228 kB | 1.6/3.8 MB | 57/254 kB
2026.06.27 08:47:54 INFO  Progress (4): 8.5/12 MB | 213/228 kB | 1.6/3.8 MB | 57/254 kB
2026.06.27 08:47:54 INFO  Progress (4): 8.5/12 MB | 213/228 kB | 1.6/3.8 MB | 57/254 kB
2026.06.27 08:47:54 INFO  Progress (5): 8.5/12 MB | 213/228 kB | 1.6/3.8 MB | 57/254 kB | 7.7/270 kB
2026.06.27 08:47:54 INFO  Progress (5): 8.5/12 MB | 213/228 kB | 1.6/3.8 MB | 57/254 kB | 8.2/270 kB
2026.06.27 08:47:54 INFO  Progress (5): 8.5/12 MB | 213/228 kB | 1.7/3.8 MB | 57/254 kB | 8.2/270 kB
2026.06.27 08:47:54 INFO  Progress (5): 8.5/12 MB | 213/228 kB | 1.7/3.8 MB | 57/254 kB | 8.2/270 kB
2026.06.27 08:47:54 INFO  Progress (5): 8.5/12 MB | 213/228 kB | 1.7/3.8 MB | 57/254 kB | 8.2/270 kB
2026.06.27 08:47:54 INFO  Progress (5): 8.5/12 MB | 213/228 kB | 1.7/3.8 MB | 57/254 kB | 25/270 kB 
2026.06.27 08:47:54 INFO  Progress (5): 8.5/12 MB | 213/228 kB | 1.7/3.8 MB | 57/254 kB | 25/270 kB
2026.06.27 08:47:54 INFO  Progress (5): 8.6/12 MB | 213/228 kB | 1.7/3.8 MB | 57/254 kB | 25/270 kB
2026.06.27 08:47:54 INFO  Progress (5): 8.6/12 MB | 213/228 kB | 1.7/3.8 MB | 57/254 kB | 25/270 kB
2026.06.27 08:47:54 INFO  Progress (5): 8.6/12 MB | 213/228 kB | 1.7/3.8 MB | 57/254 kB | 25/270 kB
2026.06.27 08:47:54 INFO  Progress (5): 8.6/12 MB | 213/228 kB | 1.7/3.8 MB | 57/254 kB | 25/270 kB
2026.06.27 08:47:54 INFO  Progress (5): 8.6/12 MB | 213/228 kB | 1.7/3.8 MB | 57/254 kB | 41/270 kB
2026.06.27 08:47:54 INFO  Progress (5): 8.6/12 MB | 213/228 kB | 1.7/3.8 MB | 57/254 kB | 41/270 kB
2026.06.27 08:47:54 INFO  Progress (5): 8.6/12 MB | 213/228 kB | 1.7/3.8 MB | 57/254 kB | 41/270 kB
2026.06.27 08:47:54 INFO  Progress (5): 8.6/12 MB | 213/228 kB | 1.7/3.8 MB | 57/254 kB | 57/270 kB
2026.06.27 08:47:54 INFO  Progress (5): 8.6/12 MB | 213/228 kB | 1.7/3.8 MB | 57/254 kB | 57/270 kB
2026.06.27 08:47:54 INFO  Progress (5): 8.6/12 MB | 213/228 kB | 1.8/3.8 MB | 57/254 kB | 57/270 kB
2026.06.27 08:47:54 INFO  Progress (5): 8.6/12 MB | 213/228 kB | 1.8/3.8 MB | 57/254 kB | 74/270 kB
2026.06.27 08:47:54 INFO  Progress (5): 8.6/12 MB | 213/228 kB | 1.8/3.8 MB | 57/254 kB | 74/270 kB
2026.06.27 08:47:54 INFO  Progress (5): 8.6/12 MB | 213/228 kB | 1.8/3.8 MB | 57/254 kB | 74/270 kB
2026.06.27 08:47:54 INFO  Progress (5): 8.6/12 MB | 213/228 kB | 1.8/3.8 MB | 57/254 kB | 90/270 kB
2026.06.27 08:47:54 INFO  Progress (5): 8.6/12 MB | 213/228 kB | 1.8/3.8 MB | 57/254 kB | 90/270 kB
2026.06.27 08:47:54 INFO  Progress (5): 8.6/12 MB | 213/228 kB | 1.8/3.8 MB | 57/254 kB | 90/270 kB
2026.06.27 08:47:54 INFO  Progress (5): 8.6/12 MB | 213/228 kB | 1.8/3.8 MB | 57/254 kB | 106/270 kB
2026.06.27 08:47:54 INFO  Progress (5): 8.6/12 MB | 213/228 kB | 1.8/3.8 MB | 57/254 kB | 106/270 kB
2026.06.27 08:47:54 INFO  Progress (5): 8.7/12 MB | 213/228 kB | 1.8/3.8 MB | 57/254 kB | 106/270 kB
2026.06.27 08:47:54 INFO  Progress (5): 8.7/12 MB | 213/228 kB | 1.8/3.8 MB | 57/254 kB | 106/270 kB
2026.06.27 08:47:54 INFO  Progress (5): 8.7/12 MB | 213/228 kB | 1.8/3.8 MB | 57/254 kB | 106/270 kB
2026.06.27 08:47:54 INFO  Progress (5): 8.7/12 MB | 213/228 kB | 1.8/3.8 MB | 57/254 kB | 123/270 kB
2026.06.27 08:47:54 INFO  Progress (5): 8.7/12 MB | 213/228 kB | 1.8/3.8 MB | 57/254 kB | 123/270 kB
2026.06.27 08:47:54 INFO  Progress (5): 8.7/12 MB | 213/228 kB | 1.8/3.8 MB | 57/254 kB | 139/270 kB
2026.06.27 08:47:54 INFO  Progress (5): 8.7/12 MB | 213/228 kB | 1.8/3.8 MB | 57/254 kB | 139/270 kB
2026.06.27 08:47:54 INFO  Progress (5): 8.7/12 MB | 213/228 kB | 1.8/3.8 MB | 57/254 kB | 139/270 kB
2026.06.27 08:47:54 INFO  Progress (5): 8.7/12 MB | 213/228 kB | 1.8/3.8 MB | 57/254 kB | 156/270 kB
2026.06.27 08:47:54 INFO  Progress (5): 8.7/12 MB | 213/228 kB | 1.8/3.8 MB | 57/254 kB | 156/270 kB
2026.06.27 08:47:54 INFO  Progress (5): 8.7/12 MB | 213/228 kB | 1.9/3.8 MB | 57/254 kB | 156/270 kB
2026.06.27 08:47:54 INFO  Progress (5): 8.7/12 MB | 213/228 kB | 1.9/3.8 MB | 57/254 kB | 172/270 kB
2026.06.27 08:47:54 INFO  Progress (5): 8.7/12 MB | 213/228 kB | 1.9/3.8 MB | 57/254 kB | 172/270 kB
2026.06.27 08:47:54 INFO  Progress (5): 8.7/12 MB | 213/228 kB | 1.9/3.8 MB | 57/254 kB | 172/270 kB
2026.06.27 08:47:54 INFO  Progress (5): 8.7/12 MB | 213/228 kB | 1.9/3.8 MB | 57/254 kB | 188/270 kB
2026.06.27 08:47:54 INFO  Progress (5): 8.7/12 MB | 213/228 kB | 1.9/3.8 MB | 57/254 kB | 188/270 kB
2026.06.27 08:47:54 INFO  Progress (5): 8.7/12 MB | 213/228 kB | 1.9/3.8 MB | 57/254 kB | 205/270 kB
2026.06.27 08:47:54 INFO  Progress (5): 8.7/12 MB | 213/228 kB | 1.9/3.8 MB | 57/254 kB | 205/270 kB
2026.06.27 08:47:54 INFO  Progress (5): 8.7/12 MB | 213/228 kB | 1.9/3.8 MB | 57/254 kB | 221/270 kB
2026.06.27 08:47:54 INFO  Progress (5): 8.7/12 MB | 213/228 kB | 1.9/3.8 MB | 57/254 kB | 229/270 kB
2026.06.27 08:47:54 INFO  Progress (5): 8.7/12 MB | 213/228 kB | 1.9/3.8 MB | 57/254 kB | 229/270 kB
2026.06.27 08:47:54 INFO  Progress (5): 8.7/12 MB | 213/228 kB | 1.9/3.8 MB | 57/254 kB | 238/270 kB
2026.06.27 08:47:54 INFO  Progress (5): 8.7/12 MB | 213/228 kB | 1.9/3.8 MB | 57/254 kB | 238/270 kB
2026.06.27 08:47:54 INFO  Progress (5): 8.7/12 MB | 213/228 kB | 1.9/3.8 MB | 57/254 kB | 254/270 kB
2026.06.27 08:47:54 INFO  Progress (5): 8.7/12 MB | 213/228 kB | 2.0/3.8 MB | 57/254 kB | 254/270 kB
2026.06.27 08:47:54 INFO  Progress (5): 8.7/12 MB | 213/228 kB | 2.0/3.8 MB | 57/254 kB | 262/270 kB
2026.06.27 08:47:54 INFO  Progress (5): 8.7/12 MB | 213/228 kB | 2.0/3.8 MB | 57/254 kB | 270 kB    
2026.06.27 08:47:54 INFO  Progress (5): 8.7/12 MB | 213/228 kB | 2.0/3.8 MB | 57/254 kB | 270 kB
2026.06.27 08:47:54 INFO  Progress (5): 8.7/12 MB | 213/228 kB | 2.0/3.8 MB | 57/254 kB | 270 kB
2026.06.27 08:47:54 INFO  Progress (5): 8.7/12 MB | 213/228 kB | 2.0/3.8 MB | 57/254 kB | 270 kB
2026.06.27 08:47:54 INFO  Progress (5): 8.7/12 MB | 213/228 kB | 2.0/3.8 MB | 57/254 kB | 270 kB
2026.06.27 08:47:54 INFO  Progress (5): 8.7/12 MB | 213/228 kB | 2.0/3.8 MB | 57/254 kB | 270 kB
2026.06.27 08:47:54 INFO  Progress (5): 8.7/12 MB | 213/228 kB | 2.1/3.8 MB | 57/254 kB | 270 kB
2026.06.27 08:47:54 INFO  Progress (5): 8.7/12 MB | 213/228 kB | 2.1/3.8 MB | 57/254 kB | 270 kB
2026.06.27 08:47:54 INFO  Progress (5): 8.7/12 MB | 213/228 kB | 2.1/3.8 MB | 57/254 kB | 270 kB
2026.06.27 08:47:54 INFO  Progress (5): 8.7/12 MB | 213/228 kB | 2.1/3.8 MB | 57/254 kB | 270 kB
2026.06.27 08:47:54 INFO                                                                        
2026.06.27 08:47:54 INFO  Downloaded from central: https://repo.maven.apache.org/maven2/org/scala-sbt/zinc-persist_2.13/1.8.0/zinc-persist_2.13-1.8.0.jar (270 kB at 151 kB/s)
2026.06.27 08:47:54 INFO  Downloading from central: https://repo.maven.apache.org/maven2/org/scala-lang/modules/scala-parser-combinators_2.13/1.1.2/scala-parser-combinators_2.13-1.1.2.jar
2026.06.27 08:47:54 INFO  Progress (4): 8.7/12 MB | 228 kB | 2.1/3.8 MB | 57/254 kB
2026.06.27 08:47:55 INFO                                                           
2026.06.27 08:47:55 INFO  Downloaded from central: https://repo.maven.apache.org/maven2/org/jline/jline-terminal/3.19.0/jline-terminal-3.19.0.jar (228 kB at 127 kB/s)
2026.06.27 08:47:55 INFO  Downloading from central: https://repo.maven.apache.org/maven2/net/openhft/zero-allocation-hashing/0.10.1/zero-allocation-hashing-0.10.1.jar
2026.06.27 08:47:55 INFO  Progress (3): 8.7/12 MB | 2.1/3.8 MB | 74/254 kB
2026.06.27 08:47:55 INFO  Progress (3): 8.7/12 MB | 2.1/3.8 MB | 90/254 kB
2026.06.27 08:47:55 INFO  Progress (3): 8.7/12 MB | 2.1/3.8 MB | 90/254 kB
2026.06.27 08:47:55 INFO  Progress (3): 8.7/12 MB | 2.1/3.8 MB | 90/254 kB
2026.06.27 08:47:55 INFO  Progress (3): 8.7/12 MB | 2.2/3.8 MB | 90/254 kB
2026.06.27 08:47:55 INFO  Progress (3): 8.7/12 MB | 2.2/3.8 MB | 90/254 kB
2026.06.27 08:47:55 INFO  Progress (3): 8.7/12 MB | 2.2/3.8 MB | 90/254 kB
2026.06.27 08:47:55 INFO  Progress (3): 8.7/12 MB | 2.2/3.8 MB | 90/254 kB
2026.06.27 08:47:55 INFO  Progress (3): 8.7/12 MB | 2.2/3.8 MB | 90/254 kB
2026.06.27 08:47:55 INFO  Progress (3): 8.7/12 MB | 2.2/3.8 MB | 90/254 kB
2026.06.27 08:47:55 INFO  Progress (3): 8.7/12 MB | 2.2/3.8 MB | 90/254 kB
2026.06.27 08:47:55 INFO  Progress (3): 8.7/12 MB | 2.3/3.8 MB | 90/254 kB
2026.06.27 08:47:55 INFO  Progress (3): 8.7/12 MB | 2.3/3.8 MB | 90/254 kB
2026.06.27 08:47:55 INFO  Progress (3): 8.8/12 MB | 2.3/3.8 MB | 90/254 kB
2026.06.27 08:47:55 INFO  Progress (3): 8.8/12 MB | 2.3/3.8 MB | 90/254 kB
2026.06.27 08:47:55 INFO  Progress (3): 8.8/12 MB | 2.3/3.8 MB | 90/254 kB
2026.06.27 08:47:55 INFO  Progress (3): 8.8/12 MB | 2.3/3.8 MB | 90/254 kB
2026.06.27 08:47:55 INFO  Progress (3): 8.8/12 MB | 2.3/3.8 MB | 90/254 kB
2026.06.27 08:47:55 INFO  Progress (3): 8.8/12 MB | 2.3/3.8 MB | 90/254 kB
2026.06.27 08:47:55 INFO  Progress (3): 8.9/12 MB | 2.3/3.8 MB | 90/254 kB
2026.06.27 08:47:55 INFO  Progress (3): 8.9/12 MB | 2.3/3.8 MB | 90/254 kB
2026.06.27 08:47:55 INFO  Progress (3): 8.9/12 MB | 2.3/3.8 MB | 90/254 kB
2026.06.27 08:47:55 INFO  Progress (3): 8.9/12 MB | 2.3/3.8 MB | 90/254 kB
2026.06.27 08:47:55 INFO  Progress (3): 8.9/12 MB | 2.3/3.8 MB | 90/254 kB
2026.06.27 08:47:55 INFO  Progress (3): 8.9/12 MB | 2.3/3.8 MB | 90/254 kB
2026.06.27 08:47:55 INFO  Progress (3): 9.0/12 MB | 2.3/3.8 MB | 90/254 kB
2026.06.27 08:47:55 INFO  Progress (3): 9.0/12 MB | 2.3/3.8 MB | 90/254 kB
2026.06.27 08:47:55 INFO  Progress (3): 9.0/12 MB | 2.3/3.8 MB | 90/254 kB
2026.06.27 08:47:55 INFO  Progress (3): 9.0/12 MB | 2.3/3.8 MB | 90/254 kB
2026.06.27 08:47:55 INFO  Progress (3): 9.0/12 MB | 2.3/3.8 MB | 90/254 kB
2026.06.27 08:47:55 INFO  Progress (3): 9.0/12 MB | 2.3/3.8 MB | 90/254 kB
2026.06.27 08:47:55 INFO  Progress (3): 9.0/12 MB | 2.3/3.8 MB | 90/254 kB
2026.06.27 08:47:55 INFO  Progress (3): 9.1/12 MB | 2.3/3.8 MB | 90/254 kB
2026.06.27 08:47:55 INFO  Progress (3): 9.1/12 MB | 2.3/3.8 MB | 90/254 kB
2026.06.27 08:47:55 INFO  Progress (3): 9.1/12 MB | 2.3/3.8 MB | 90/254 kB
2026.06.27 08:47:55 INFO  Progress (3): 9.1/12 MB | 2.3/3.8 MB | 90/254 kB
2026.06.27 08:47:55 INFO  Progress (3): 9.1/12 MB | 2.3/3.8 MB | 90/254 kB
2026.06.27 08:47:55 INFO  Progress (3): 9.1/12 MB | 2.3/3.8 MB | 90/254 kB
2026.06.27 08:47:55 INFO  Progress (3): 9.2/12 MB | 2.3/3.8 MB | 90/254 kB
2026.06.27 08:47:55 INFO  Progress (3): 9.2/12 MB | 2.3/3.8 MB | 90/254 kB
2026.06.27 08:47:55 INFO  Progress (3): 9.2/12 MB | 2.3/3.8 MB | 90/254 kB
2026.06.27 08:47:55 INFO  Progress (3): 9.2/12 MB | 2.3/3.8 MB | 90/254 kB
2026.06.27 08:47:55 INFO  Progress (3): 9.2/12 MB | 2.3/3.8 MB | 90/254 kB
2026.06.27 08:47:55 INFO  Progress (3): 9.2/12 MB | 2.3/3.8 MB | 90/254 kB
2026.06.27 08:47:55 INFO  Progress (3): 9.3/12 MB | 2.3/3.8 MB | 90/254 kB
2026.06.27 08:47:55 INFO  Progress (3): 9.3/12 MB | 2.3/3.8 MB | 106/254 kB
2026.06.27 08:47:55 INFO  Progress (3): 9.3/12 MB | 2.3/3.8 MB | 106/254 kB
2026.06.27 08:47:55 INFO  Progress (3): 9.3/12 MB | 2.3/3.8 MB | 106/254 kB
2026.06.27 08:47:55 INFO  Progress (3): 9.3/12 MB | 2.3/3.8 MB | 106/254 kB
2026.06.27 08:47:55 INFO  Progress (3): 9.3/12 MB | 2.3/3.8 MB | 106/254 kB
2026.06.27 08:47:55 INFO  Progress (3): 9.3/12 MB | 2.3/3.8 MB | 106/254 kB
2026.06.27 08:47:55 INFO  Progress (3): 9.4/12 MB | 2.3/3.8 MB | 106/254 kB
2026.06.27 08:47:55 INFO  Progress (3): 9.4/12 MB | 2.3/3.8 MB | 106/254 kB
2026.06.27 08:47:55 INFO  Progress (3): 9.4/12 MB | 2.3/3.8 MB | 106/254 kB
2026.06.27 08:47:55 INFO  Progress (3): 9.4/12 MB | 2.3/3.8 MB | 106/254 kB
2026.06.27 08:47:55 INFO  Progress (3): 9.4/12 MB | 2.3/3.8 MB | 106/254 kB
2026.06.27 08:47:55 INFO  Progress (3): 9.4/12 MB | 2.3/3.8 MB | 106/254 kB
2026.06.27 08:47:55 INFO  Progress (3): 9.5/12 MB | 2.3/3.8 MB | 106/254 kB
2026.06.27 08:47:55 INFO  Progress (3): 9.5/12 MB | 2.3/3.8 MB | 106/254 kB
2026.06.27 08:47:55 INFO  Progress (3): 9.5/12 MB | 2.3/3.8 MB | 106/254 kB
2026.06.27 08:47:55 INFO  Progress (3): 9.5/12 MB | 2.3/3.8 MB | 106/254 kB
2026.06.27 08:47:55 INFO  Progress (3): 9.5/12 MB | 2.3/3.8 MB | 106/254 kB
2026.06.27 08:47:55 INFO  Progress (3): 9.5/12 MB | 2.3/3.8 MB | 106/254 kB
2026.06.27 08:47:55 INFO  Progress (3): 9.6/12 MB | 2.3/3.8 MB | 106/254 kB
2026.06.27 08:47:55 INFO  Progress (3): 9.6/12 MB | 2.3/3.8 MB | 106/254 kB
2026.06.27 08:47:55 INFO  Progress (3): 9.6/12 MB | 2.3/3.8 MB | 106/254 kB
2026.06.27 08:47:55 INFO  Progress (3): 9.6/12 MB | 2.3/3.8 MB | 106/254 kB
2026.06.27 08:47:55 INFO  Progress (3): 9.6/12 MB | 2.3/3.8 MB | 106/254 kB
2026.06.27 08:47:55 INFO  Progress (3): 9.6/12 MB | 2.3/3.8 MB | 106/254 kB
2026.06.27 08:47:55 INFO  Progress (3): 9.7/12 MB | 2.3/3.8 MB | 106/254 kB
2026.06.27 08:47:55 INFO  Progress (3): 9.7/12 MB | 2.3/3.8 MB | 106/254 kB
2026.06.27 08:47:55 INFO  Progress (3): 9.7/12 MB | 2.3/3.8 MB | 106/254 kB
2026.06.27 08:47:55 INFO  Progress (3): 9.7/12 MB | 2.3/3.8 MB | 106/254 kB
2026.06.27 08:47:55 INFO  Progress (3): 9.7/12 MB | 2.3/3.8 MB | 106/254 kB
2026.06.27 08:47:55 INFO  Progress (3): 9.7/12 MB | 2.3/3.8 MB | 106/254 kB
2026.06.27 08:47:55 INFO  Progress (3): 9.7/12 MB | 2.3/3.8 MB | 106/254 kB
2026.06.27 08:47:55 INFO  Progress (3): 9.8/12 MB | 2.3/3.8 MB | 106/254 kB
2026.06.27 08:47:55 INFO  Progress (3): 9.8/12 MB | 2.3/3.8 MB | 106/254 kB
2026.06.27 08:47:55 INFO  Progress (3): 9.8/12 MB | 2.3/3.8 MB | 106/254 kB
2026.06.27 08:47:55 INFO  Progress (3): 9.8/12 MB | 2.3/3.8 MB | 106/254 kB
2026.06.27 08:47:55 INFO  Progress (3): 9.8/12 MB | 2.3/3.8 MB | 106/254 kB
2026.06.27 08:47:55 INFO  Progress (3): 9.8/12 MB | 2.3/3.8 MB | 106/254 kB
2026.06.27 08:47:55 INFO  Progress (3): 9.8/12 MB | 2.3/3.8 MB | 106/254 kB
2026.06.27 08:47:55 INFO  Progress (3): 9.9/12 MB | 2.3/3.8 MB | 106/254 kB
2026.06.27 08:47:55 INFO  Progress (3): 9.9/12 MB | 2.3/3.8 MB | 106/254 kB
2026.06.27 08:47:55 INFO  Progress (3): 9.9/12 MB | 2.3/3.8 MB | 106/254 kB
2026.06.27 08:47:55 INFO  Progress (3): 9.9/12 MB | 2.3/3.8 MB | 106/254 kB
2026.06.27 08:47:55 INFO  Progress (3): 9.9/12 MB | 2.3/3.8 MB | 106/254 kB
2026.06.27 08:47:55 INFO  Progress (3): 9.9/12 MB | 2.3/3.8 MB | 106/254 kB
2026.06.27 08:47:55 INFO  Progress (3): 10.0/12 MB | 2.3/3.8 MB | 106/254 kB
2026.06.27 08:47:55 INFO  Progress (3): 10.0/12 MB | 2.3/3.8 MB | 106/254 kB
2026.06.27 08:47:55 INFO  Progress (3): 10.0/12 MB | 2.3/3.8 MB | 123/254 kB
2026.06.27 08:47:55 INFO  Progress (3): 10.0/12 MB | 2.3/3.8 MB | 131/254 kB
2026.06.27 08:47:55 INFO  Progress (3): 10.0/12 MB | 2.3/3.8 MB | 147/254 kB
2026.06.27 08:47:55 INFO  Progress (3): 10.0/12 MB | 2.3/3.8 MB | 164/254 kB
2026.06.27 08:47:55 INFO  Progress (3): 10.0/12 MB | 2.3/3.8 MB | 180/254 kB
2026.06.27 08:47:55 INFO  Progress (3): 10.0/12 MB | 2.3/3.8 MB | 197/254 kB
2026.06.27 08:47:55 INFO  Progress (3): 10.0/12 MB | 2.3/3.8 MB | 213/254 kB
2026.06.27 08:47:55 INFO  Progress (3): 10.0/12 MB | 2.3/3.8 MB | 229/254 kB
2026.06.27 08:47:55 INFO  Progress (3): 10.0/12 MB | 2.3/3.8 MB | 229/254 kB
2026.06.27 08:47:55 INFO  Progress (3): 10.0/12 MB | 2.3/3.8 MB | 229/254 kB
2026.06.27 08:47:55 INFO  Progress (3): 10.0/12 MB | 2.3/3.8 MB | 229/254 kB
2026.06.27 08:47:55 INFO  Progress (3): 10.0/12 MB | 2.3/3.8 MB | 229/254 kB
2026.06.27 08:47:55 INFO  Progress (3): 10.0/12 MB | 2.3/3.8 MB | 229/254 kB
2026.06.27 08:47:55 INFO  Progress (3): 10.0/12 MB | 2.4/3.8 MB | 229/254 kB
2026.06.27 08:47:55 INFO  Progress (3): 10.0/12 MB | 2.4/3.8 MB | 229/254 kB
2026.06.27 08:47:55 INFO  Progress (3): 10.0/12 MB | 2.4/3.8 MB | 229/254 kB
2026.06.27 08:47:55 INFO  Progress (3): 10.0/12 MB | 2.4/3.8 MB | 229/254 kB
2026.06.27 08:47:55 INFO  Progress (3): 10.0/12 MB | 2.4/3.8 MB | 229/254 kB
2026.06.27 08:47:55 INFO  Progress (3): 10.0/12 MB | 2.4/3.8 MB | 229/254 kB
2026.06.27 08:47:55 INFO  Progress (3): 10.0/12 MB | 2.5/3.8 MB | 229/254 kB
2026.06.27 08:47:55 INFO  Progress (3): 10.0/12 MB | 2.5/3.8 MB | 229/254 kB
2026.06.27 08:47:55 INFO  Progress (3): 10.0/12 MB | 2.5/3.8 MB | 229/254 kB
2026.06.27 08:47:55 INFO  Progress (3): 10.0/12 MB | 2.5/3.8 MB | 229/254 kB
2026.06.27 08:47:55 INFO  Progress (3): 10.0/12 MB | 2.5/3.8 MB | 229/254 kB
2026.06.27 08:47:55 INFO  Progress (3): 10.0/12 MB | 2.5/3.8 MB | 229/254 kB
2026.06.27 08:47:55 INFO  Progress (3): 10.0/12 MB | 2.5/3.8 MB | 229/254 kB
2026.06.27 08:47:55 INFO  Progress (3): 10.0/12 MB | 2.6/3.8 MB | 229/254 kB
2026.06.27 08:47:55 INFO  Progress (3): 10.0/12 MB | 2.6/3.8 MB | 229/254 kB
2026.06.27 08:47:55 INFO  Progress (3): 10.0/12 MB | 2.6/3.8 MB | 229/254 kB
2026.06.27 08:47:55 INFO  Progress (3): 10.0/12 MB | 2.6/3.8 MB | 229/254 kB
2026.06.27 08:47:55 INFO  Progress (3): 10.0/12 MB | 2.6/3.8 MB | 229/254 kB
2026.06.27 08:47:55 INFO  Progress (3): 10.0/12 MB | 2.6/3.8 MB | 229/254 kB
2026.06.27 08:47:55 INFO  Progress (3): 10.0/12 MB | 2.7/3.8 MB | 229/254 kB
2026.06.27 08:47:55 INFO  Progress (3): 10.0/12 MB | 2.7/3.8 MB | 229/254 kB
2026.06.27 08:47:55 INFO  Progress (3): 10.0/12 MB | 2.7/3.8 MB | 229/254 kB
2026.06.27 08:47:55 INFO  Progress (3): 10.0/12 MB | 2.7/3.8 MB | 229/254 kB
2026.06.27 08:47:55 INFO  Progress (3): 10.0/12 MB | 2.7/3.8 MB | 229/254 kB
2026.06.27 08:47:55 INFO  Progress (3): 10.0/12 MB | 2.7/3.8 MB | 229/254 kB
2026.06.27 08:47:55 INFO  Progress (3): 10.0/12 MB | 2.8/3.8 MB | 229/254 kB
2026.06.27 08:47:55 INFO  Progress (3): 10.0/12 MB | 2.8/3.8 MB | 229/254 kB
2026.06.27 08:47:55 INFO  Progress (3): 10.0/12 MB | 2.8/3.8 MB | 229/254 kB
2026.06.27 08:47:55 INFO  Progress (3): 10.0/12 MB | 2.8/3.8 MB | 229/254 kB
2026.06.27 08:47:55 INFO  Progress (3): 10.0/12 MB | 2.8/3.8 MB | 229/254 kB
2026.06.27 08:47:55 INFO  Progress (3): 10.0/12 MB | 2.8/3.8 MB | 229/254 kB
2026.06.27 08:47:55 INFO  Progress (3): 10.0/12 MB | 2.9/3.8 MB | 229/254 kB
2026.06.27 08:47:55 INFO  Progress (3): 10.0/12 MB | 2.9/3.8 MB | 229/254 kB
2026.06.27 08:47:55 INFO  Progress (3): 10.0/12 MB | 2.9/3.8 MB | 229/254 kB
2026.06.27 08:47:55 INFO  Progress (3): 10.0/12 MB | 2.9/3.8 MB | 229/254 kB
2026.06.27 08:47:55 INFO  Progress (3): 10.0/12 MB | 2.9/3.8 MB | 229/254 kB
2026.06.27 08:47:55 INFO  Progress (3): 10.0/12 MB | 2.9/3.8 MB | 229/254 kB
2026.06.27 08:47:55 INFO  Progress (3): 10.0/12 MB | 3.0/3.8 MB | 229/254 kB
2026.06.27 08:47:55 INFO  Progress (3): 10.0/12 MB | 3.0/3.8 MB | 229/254 kB
2026.06.27 08:47:55 INFO  Progress (3): 10.0/12 MB | 3.0/3.8 MB | 229/254 kB
2026.06.27 08:47:55 INFO  Progress (3): 10.0/12 MB | 3.0/3.8 MB | 229/254 kB
2026.06.27 08:47:55 INFO  Progress (3): 10.0/12 MB | 3.0/3.8 MB | 229/254 kB
2026.06.27 08:47:55 INFO  Progress (3): 10.0/12 MB | 3.0/3.8 MB | 229/254 kB
2026.06.27 08:47:55 INFO  Progress (3): 10.0/12 MB | 3.0/3.8 MB | 229/254 kB
2026.06.27 08:47:55 INFO  Progress (3): 10.0/12 MB | 3.1/3.8 MB | 229/254 kB
2026.06.27 08:47:55 INFO  Progress (3): 10.0/12 MB | 3.1/3.8 MB | 229/254 kB
2026.06.27 08:47:55 INFO  Progress (3): 10.0/12 MB | 3.1/3.8 MB | 229/254 kB
2026.06.27 08:47:55 INFO  Progress (3): 10.0/12 MB | 3.1/3.8 MB | 229/254 kB
2026.06.27 08:47:55 INFO  Progress (3): 10.0/12 MB | 3.1/3.8 MB | 229/254 kB
2026.06.27 08:47:55 INFO  Progress (3): 10.0/12 MB | 3.1/3.8 MB | 229/254 kB
2026.06.27 08:47:55 INFO  Progress (3): 10.0/12 MB | 3.2/3.8 MB | 229/254 kB
2026.06.27 08:47:55 INFO  Progress (3): 10.0/12 MB | 3.2/3.8 MB | 229/254 kB
2026.06.27 08:47:55 INFO  Progress (3): 10.0/12 MB | 3.2/3.8 MB | 229/254 kB
2026.06.27 08:47:55 INFO  Progress (3): 10.0/12 MB | 3.2/3.8 MB | 229/254 kB
2026.06.27 08:47:55 INFO  Progress (3): 10.0/12 MB | 3.2/3.8 MB | 229/254 kB
2026.06.27 08:47:55 INFO  Progress (3): 10.0/12 MB | 3.2/3.8 MB | 229/254 kB
2026.06.27 08:47:55 INFO  Progress (3): 10.0/12 MB | 3.3/3.8 MB | 229/254 kB
2026.06.27 08:47:55 INFO  Progress (3): 10.0/12 MB | 3.3/3.8 MB | 229/254 kB
2026.06.27 08:47:55 INFO  Progress (3): 10.0/12 MB | 3.3/3.8 MB | 229/254 kB
2026.06.27 08:47:55 INFO  Progress (3): 10.0/12 MB | 3.3/3.8 MB | 229/254 kB
2026.06.27 08:47:55 INFO  Progress (3): 10.0/12 MB | 3.3/3.8 MB | 229/254 kB
2026.06.27 08:47:55 INFO  Progress (3): 10.0/12 MB | 3.3/3.8 MB | 229/254 kB
2026.06.27 08:47:55 INFO  Progress (3): 10.0/12 MB | 3.3/3.8 MB | 229/254 kB
2026.06.27 08:47:55 INFO  Progress (3): 10.0/12 MB | 3.4/3.8 MB | 229/254 kB
2026.06.27 08:47:55 INFO  Progress (3): 10.0/12 MB | 3.4/3.8 MB | 229/254 kB
2026.06.27 08:47:55 INFO  Progress (3): 10.0/12 MB | 3.4/3.8 MB | 229/254 kB
2026.06.27 08:47:55 INFO  Progress (3): 10.0/12 MB | 3.4/3.8 MB | 229/254 kB
2026.06.27 08:47:55 INFO  Progress (3): 10.0/12 MB | 3.4/3.8 MB | 229/254 kB
2026.06.27 08:47:55 INFO  Progress (3): 10.0/12 MB | 3.4/3.8 MB | 229/254 kB
2026.06.27 08:47:55 INFO  Progress (3): 10.0/12 MB | 3.5/3.8 MB | 229/254 kB
2026.06.27 08:47:55 INFO  Progress (3): 10.0/12 MB | 3.5/3.8 MB | 229/254 kB
2026.06.27 08:47:55 INFO  Progress (3): 10.0/12 MB | 3.5/3.8 MB | 229/254 kB
2026.06.27 08:47:55 INFO  Progress (3): 10.0/12 MB | 3.5/3.8 MB | 229/254 kB
2026.06.27 08:47:55 INFO  Progress (3): 10.0/12 MB | 3.5/3.8 MB | 229/254 kB
2026.06.27 08:47:55 INFO  Progress (3): 10.0/12 MB | 3.5/3.8 MB | 229/254 kB
2026.06.27 08:47:55 INFO  Progress (3): 10.0/12 MB | 3.5/3.8 MB | 229/254 kB
2026.06.27 08:47:55 INFO  Progress (3): 10.0/12 MB | 3.6/3.8 MB | 229/254 kB
2026.06.27 08:47:55 INFO  Progress (3): 10.0/12 MB | 3.6/3.8 MB | 229/254 kB
2026.06.27 08:47:55 INFO  Progress (3): 10.0/12 MB | 3.6/3.8 MB | 229/254 kB
2026.06.27 08:47:55 INFO  Progress (3): 10.0/12 MB | 3.6/3.8 MB | 229/254 kB
2026.06.27 08:47:55 INFO  Progress (3): 10.0/12 MB | 3.6/3.8 MB | 229/254 kB
2026.06.27 08:47:55 INFO  Progress (3): 10.0/12 MB | 3.6/3.8 MB | 229/254 kB
2026.06.27 08:47:55 INFO  Progress (3): 10.0/12 MB | 3.7/3.8 MB | 229/254 kB
2026.06.27 08:47:55 INFO  Progress (3): 10.0/12 MB | 3.7/3.8 MB | 229/254 kB
2026.06.27 08:47:55 INFO  Progress (3): 10.0/12 MB | 3.7/3.8 MB | 229/254 kB
2026.06.27 08:47:55 INFO  Progress (3): 10.0/12 MB | 3.7/3.8 MB | 229/254 kB
2026.06.27 08:47:55 INFO  Progress (3): 10.0/12 MB | 3.7/3.8 MB | 229/254 kB
2026.06.27 08:47:55 INFO  Progress (3): 10.0/12 MB | 3.7/3.8 MB | 229/254 kB
2026.06.27 08:47:55 INFO  Progress (3): 10.0/12 MB | 3.7/3.8 MB | 229/254 kB
2026.06.27 08:47:55 INFO  Progress (3): 10.0/12 MB | 3.8/3.8 MB | 229/254 kB
2026.06.27 08:47:55 INFO  Progress (3): 10.0/12 MB | 3.8/3.8 MB | 229/254 kB
2026.06.27 08:47:55 INFO  Progress (3): 10.0/12 MB | 3.8 MB | 229/254 kB    
2026.06.27 08:47:55 INFO  Progress (3): 10/12 MB | 3.8 MB | 229/254 kB  
2026.06.27 08:47:55 INFO  Progress (3): 10/12 MB | 3.8 MB | 229/254 kB
2026.06.27 08:47:55 INFO  Progress (3): 10/12 MB | 3.8 MB | 229/254 kB
2026.06.27 08:47:55 INFO  Progress (3): 10/12 MB | 3.8 MB | 229/254 kB
2026.06.27 08:47:55 INFO  Progress (3): 10/12 MB | 3.8 MB | 229/254 kB
2026.06.27 08:47:55 INFO  Progress (3): 10/12 MB | 3.8 MB | 229/254 kB
2026.06.27 08:47:55 INFO  Progress (3): 10/12 MB | 3.8 MB | 229/254 kB
2026.06.27 08:47:55 INFO  Progress (3): 10/12 MB | 3.8 MB | 229/254 kB
2026.06.27 08:47:55 INFO  Progress (3): 10/12 MB | 3.8 MB | 229/254 kB
2026.06.27 08:47:55 INFO  Progress (3): 10/12 MB | 3.8 MB | 229/254 kB
2026.06.27 08:47:55 INFO  Progress (3): 10/12 MB | 3.8 MB | 229/254 kB
2026.06.27 08:47:55 INFO  Progress (3): 10/12 MB | 3.8 MB | 229/254 kB
2026.06.27 08:47:55 INFO  Progress (3): 10/12 MB | 3.8 MB | 229/254 kB
2026.06.27 08:47:55 INFO  Progress (3): 10/12 MB | 3.8 MB | 229/254 kB
2026.06.27 08:47:55 INFO  Progress (3): 10/12 MB | 3.8 MB | 229/254 kB
2026.06.27 08:47:55 INFO  Progress (3): 10/12 MB | 3.8 MB | 229/254 kB
2026.06.27 08:47:55 INFO  Progress (3): 10/12 MB | 3.8 MB | 229/254 kB
2026.06.27 08:47:55 INFO  Progress (3): 10/12 MB | 3.8 MB | 229/254 kB
2026.06.27 08:47:55 INFO  Progress (3): 10/12 MB | 3.8 MB | 229/254 kB
2026.06.27 08:47:55 INFO  Progress (3): 10/12 MB | 3.8 MB | 229/254 kB
2026.06.27 08:47:55 INFO  Progress (3): 10/12 MB | 3.8 MB | 229/254 kB
2026.06.27 08:47:55 INFO  Progress (3): 10/12 MB | 3.8 MB | 229/254 kB
2026.06.27 08:47:55 INFO  Progress (3): 10/12 MB | 3.8 MB | 229/254 kB
2026.06.27 08:47:55 INFO  Progress (3): 10/12 MB | 3.8 MB | 229/254 kB
2026.06.27 08:47:55 INFO  Progress (3): 10/12 MB | 3.8 MB | 229/254 kB
2026.06.27 08:47:55 INFO  Progress (3): 10/12 MB | 3.8 MB | 229/254 kB
2026.06.27 08:47:55 INFO  Progress (3): 10/12 MB | 3.8 MB | 229/254 kB
2026.06.27 08:47:55 INFO  Progress (3): 10/12 MB | 3.8 MB | 229/254 kB
2026.06.27 08:47:55 INFO  Progress (3): 10/12 MB | 3.8 MB | 229/254 kB
2026.06.27 08:47:55 INFO  Progress (3): 10/12 MB | 3.8 MB | 229/254 kB
2026.06.27 08:47:55 INFO  Progress (3): 10/12 MB | 3.8 MB | 229/254 kB
2026.06.27 08:47:55 INFO  Progress (3): 11/12 MB | 3.8 MB | 229/254 kB
2026.06.27 08:47:55 INFO  Progress (3): 11/12 MB | 3.8 MB | 229/254 kB
2026.06.27 08:47:55 INFO  Progress (3): 11/12 MB | 3.8 MB | 229/254 kB
2026.06.27 08:47:55 INFO  Progress (3): 11/12 MB | 3.8 MB | 229/254 kB
2026.06.27 08:47:55 INFO  Progress (3): 11/12 MB | 3.8 MB | 229/254 kB
2026.06.27 08:47:55 INFO  Progress (3): 11/12 MB | 3.8 MB | 229/254 kB
2026.06.27 08:47:55 INFO  Progress (3): 11/12 MB | 3.8 MB | 229/254 kB
2026.06.27 08:47:55 INFO  Progress (3): 11/12 MB | 3.8 MB | 229/254 kB
2026.06.27 08:47:55 INFO  Progress (3): 11/12 MB | 3.8 MB | 229/254 kB
2026.06.27 08:47:55 INFO  Progress (3): 11/12 MB | 3.8 MB | 229/254 kB
2026.06.27 08:47:55 INFO  Progress (3): 11/12 MB | 3.8 MB | 229/254 kB
2026.06.27 08:47:55 INFO  Progress (3): 11/12 MB | 3.8 MB | 229/254 kB
2026.06.27 08:47:55 INFO  Progress (3): 11/12 MB | 3.8 MB | 229/254 kB
2026.06.27 08:47:55 INFO  Progress (3): 11/12 MB | 3.8 MB | 229/254 kB
2026.06.27 08:47:55 INFO  Progress (3): 11/12 MB | 3.8 MB | 229/254 kB
2026.06.27 08:47:55 INFO  Progress (3): 11/12 MB | 3.8 MB | 229/254 kB
2026.06.27 08:47:55 INFO  Progress (3): 11/12 MB | 3.8 MB | 229/254 kB
2026.06.27 08:47:55 INFO  Progress (3): 11/12 MB | 3.8 MB | 229/254 kB
2026.06.27 08:47:55 INFO  Progress (3): 11/12 MB | 3.8 MB | 229/254 kB
2026.06.27 08:47:55 INFO  Progress (3): 11/12 MB | 3.8 MB | 229/254 kB
2026.06.27 08:47:55 INFO  Progress (3): 11/12 MB | 3.8 MB | 229/254 kB
2026.06.27 08:47:55 INFO                                              
2026.06.27 08:47:55 INFO  Downloaded from central: https://repo.maven.apache.org/maven2/org/scala-lang/scala-reflect/2.13.8/scala-reflect-2.13.8.jar (3.8 MB at 2.0 MB/s)
2026.06.27 08:47:55 INFO  Progress (2): 11/12 MB | 229/254 kB
2026.06.27 08:47:55 INFO                                     
2026.06.27 08:47:55 INFO  Downloading from central: https://repo.maven.apache.org/maven2/org/scala-sbt/util-control_2.13/1.8.0/util-control_2.13-1.8.0.jar
2026.06.27 08:47:55 INFO  Progress (2): 11/12 MB | 229/254 kB
2026.06.27 08:47:55 INFO  Progress (2): 11/12 MB | 229/254 kB
2026.06.27 08:47:55 INFO  Progress (2): 11/12 MB | 229/254 kB
2026.06.27 08:47:55 INFO  Progress (2): 11/12 MB | 229/254 kB
2026.06.27 08:47:55 INFO  Progress (2): 11/12 MB | 229/254 kB
2026.06.27 08:47:55 INFO  Progress (2): 11/12 MB | 229/254 kB
2026.06.27 08:47:55 INFO  Progress (2): 11/12 MB | 229/254 kB
2026.06.27 08:47:55 INFO  Progress (2): 11/12 MB | 229/254 kB
2026.06.27 08:47:55 INFO  Progress (2): 11/12 MB | 229/254 kB
2026.06.27 08:47:55 INFO  Progress (2): 11/12 MB | 229/254 kB
2026.06.27 08:47:55 INFO  Progress (2): 11/12 MB | 229/254 kB
2026.06.27 08:47:55 INFO  Progress (2): 11/12 MB | 229/254 kB
2026.06.27 08:47:55 INFO  Progress (2): 11/12 MB | 229/254 kB
2026.06.27 08:47:55 INFO  Progress (2): 11/12 MB | 229/254 kB
2026.06.27 08:47:55 INFO  Progress (2): 11/12 MB | 229/254 kB
2026.06.27 08:47:55 INFO  Progress (2): 11/12 MB | 229/254 kB
2026.06.27 08:47:55 INFO  Progress (2): 11/12 MB | 229/254 kB
2026.06.27 08:47:55 INFO  Progress (2): 11/12 MB | 229/254 kB
2026.06.27 08:47:55 INFO  Progress (2): 11/12 MB | 229/254 kB
2026.06.27 08:47:55 INFO  Progress (2): 11/12 MB | 229/254 kB
2026.06.27 08:47:55 INFO  Progress (2): 11/12 MB | 229/254 kB
2026.06.27 08:47:55 INFO  Progress (2): 11/12 MB | 229/254 kB
2026.06.27 08:47:55 INFO  Progress (2): 11/12 MB | 229/254 kB
2026.06.27 08:47:55 INFO  Progress (2): 11/12 MB | 229/254 kB
2026.06.27 08:47:55 INFO  Progress (2): 11/12 MB | 229/254 kB
2026.06.27 08:47:55 INFO  Progress (2): 11/12 MB | 229/254 kB
2026.06.27 08:47:55 INFO  Progress (2): 11/12 MB | 229/254 kB
2026.06.27 08:47:55 INFO  Progress (2): 11/12 MB | 229/254 kB
2026.06.27 08:47:55 INFO  Progress (2): 11/12 MB | 229/254 kB
2026.06.27 08:47:55 INFO  Progress (2): 11/12 MB | 229/254 kB
2026.06.27 08:47:55 INFO  Progress (2): 11/12 MB | 229/254 kB
2026.06.27 08:47:55 INFO  Progress (2): 11/12 MB | 229/254 kB
2026.06.27 08:47:55 INFO  Progress (2): 11/12 MB | 229/254 kB
2026.06.27 08:47:55 INFO  Progress (2): 11/12 MB | 229/254 kB
2026.06.27 08:47:55 INFO  Progress (2): 11/12 MB | 229/254 kB
2026.06.27 08:47:55 INFO  Progress (2): 11/12 MB | 229/254 kB
2026.06.27 08:47:55 INFO  Progress (2): 11/12 MB | 229/254 kB
2026.06.27 08:47:55 INFO  Progress (2): 11/12 MB | 229/254 kB
2026.06.27 08:47:55 INFO  Progress (2): 11/12 MB | 229/254 kB
2026.06.27 08:47:55 INFO  Progress (2): 11/12 MB | 229/254 kB
2026.06.27 08:47:55 INFO  Progress (2): 12/12 MB | 229/254 kB
2026.06.27 08:47:55 INFO  Progress (2): 12/12 MB | 229/254 kB
2026.06.27 08:47:55 INFO  Progress (2): 12/12 MB | 229/254 kB
2026.06.27 08:47:55 INFO  Progress (2): 12/12 MB | 229/254 kB
2026.06.27 08:47:55 INFO  Progress (2): 12/12 MB | 229/254 kB
2026.06.27 08:47:55 INFO  Progress (2): 12/12 MB | 229/254 kB
2026.06.27 08:47:55 INFO  Progress (2): 12/12 MB | 229/254 kB
2026.06.27 08:47:55 INFO  Progress (2): 12/12 MB | 229/254 kB
2026.06.27 08:47:55 INFO  Progress (2): 12/12 MB | 229/254 kB
2026.06.27 08:47:55 INFO  Progress (2): 12/12 MB | 229/254 kB
2026.06.27 08:47:55 INFO  Progress (2): 12/12 MB | 229/254 kB
2026.06.27 08:47:55 INFO  Progress (2): 12/12 MB | 229/254 kB
2026.06.27 08:47:55 INFO  Progress (2): 12/12 MB | 229/254 kB
2026.06.27 08:47:55 INFO  Progress (2): 12/12 MB | 229/254 kB
2026.06.27 08:47:55 INFO  Progress (2): 12/12 MB | 229/254 kB
2026.06.27 08:47:55 INFO  Progress (2): 12/12 MB | 229/254 kB
2026.06.27 08:47:55 INFO  Progress (2): 12/12 MB | 229/254 kB
2026.06.27 08:47:55 INFO  Progress (2): 12/12 MB | 229/254 kB
2026.06.27 08:47:55 INFO  Progress (2): 12/12 MB | 229/254 kB
2026.06.27 08:47:55 INFO  Progress (2): 12/12 MB | 229/254 kB
2026.06.27 08:47:55 INFO  Progress (2): 12/12 MB | 229/254 kB
2026.06.27 08:47:55 INFO  Progress (2): 12/12 MB | 229/254 kB
2026.06.27 08:47:55 INFO  Progress (2): 12/12 MB | 229/254 kB
2026.06.27 08:47:55 INFO  Progress (2): 12/12 MB | 229/254 kB
2026.06.27 08:47:55 INFO  Progress (2): 12/12 MB | 229/254 kB
2026.06.27 08:47:55 INFO  Progress (2): 12/12 MB | 229/254 kB
2026.06.27 08:47:55 INFO  Progress (2): 12/12 MB | 229/254 kB
2026.06.27 08:47:55 INFO  Progress (2): 12/12 MB | 229/254 kB
2026.06.27 08:47:55 INFO  Progress (2): 12/12 MB | 229/254 kB
2026.06.27 08:47:55 INFO  Progress (2): 12/12 MB | 229/254 kB
2026.06.27 08:47:55 INFO  Progress (2): 12/12 MB | 229/254 kB
2026.06.27 08:47:55 INFO  Progress (2): 12/12 MB | 229/254 kB
2026.06.27 08:47:55 INFO  Progress (2): 12/12 MB | 229/254 kB
2026.06.27 08:47:55 INFO  Progress (2): 12/12 MB | 229/254 kB
2026.06.27 08:47:55 INFO  Progress (2): 12/12 MB | 229/254 kB
2026.06.27 08:47:55 INFO  Progress (2): 12/12 MB | 229/254 kB
2026.06.27 08:47:55 INFO  Progress (2): 12/12 MB | 229/254 kB
2026.06.27 08:47:55 INFO  Progress (2): 12/12 MB | 229/254 kB
2026.06.27 08:47:55 INFO  Progress (2): 12 MB | 229/254 kB   
2026.06.27 08:47:55 INFO  Progress (3): 12 MB | 229/254 kB | 7.7/225 kB
2026.06.27 08:47:55 INFO  Progress (3): 12 MB | 229/254 kB | 16/225 kB 
2026.06.27 08:47:55 INFO  Progress (3): 12 MB | 229/254 kB | 25/225 kB
2026.06.27 08:47:55 INFO  Progress (3): 12 MB | 229/254 kB | 41/225 kB
2026.06.27 08:47:55 INFO  Progress (3): 12 MB | 229/254 kB | 57/225 kB
2026.06.27 08:47:55 INFO  Progress (3): 12 MB | 229/254 kB | 74/225 kB
2026.06.27 08:47:55 INFO  Progress (3): 12 MB | 229/254 kB | 90/225 kB
2026.06.27 08:47:55 INFO  Progress (3): 12 MB | 229/254 kB | 106/225 kB
2026.06.27 08:47:55 INFO  Progress (3): 12 MB | 229/254 kB | 115/225 kB
2026.06.27 08:47:55 INFO  Progress (3): 12 MB | 246/254 kB | 115/225 kB
2026.06.27 08:47:55 INFO  Progress (3): 12 MB | 246/254 kB | 131/225 kB
2026.06.27 08:47:55 INFO  Progress (3): 12 MB | 246/254 kB | 147/225 kB
2026.06.27 08:47:55 INFO  Progress (3): 12 MB | 246/254 kB | 164/225 kB
2026.06.27 08:47:55 INFO  Progress (3): 12 MB | 246/254 kB | 172/225 kB
2026.06.27 08:47:55 INFO  Progress (3): 12 MB | 254 kB | 172/225 kB    
2026.06.27 08:47:55 INFO  Progress (3): 12 MB | 254 kB | 188/225 kB
2026.06.27 08:47:55 INFO  Progress (3): 12 MB | 254 kB | 197/225 kB
2026.06.27 08:47:55 INFO  Progress (3): 12 MB | 254 kB | 213/225 kB
2026.06.27 08:47:55 INFO  Progress (3): 12 MB | 254 kB | 225 kB    
2026.06.27 08:47:55 INFO                                       
2026.06.27 08:47:55 INFO  Downloaded from central: https://repo.maven.apache.org/maven2/org/scala-lang/modules/scala-parser-combinators_2.13/1.1.2/scala-parser-combinators_2.13-1.1.2.jar (225 kB at 117 kB/s)
2026.06.27 08:47:55 INFO  Downloading from central: https://repo.maven.apache.org/maven2/org/scala-sbt/zinc-classfile_2.13/1.8.0/zinc-classfile_2.13-1.8.0.jar
2026.06.27 08:47:55 INFO  Progress (3): 12 MB | 254 kB | 8.2/60 kB
2026.06.27 08:47:55 INFO                                          
2026.06.27 08:47:55 INFO  Downloaded from central: https://repo.maven.apache.org/maven2/org/scala-sbt/zinc-compile-core_2.13/1.8.0/zinc-compile-core_2.13-1.8.0.jar (254 kB at 132 kB/s)
2026.06.27 08:47:55 INFO  Progress (2): 12 MB | 25/60 kB
2026.06.27 08:47:55 INFO  Progress (2): 12 MB | 41/60 kB
2026.06.27 08:47:55 INFO  Progress (2): 12 MB | 49/60 kB
2026.06.27 08:47:55 INFO                                
2026.06.27 08:47:55 INFO  Downloaded from central: https://repo.maven.apache.org/maven2/org/scala-lang/scala-compiler/2.13.8/scala-compiler-2.13.8.jar (12 MB at 6.2 MB/s)
2026.06.27 08:47:55 INFO  Progress (1): 60 kB
2026.06.27 08:47:55 INFO                     
2026.06.27 08:47:55 INFO  Downloaded from central: https://repo.maven.apache.org/maven2/net/openhft/zero-allocation-hashing/0.10.1/zero-allocation-hashing-0.10.1.jar (60 kB at 31 kB/s)
2026.06.27 08:47:55 INFO  Progress (1): 7.7/19 kB
2026.06.27 08:47:55 INFO  Progress (1): 11/19 kB 
2026.06.27 08:47:55 INFO  Progress (1): 19 kB   
2026.06.27 08:47:55 INFO                     
2026.06.27 08:47:55 INFO  Downloaded from central: https://repo.maven.apache.org/maven2/org/scala-sbt/util-control_2.13/1.8.0/util-control_2.13-1.8.0.jar (19 kB at 9.6 kB/s)
2026.06.27 08:47:55 INFO  Progress (1): 7.7/108 kB
2026.06.27 08:47:55 INFO  Progress (1): 11/108 kB 
2026.06.27 08:47:55 INFO  Progress (1): 28/108 kB
2026.06.27 08:47:55 INFO  Progress (1): 44/108 kB
2026.06.27 08:47:55 INFO  Progress (1): 61/108 kB
2026.06.27 08:47:55 INFO  Progress (1): 77/108 kB
2026.06.27 08:47:55 INFO  Progress (1): 93/108 kB
2026.06.27 08:47:55 INFO  Progress (1): 108 kB   
2026.06.27 08:47:55 INFO                      
2026.06.27 08:47:55 INFO  Downloaded from central: https://repo.maven.apache.org/maven2/org/scala-sbt/zinc-classfile_2.13/1.8.0/zinc-classfile_2.13-1.8.0.jar (108 kB at 53 kB/s)
2026.06.27 08:47:55 INFO  [ERROR] org.scala-lang:scala([0-9]?)-library is missing from project dependencies
2026.06.27 08:47:55 INFO  [ERROR] org.scala-lang:scala([0-9]?)-library is missing from project dependencies
2026.06.27 08:47:56 INFO  [INFO] Resolving artifact: org.apache.commons:commons-lang3:jar:3.17.0:compile (sources = false)
2026.06.27 08:47:56 INFO  [INFO] SUCCESS: org.apache.commons:commons-lang3:jar:3.17.0:compile (sources = false)
2026.06.27 08:47:56 INFO  [INFO] Resolving artifact: org.apache.commons:commons-lang3:jar:3.17.0:compile (sources = true)
2026.06.27 08:47:56 INFO  Downloading from central: https://repo.maven.apache.org/maven2/org/apache/commons/commons-lang3/3.17.0/commons-lang3-3.17.0-sources.jar
2026.06.27 08:47:56 INFO  Progress (1): 7.7/729 kB
2026.06.27 08:47:56 INFO  Progress (1): 16/729 kB 
2026.06.27 08:47:56 INFO  Progress (1): 28/729 kB
2026.06.27 08:47:56 INFO  Progress (1): 44/729 kB
2026.06.27 08:47:56 INFO  Progress (1): 60/729 kB
2026.06.27 08:47:56 INFO  Progress (1): 77/729 kB
2026.06.27 08:47:56 INFO  Progress (1): 93/729 kB
2026.06.27 08:47:56 INFO  Progress (1): 110/729 kB
2026.06.27 08:47:56 INFO  Progress (1): 126/729 kB
2026.06.27 08:47:56 INFO  Progress (1): 142/729 kB
2026.06.27 08:47:56 INFO  Progress (1): 151/729 kB
2026.06.27 08:47:56 INFO  Progress (1): 167/729 kB
2026.06.27 08:47:56 INFO  Progress (1): 183/729 kB
2026.06.27 08:47:56 INFO  Progress (1): 200/729 kB
2026.06.27 08:47:56 INFO  Progress (1): 205/729 kB
2026.06.27 08:47:56 INFO  Progress (1): 221/729 kB
2026.06.27 08:47:56 INFO  Progress (1): 238/729 kB
2026.06.27 08:47:56 INFO  Progress (1): 246/729 kB
2026.06.27 08:47:56 INFO  Progress (1): 262/729 kB
2026.06.27 08:47:56 INFO  Progress (1): 279/729 kB
2026.06.27 08:47:56 INFO  Progress (1): 295/729 kB
2026.06.27 08:47:56 INFO  Progress (1): 311/729 kB
2026.06.27 08:47:56 INFO  Progress (1): 328/729 kB
2026.06.27 08:47:56 INFO  Progress (1): 336/729 kB
2026.06.27 08:47:56 INFO  Progress (1): 352/729 kB
2026.06.27 08:47:56 INFO  Progress (1): 369/729 kB
2026.06.27 08:47:56 INFO  Progress (1): 385/729 kB
2026.06.27 08:47:56 INFO  Progress (1): 401/729 kB
2026.06.27 08:47:56 INFO  Progress (1): 418/729 kB
2026.06.27 08:47:56 INFO  Progress (1): 434/729 kB
2026.06.27 08:47:56 INFO  Progress (1): 451/729 kB
2026.06.27 08:47:56 INFO  Progress (1): 467/729 kB
2026.06.27 08:47:56 INFO  Progress (1): 483/729 kB
2026.06.27 08:47:56 INFO  Progress (1): 500/729 kB
2026.06.27 08:47:56 INFO  Progress (1): 516/729 kB
2026.06.27 08:47:56 INFO  Progress (1): 532/729 kB
2026.06.27 08:47:56 INFO  Progress (1): 549/729 kB
2026.06.27 08:47:56 INFO  Progress (1): 565/729 kB
2026.06.27 08:47:56 INFO  Progress (1): 582/729 kB
2026.06.27 08:47:56 INFO  Progress (1): 598/729 kB
2026.06.27 08:47:56 INFO  Progress (1): 614/729 kB
2026.06.27 08:47:56 INFO  Progress (1): 631/729 kB
2026.06.27 08:47:56 INFO  Progress (1): 647/729 kB
2026.06.27 08:47:56 INFO  Progress (1): 664/729 kB
2026.06.27 08:47:56 INFO  Progress (1): 680/729 kB
2026.06.27 08:47:56 INFO  Progress (1): 696/729 kB
2026.06.27 08:47:56 INFO  Progress (1): 713/729 kB
2026.06.27 08:47:56 INFO  Progress (1): 729 kB    
2026.06.27 08:47:56 INFO                      
2026.06.27 08:47:56 INFO  Downloaded from central: https://repo.maven.apache.org/maven2/org/apache/commons/commons-lang3/3.17.0/commons-lang3-3.17.0-sources.jar (729 kB at 5.1 MB/s)
2026.06.27 08:47:56 INFO  [INFO] SUCCESS: org.apache.commons:commons-lang3:jar:3.17.0:compile (sources = true)
2026.06.27 08:47:56 INFO  [INFO] Resolving artifact: com.google.errorprone:error_prone_annotations:jar:2.36.0:compile (sources = false)
2026.06.27 08:47:56 INFO  [INFO] SUCCESS: com.google.errorprone:error_prone_annotations:jar:2.36.0:compile (sources = false)
2026.06.27 08:47:56 INFO  [INFO] Resolving artifact: com.google.errorprone:error_prone_annotations:jar:2.36.0:compile (sources = true)
2026.06.27 08:47:56 INFO  Downloading from central: https://repo.maven.apache.org/maven2/com/google/errorprone/error_prone_annotations/2.36.0/error_prone_annotations-2.36.0-sources.jar
2026.06.27 08:47:56 INFO  Progress (1): 7.7/38 kB
2026.06.27 08:47:56 INFO  Progress (1): 16/38 kB 
2026.06.27 08:47:56 INFO  Progress (1): 25/38 kB
2026.06.27 08:47:56 INFO  Progress (1): 38 kB   
2026.06.27 08:47:56 INFO                     
2026.06.27 08:47:56 INFO  Downloaded from central: https://repo.maven.apache.org/maven2/com/google/errorprone/error_prone_annotations/2.36.0/error_prone_annotations-2.36.0-sources.jar (38 kB at 299 kB/s)
2026.06.27 08:47:56 INFO  [INFO] SUCCESS: com.google.errorprone:error_prone_annotations:jar:2.36.0:compile (sources = true)
2026.06.27 08:47:56 INFO  [INFO] Resolving artifact: com.google.guava:failureaccess:jar:1.0.3:compile (sources = false)
2026.06.27 08:47:56 INFO  [INFO] SUCCESS: com.google.guava:failureaccess:jar:1.0.3:compile (sources = false)
2026.06.27 08:47:56 INFO  [INFO] Resolving artifact: com.google.guava:failureaccess:jar:1.0.3:compile (sources = true)
2026.06.27 08:47:56 INFO  Downloading from central: https://repo.maven.apache.org/maven2/com/google/guava/failureaccess/1.0.3/failureaccess-1.0.3-sources.jar
2026.06.27 08:47:56 INFO  Progress (1): 7.7/11 kB
2026.06.27 08:47:56 INFO  Progress (1): 11 kB    
2026.06.27 08:47:56 INFO                     
2026.06.27 08:47:56 INFO  Downloaded from central: https://repo.maven.apache.org/maven2/com/google/guava/failureaccess/1.0.3/failureaccess-1.0.3-sources.jar (11 kB at 84 kB/s)
2026.06.27 08:47:56 INFO  [INFO] SUCCESS: com.google.guava:failureaccess:jar:1.0.3:compile (sources = true)
2026.06.27 08:47:56 INFO  [INFO] Resolving artifact: com.google.guava:listenablefuture:jar:9999.0-empty-to-avoid-conflict-with-guava:compile (sources = false)
2026.06.27 08:47:56 INFO  [INFO] SUCCESS: com.google.guava:listenablefuture:jar:9999.0-empty-to-avoid-conflict-with-guava:compile (sources = false)
2026.06.27 08:47:56 INFO  [INFO] Resolving artifact: com.google.guava:listenablefuture:jar:9999.0-empty-to-avoid-conflict-with-guava:compile (sources = true)
2026.06.27 08:47:56 INFO  Downloading from central: https://repo.maven.apache.org/maven2/com/google/guava/listenablefuture/9999.0-empty-to-avoid-conflict-with-guava/listenablefuture-9999.0-empty-to-avoid-conflict-with-guava-sources.jar
2026.06.27 08:47:56 INFO  [ERROR] FAILURE com.google.guava:listenablefuture:jar:9999.0-empty-to-avoid-conflict-with-guava:compile (sources = true)
2026.06.27 08:47:56 INFO  org.eclipse.aether.resolution.ArtifactResolutionException: The following artifacts could not be resolved: com.google.guava:listenablefuture:jar:sources:9999.0-empty-to-avoid-conflict-with-guava (absent): Could not find artifact com.google.guava:listenablefuture:jar:sources:9999.0-empty-to-avoid-conflict-with-guava in central (https://repo.maven.apache.org/maven2)
2026.06.27 08:47:56 INFO      at org.eclipse.aether.internal.impl.DefaultArtifactResolver.resolve (DefaultArtifactResolver.java:473)
2026.06.27 08:47:56 INFO      at org.eclipse.aether.internal.impl.DefaultArtifactResolver.resolveArtifacts (DefaultArtifactResolver.java:261)
2026.06.27 08:47:56 INFO      at org.eclipse.aether.internal.impl.DefaultArtifactResolver.resolveArtifact (DefaultArtifactResolver.java:243)
2026.06.27 08:47:56 INFO      at org.eclipse.aether.internal.impl.DefaultRepositorySystem.resolveArtifact (DefaultRepositorySystem.java:278)
2026.06.27 08:47:56 INFO      at bloop.integrations.maven.MojoImplementation$.bloop$integrations$maven$MojoImplementation$$resolveArtifact$1 (MojoImplementation.scala:115)
2026.06.27 08:47:56 INFO      at bloop.integrations.maven.MojoImplementation$$anonfun$2.applyOrElse (MojoImplementation.scala:240)
2026.06.27 08:47:56 INFO      at bloop.integrations.maven.MojoImplementation$$anonfun$2.applyOrElse (MojoImplementation.scala:222)
2026.06.27 08:47:56 INFO      at scala.collection.StrictOptimizedIterableOps.collect (StrictOptimizedIterableOps.scala:151)
2026.06.27 08:47:56 INFO      at scala.collection.StrictOptimizedIterableOps.collect$ (StrictOptimizedIterableOps.scala:136)
2026.06.27 08:47:56 INFO      at scala.collection.mutable.HashSet.collect (HashSet.scala:31)
2026.06.27 08:47:56 INFO      at bloop.integrations.maven.MojoImplementation$.writeConfig$1 (MojoImplementation.scala:222)
2026.06.27 08:47:56 INFO      at bloop.integrations.maven.MojoImplementation$.writeCompileAndTestConfiguration (MojoImplementation.scala:298)
2026.06.27 08:47:56 INFO      at bloop.integrations.maven.MojoImplementation.writeCompileAndTestConfiguration (MojoImplementation.scala)
2026.06.27 08:47:56 INFO      at bloop.integrations.maven.BloopMojo.execute (BloopMojo.java:105)
2026.06.27 08:47:56 INFO      at org.apache.maven.plugin.DefaultBuildPluginManager.executeMojo (DefaultBuildPluginManager.java:126)
2026.06.27 08:47:56 INFO      at org.apache.maven.lifecycle.internal.MojoExecutor.doExecute2 (MojoExecutor.java:328)
2026.06.27 08:47:56 INFO      at org.apache.maven.lifecycle.internal.MojoExecutor.doExecute (MojoExecutor.java:316)
2026.06.27 08:47:56 INFO      at org.apache.maven.lifecycle.internal.MojoExecutor.execute (MojoExecutor.java:212)
2026.06.27 08:47:56 INFO      at org.apache.maven.lifecycle.internal.MojoExecutor.execute (MojoExecutor.java:174)
2026.06.27 08:47:56 INFO      at org.apache.maven.lifecycle.internal.MojoExecutor.access$000 (MojoExecutor.java:75)
2026.06.27 08:47:56 INFO      at org.apache.maven.lifecycle.internal.MojoExecutor$1.run (MojoExecutor.java:162)
2026.06.27 08:47:56 INFO      at org.apache.maven.plugin.DefaultMojosExecutionStrategy.execute (DefaultMojosExecutionStrategy.java:39)
2026.06.27 08:47:56 INFO      at org.apache.maven.lifecycle.internal.MojoExecutor.execute (MojoExecutor.java:159)
2026.06.27 08:47:56 INFO      at org.apache.maven.lifecycle.internal.LifecycleModuleBuilder.buildProject (LifecycleModuleBuilder.java:105)
2026.06.27 08:47:56 INFO      at org.apache.maven.lifecycle.internal.LifecycleModuleBuilder.buildProject (LifecycleModuleBuilder.java:73)
2026.06.27 08:47:56 INFO      at org.apache.maven.lifecycle.internal.builder.singlethreaded.SingleThreadedBuilder.build (SingleThreadedBuilder.java:53)
2026.06.27 08:47:56 INFO      at org.apache.maven.lifecycle.internal.LifecycleStarter.execute (LifecycleStarter.java:118)
2026.06.27 08:47:56 INFO      at org.apache.maven.DefaultMaven.doExecute (DefaultMaven.java:261)
2026.06.27 08:47:56 INFO      at org.apache.maven.DefaultMaven.doExecute (DefaultMaven.java:173)
2026.06.27 08:47:56 INFO      at org.apache.maven.DefaultMaven.execute (DefaultMaven.java:101)
2026.06.27 08:47:56 INFO      at org.apache.maven.cli.MavenCli.execute (MavenCli.java:906)
2026.06.27 08:47:56 INFO      at org.apache.maven.cli.MavenCli.doMain (MavenCli.java:283)
2026.06.27 08:47:56 INFO      at org.apache.maven.cli.MavenCli.main (MavenCli.java:206)
2026.06.27 08:47:56 INFO      at jdk.internal.reflect.DirectMethodHandleAccessor.invoke (DirectMethodHandleAccessor.java:104)
2026.06.27 08:47:56 INFO      at java.lang.reflect.Method.invoke (Method.java:565)
2026.06.27 08:47:56 INFO      at org.codehaus.plexus.classworlds.launcher.Launcher.launchEnhanced (Launcher.java:255)
2026.06.27 08:47:56 INFO      at org.codehaus.plexus.classworlds.launcher.Launcher.launch (Launcher.java:201)
2026.06.27 08:47:56 INFO      at org.codehaus.plexus.classworlds.launcher.Launcher.mainWithExitCode (Launcher.java:361)
2026.06.27 08:47:56 INFO      at org.codehaus.plexus.classworlds.launcher.Launcher.main (Launcher.java:314)
2026.06.27 08:47:56 INFO      at jdk.internal.reflect.DirectMethodHandleAccessor.invoke (DirectMethodHandleAccessor.java:104)
2026.06.27 08:47:56 INFO      at java.lang.reflect.Method.invoke (Method.java:565)
2026.06.27 08:47:56 INFO      at org.apache.maven.wrapper.BootstrapMainStarter.start (BootstrapMainStarter.java:52)
2026.06.27 08:47:56 INFO      at org.apache.maven.wrapper.WrapperExecutor.execute (WrapperExecutor.java:161)
2026.06.27 08:47:56 INFO      at org.apache.maven.wrapper.MavenWrapperMain.main (MavenWrapperMain.java:73)
2026.06.27 08:47:56 INFO  Caused by: org.eclipse.aether.transfer.ArtifactNotFoundException: Could not find artifact com.google.guava:listenablefuture:jar:sources:9999.0-empty-to-avoid-conflict-with-guava in central (https://repo.maven.apache.org/maven2)
2026.06.27 08:47:56 INFO      at org.eclipse.aether.connector.basic.ArtifactTransportListener.transferFailed (ArtifactTransportListener.java:42)
2026.06.27 08:47:56 INFO      at org.eclipse.aether.connector.basic.BasicRepositoryConnector$TaskRunner.run (BasicRepositoryConnector.java:417)
2026.06.27 08:47:56 INFO      at org.eclipse.aether.connector.basic.BasicRepositoryConnector.get (BasicRepositoryConnector.java:260)
2026.06.27 08:47:56 INFO      at org.eclipse.aether.internal.impl.DefaultArtifactResolver.performDownloads (DefaultArtifactResolver.java:537)
2026.06.27 08:47:56 INFO      at org.eclipse.aether.internal.impl.DefaultArtifactResolver.resolve (DefaultArtifactResolver.java:449)
2026.06.27 08:47:56 INFO      at org.eclipse.aether.internal.impl.DefaultArtifactResolver.resolveArtifacts (DefaultArtifactResolver.java:261)
2026.06.27 08:47:56 INFO      at org.eclipse.aether.internal.impl.DefaultArtifactResolver.resolveArtifact (DefaultArtifactResolver.java:243)
2026.06.27 08:47:56 INFO      at org.eclipse.aether.internal.impl.DefaultRepositorySystem.resolveArtifact (DefaultRepositorySystem.java:278)
2026.06.27 08:47:56 INFO      at bloop.integrations.maven.MojoImplementation$.bloop$integrations$maven$MojoImplementation$$resolveArtifact$1 (MojoImplementation.scala:115)
2026.06.27 08:47:56 INFO      at bloop.integrations.maven.MojoImplementation$$anonfun$2.applyOrElse (MojoImplementation.scala:240)
2026.06.27 08:47:56 INFO      at bloop.integrations.maven.MojoImplementation$$anonfun$2.applyOrElse (MojoImplementation.scala:222)
2026.06.27 08:47:56 INFO      at scala.collection.StrictOptimizedIterableOps.collect (StrictOptimizedIterableOps.scala:151)
2026.06.27 08:47:56 INFO      at scala.collection.StrictOptimizedIterableOps.collect$ (StrictOptimizedIterableOps.scala:136)
2026.06.27 08:47:56 INFO      at scala.collection.mutable.HashSet.collect (HashSet.scala:31)
2026.06.27 08:47:56 INFO      at bloop.integrations.maven.MojoImplementation$.writeConfig$1 (MojoImplementation.scala:222)
2026.06.27 08:47:56 INFO      at bloop.integrations.maven.MojoImplementation$.writeCompileAndTestConfiguration (MojoImplementation.scala:298)
2026.06.27 08:47:56 INFO      at bloop.integrations.maven.MojoImplementation.writeCompileAndTestConfiguration (MojoImplementation.scala)
2026.06.27 08:47:56 INFO      at bloop.integrations.maven.BloopMojo.execute (BloopMojo.java:105)
2026.06.27 08:47:56 INFO      at org.apache.maven.plugin.DefaultBuildPluginManager.executeMojo (DefaultBuildPluginManager.java:126)
2026.06.27 08:47:56 INFO      at org.apache.maven.lifecycle.internal.MojoExecutor.doExecute2 (MojoExecutor.java:328)
2026.06.27 08:47:56 INFO      at org.apache.maven.lifecycle.internal.MojoExecutor.doExecute (MojoExecutor.java:316)
2026.06.27 08:47:56 INFO      at org.apache.maven.lifecycle.internal.MojoExecutor.execute (MojoExecutor.java:212)
2026.06.27 08:47:56 INFO      at org.apache.maven.lifecycle.internal.MojoExecutor.execute (MojoExecutor.java:174)
2026.06.27 08:47:56 INFO      at org.apache.maven.lifecycle.internal.MojoExecutor.access$000 (MojoExecutor.java:75)
2026.06.27 08:47:56 INFO      at org.apache.maven.lifecycle.internal.MojoExecutor$1.run (MojoExecutor.java:162)
2026.06.27 08:47:56 INFO      at org.apache.maven.plugin.DefaultMojosExecutionStrategy.execute (DefaultMojosExecutionStrategy.java:39)
2026.06.27 08:47:56 INFO      at org.apache.maven.lifecycle.internal.MojoExecutor.execute (MojoExecutor.java:159)
2026.06.27 08:47:56 INFO      at org.apache.maven.lifecycle.internal.LifecycleModuleBuilder.buildProject (LifecycleModuleBuilder.java:105)
2026.06.27 08:47:56 INFO      at org.apache.maven.lifecycle.internal.LifecycleModuleBuilder.buildProject (LifecycleModuleBuilder.java:73)
2026.06.27 08:47:56 INFO      at org.apache.maven.lifecycle.internal.builder.singlethreaded.SingleThreadedBuilder.build (SingleThreadedBuilder.java:53)
2026.06.27 08:47:56 INFO      at org.apache.maven.lifecycle.internal.LifecycleStarter.execute (LifecycleStarter.java:118)
2026.06.27 08:47:56 INFO      at org.apache.maven.DefaultMaven.doExecute (DefaultMaven.java:261)
2026.06.27 08:47:56 INFO      at org.apache.maven.DefaultMaven.doExecute (DefaultMaven.java:173)
2026.06.27 08:47:56 INFO      at org.apache.maven.DefaultMaven.execute (DefaultMaven.java:101)
2026.06.27 08:47:56 INFO      at org.apache.maven.cli.MavenCli.execute (MavenCli.java:906)
2026.06.27 08:47:56 INFO      at org.apache.maven.cli.MavenCli.doMain (MavenCli.java:283)
2026.06.27 08:47:56 INFO      at org.apache.maven.cli.MavenCli.main (MavenCli.java:206)
2026.06.27 08:47:56 INFO      at jdk.internal.reflect.DirectMethodHandleAccessor.invoke (DirectMethodHandleAccessor.java:104)
2026.06.27 08:47:56 INFO      at java.lang.reflect.Method.invoke (Method.java:565)
2026.06.27 08:47:56 INFO      at org.codehaus.plexus.classworlds.launcher.Launcher.launchEnhanced (Launcher.java:255)
2026.06.27 08:47:56 INFO      at org.codehaus.plexus.classworlds.launcher.Launcher.launch (Launcher.java:201)
2026.06.27 08:47:56 INFO      at org.codehaus.plexus.classworlds.launcher.Launcher.mainWithExitCode (Launcher.java:361)
2026.06.27 08:47:56 INFO      at org.codehaus.plexus.classworlds.launcher.Launcher.main (Launcher.java:314)
2026.06.27 08:47:56 INFO      at jdk.internal.reflect.DirectMethodHandleAccessor.invoke (DirectMethodHandleAccessor.java:104)
2026.06.27 08:47:56 INFO      at java.lang.reflect.Method.invoke (Method.java:565)
2026.06.27 08:47:56 INFO      at org.apache.maven.wrapper.BootstrapMainStarter.start (BootstrapMainStarter.java:52)
2026.06.27 08:47:56 INFO      at org.apache.maven.wrapper.WrapperExecutor.execute (WrapperExecutor.java:161)
2026.06.27 08:47:56 INFO      at org.apache.maven.wrapper.MavenWrapperMain.main (MavenWrapperMain.java:73)
2026.06.27 08:47:56 INFO  [INFO] Resolving artifact: ch.qos.logback:logback-classic:jar:1.5.18:compile (sources = false)
2026.06.27 08:47:56 INFO  [INFO] SUCCESS: ch.qos.logback:logback-classic:jar:1.5.18:compile (sources = false)
2026.06.27 08:47:56 INFO  [INFO] Resolving artifact: ch.qos.logback:logback-classic:jar:1.5.18:compile (sources = true)
2026.06.27 08:47:56 INFO  Downloading from central: https://repo.maven.apache.org/maven2/ch/qos/logback/logback-classic/1.5.18/logback-classic-1.5.18-sources.jar
2026.06.27 08:47:56 INFO  Progress (1): 7.7/248 kB
2026.06.27 08:47:56 INFO  Progress (1): 8.2/248 kB
2026.06.27 08:47:56 INFO  Progress (1): 25/248 kB 
2026.06.27 08:47:56 INFO  Progress (1): 41/248 kB
2026.06.27 08:47:56 INFO  Progress (1): 57/248 kB
2026.06.27 08:47:56 INFO  Progress (1): 74/248 kB
2026.06.27 08:47:56 INFO  Progress (1): 90/248 kB
2026.06.27 08:47:56 INFO  Progress (1): 98/248 kB
2026.06.27 08:47:56 INFO  Progress (1): 115/248 kB
2026.06.27 08:47:56 INFO  Progress (1): 131/248 kB
2026.06.27 08:47:56 INFO  Progress (1): 147/248 kB
2026.06.27 08:47:56 INFO  Progress (1): 164/248 kB
2026.06.27 08:47:56 INFO  Progress (1): 180/248 kB
2026.06.27 08:47:56 INFO  Progress (1): 197/248 kB
2026.06.27 08:47:56 INFO  Progress (1): 213/248 kB
2026.06.27 08:47:56 INFO  Progress (1): 229/248 kB
2026.06.27 08:47:56 INFO  Progress (1): 246/248 kB
2026.06.27 08:47:56 INFO  Progress (1): 248 kB    
2026.06.27 08:47:56 INFO                      
2026.06.27 08:47:56 INFO  Downloaded from central: https://repo.maven.apache.org/maven2/ch/qos/logback/logback-classic/1.5.18/logback-classic-1.5.18-sources.jar (248 kB at 1.8 MB/s)
2026.06.27 08:47:56 INFO  [INFO] SUCCESS: ch.qos.logback:logback-classic:jar:1.5.18:compile (sources = true)
2026.06.27 08:47:56 INFO  [INFO] Resolving artifact: org.json:json:jar:20240303:compile (sources = false)
2026.06.27 08:47:56 INFO  [INFO] SUCCESS: org.json:json:jar:20240303:compile (sources = false)
2026.06.27 08:47:56 INFO  [INFO] Resolving artifact: org.json:json:jar:20240303:compile (sources = true)
2026.06.27 08:47:56 INFO  Downloading from central: https://repo.maven.apache.org/maven2/org/json/json/20240303/json-20240303-sources.jar
2026.06.27 08:47:56 INFO  Progress (1): 3.2/77 kB
2026.06.27 08:47:56 INFO  Progress (1): 20/77 kB 
2026.06.27 08:47:56 INFO  Progress (1): 28/77 kB
2026.06.27 08:47:56 INFO  Progress (1): 44/77 kB
2026.06.27 08:47:56 INFO  Progress (1): 61/77 kB
2026.06.27 08:47:56 INFO  Progress (1): 77/77 kB
2026.06.27 08:47:56 INFO  Progress (1): 77 kB   
2026.06.27 08:47:56 INFO                     
2026.06.27 08:47:56 INFO  Downloaded from central: https://repo.maven.apache.org/maven2/org/json/json/20240303/json-20240303-sources.jar (77 kB at 600 kB/s)
2026.06.27 08:47:56 INFO  [INFO] SUCCESS: org.json:json:jar:20240303:compile (sources = true)
2026.06.27 08:47:56 INFO  [INFO] Resolving artifact: com.google.guava:guava:jar:33.4.8-jre:compile (sources = false)
2026.06.27 08:47:56 INFO  [INFO] SUCCESS: com.google.guava:guava:jar:33.4.8-jre:compile (sources = false)
2026.06.27 08:47:56 INFO  [INFO] Resolving artifact: com.google.guava:guava:jar:33.4.8-jre:compile (sources = true)
2026.06.27 08:47:56 INFO  Downloading from central: https://repo.maven.apache.org/maven2/com/google/guava/guava/33.4.8-jre/guava-33.4.8-jre-sources.jar
2026.06.27 08:47:56 INFO  Progress (1): 0/1.8 MB
2026.06.27 08:47:56 INFO  Progress (1): 0/1.8 MB
2026.06.27 08:47:56 INFO  Progress (1): 0/1.8 MB
2026.06.27 08:47:56 INFO  Progress (1): 0/1.8 MB
2026.06.27 08:47:56 INFO  Progress (1): 0.1/1.8 MB
2026.06.27 08:47:56 INFO  Progress (1): 0.1/1.8 MB
2026.06.27 08:47:56 INFO  Progress (1): 0.1/1.8 MB
2026.06.27 08:47:56 INFO  Progress (1): 0.1/1.8 MB
2026.06.27 08:47:56 INFO  Progress (1): 0.1/1.8 MB
2026.06.27 08:47:56 INFO  Progress (1): 0.1/1.8 MB
2026.06.27 08:47:56 INFO  Progress (1): 0.1/1.8 MB
2026.06.27 08:47:56 INFO  Progress (1): 0.2/1.8 MB
2026.06.27 08:47:56 INFO  Progress (1): 0.2/1.8 MB
2026.06.27 08:47:56 INFO  Progress (1): 0.2/1.8 MB
2026.06.27 08:47:56 INFO  Progress (1): 0.2/1.8 MB
2026.06.27 08:47:56 INFO  Progress (1): 0.2/1.8 MB
2026.06.27 08:47:56 INFO  Progress (1): 0.2/1.8 MB
2026.06.27 08:47:56 INFO  Progress (1): 0.2/1.8 MB
2026.06.27 08:47:56 INFO  Progress (1): 0.3/1.8 MB
2026.06.27 08:47:56 INFO  Progress (1): 0.3/1.8 MB
2026.06.27 08:47:56 INFO  Progress (1): 0.3/1.8 MB
2026.06.27 08:47:56 INFO  Progress (1): 0.3/1.8 MB
2026.06.27 08:47:56 INFO  Progress (1): 0.3/1.8 MB
2026.06.27 08:47:56 INFO  Progress (1): 0.3/1.8 MB
2026.06.27 08:47:56 INFO  Progress (1): 0.4/1.8 MB
2026.06.27 08:47:56 INFO  Progress (1): 0.4/1.8 MB
2026.06.27 08:47:56 INFO  Progress (1): 0.4/1.8 MB
2026.06.27 08:47:56 INFO  Progress (1): 0.4/1.8 MB
2026.06.27 08:47:56 INFO  Progress (1): 0.4/1.8 MB
2026.06.27 08:47:56 INFO  Progress (1): 0.4/1.8 MB
2026.06.27 08:47:56 INFO  Progress (1): 0.5/1.8 MB
2026.06.27 08:47:56 INFO  Progress (1): 0.5/1.8 MB
2026.06.27 08:47:56 INFO  Progress (1): 0.5/1.8 MB
2026.06.27 08:47:56 INFO  Progress (1): 0.5/1.8 MB
2026.06.27 08:47:56 INFO  Progress (1): 0.5/1.8 MB
2026.06.27 08:47:56 INFO  Progress (1): 0.5/1.8 MB
2026.06.27 08:47:56 INFO  Progress (1): 0.6/1.8 MB
2026.06.27 08:47:56 INFO  Progress (1): 0.6/1.8 MB
2026.06.27 08:47:56 INFO  Progress (1): 0.6/1.8 MB
2026.06.27 08:47:56 INFO  Progress (1): 0.6/1.8 MB
2026.06.27 08:47:56 INFO  Progress (1): 0.6/1.8 MB
2026.06.27 08:47:56 INFO  Progress (1): 0.6/1.8 MB
2026.06.27 08:47:56 INFO  Progress (1): 0.7/1.8 MB
2026.06.27 08:47:56 INFO  Progress (1): 0.7/1.8 MB
2026.06.27 08:47:56 INFO  Progress (1): 0.7/1.8 MB
2026.06.27 08:47:56 INFO  Progress (1): 0.7/1.8 MB
2026.06.27 08:47:56 INFO  Progress (1): 0.7/1.8 MB
2026.06.27 08:47:56 INFO  Progress (1): 0.7/1.8 MB
2026.06.27 08:47:56 INFO  Progress (1): 0.8/1.8 MB
2026.06.27 08:47:56 INFO  Progress (1): 0.8/1.8 MB
2026.06.27 08:47:56 INFO  Progress (1): 0.8/1.8 MB
2026.06.27 08:47:56 INFO  Progress (1): 0.8/1.8 MB
2026.06.27 08:47:56 INFO  Progress (1): 0.8/1.8 MB
2026.06.27 08:47:56 INFO  Progress (1): 0.8/1.8 MB
2026.06.27 08:47:56 INFO  Progress (1): 0.8/1.8 MB
2026.06.27 08:47:56 INFO  Progress (1): 0.9/1.8 MB
2026.06.27 08:47:56 INFO  Progress (1): 0.9/1.8 MB
2026.06.27 08:47:56 INFO  Progress (1): 0.9/1.8 MB
2026.06.27 08:47:56 INFO  Progress (1): 0.9/1.8 MB
2026.06.27 08:47:56 INFO  Progress (1): 0.9/1.8 MB
2026.06.27 08:47:56 INFO  Progress (1): 0.9/1.8 MB
2026.06.27 08:47:57 INFO  Progress (1): 1.0/1.8 MB
2026.06.27 08:47:57 INFO  Progress (1): 1.0/1.8 MB
2026.06.27 08:47:57 INFO  Progress (1): 1.0/1.8 MB
2026.06.27 08:47:57 INFO  Progress (1): 1.0/1.8 MB
2026.06.27 08:47:57 INFO  Progress (1): 1.0/1.8 MB
2026.06.27 08:47:57 INFO  Progress (1): 1.0/1.8 MB
2026.06.27 08:47:57 INFO  Progress (1): 1.1/1.8 MB
2026.06.27 08:47:57 INFO  Progress (1): 1.1/1.8 MB
2026.06.27 08:47:57 INFO  Progress (1): 1.1/1.8 MB
2026.06.27 08:47:57 INFO  Progress (1): 1.1/1.8 MB
2026.06.27 08:47:57 INFO  Progress (1): 1.1/1.8 MB
2026.06.27 08:47:57 INFO  Progress (1): 1.1/1.8 MB
2026.06.27 08:47:57 INFO  Progress (1): 1.2/1.8 MB
2026.06.27 08:47:57 INFO  Progress (1): 1.2/1.8 MB
2026.06.27 08:47:57 INFO  Progress (1): 1.2/1.8 MB
2026.06.27 08:47:57 INFO  Progress (1): 1.2/1.8 MB
2026.06.27 08:47:57 INFO  Progress (1): 1.2/1.8 MB
2026.06.27 08:47:57 INFO  Progress (1): 1.2/1.8 MB
2026.06.27 08:47:57 INFO  Progress (1): 1.3/1.8 MB
2026.06.27 08:47:57 INFO  Progress (1): 1.3/1.8 MB
2026.06.27 08:47:57 INFO  Progress (1): 1.3/1.8 MB
2026.06.27 08:47:57 INFO  Progress (1): 1.3/1.8 MB
2026.06.27 08:47:57 INFO  Progress (1): 1.3/1.8 MB
2026.06.27 08:47:57 INFO  Progress (1): 1.3/1.8 MB
2026.06.27 08:47:57 INFO  Progress (1): 1.4/1.8 MB
2026.06.27 08:47:57 INFO  Progress (1): 1.4/1.8 MB
2026.06.27 08:47:57 INFO  Progress (1): 1.4/1.8 MB
2026.06.27 08:47:57 INFO  Progress (1): 1.4/1.8 MB
2026.06.27 08:47:57 INFO  Progress (1): 1.4/1.8 MB
2026.06.27 08:47:57 INFO  Progress (1): 1.4/1.8 MB
2026.06.27 08:47:57 INFO  Progress (1): 1.5/1.8 MB
2026.06.27 08:47:57 INFO  Progress (1): 1.5/1.8 MB
2026.06.27 08:47:57 INFO  Progress (1): 1.5/1.8 MB
2026.06.27 08:47:57 INFO  Progress (1): 1.5/1.8 MB
2026.06.27 08:47:57 INFO  Progress (1): 1.5/1.8 MB
2026.06.27 08:47:57 INFO  Progress (1): 1.5/1.8 MB
2026.06.27 08:47:57 INFO  Progress (1): 1.6/1.8 MB
2026.06.27 08:47:57 INFO  Progress (1): 1.6/1.8 MB
2026.06.27 08:47:57 INFO  Progress (1): 1.6/1.8 MB
2026.06.27 08:47:57 INFO  Progress (1): 1.6/1.8 MB
2026.06.27 08:47:57 INFO  Progress (1): 1.6/1.8 MB
2026.06.27 08:47:57 INFO  Progress (1): 1.6/1.8 MB
2026.06.27 08:47:57 INFO  Progress (1): 1.6/1.8 MB
2026.06.27 08:47:57 INFO  Progress (1): 1.7/1.8 MB
2026.06.27 08:47:57 INFO  Progress (1): 1.7/1.8 MB
2026.06.27 08:47:57 INFO  Progress (1): 1.7/1.8 MB
2026.06.27 08:47:57 INFO  Progress (1): 1.7/1.8 MB
2026.06.27 08:47:57 INFO  Progress (1): 1.7/1.8 MB
2026.06.27 08:47:57 INFO  Progress (1): 1.7/1.8 MB
2026.06.27 08:47:57 INFO  Progress (1): 1.8/1.8 MB
2026.06.27 08:47:57 INFO  Progress (1): 1.8/1.8 MB
2026.06.27 08:47:57 INFO  Progress (1): 1.8/1.8 MB
2026.06.27 08:47:57 INFO  Progress (1): 1.8/1.8 MB
2026.06.27 08:47:57 INFO  Progress (1): 1.8/1.8 MB
2026.06.27 08:47:57 INFO  Progress (1): 1.8/1.8 MB
2026.06.27 08:47:57 INFO  Progress (1): 1.8 MB    
2026.06.27 08:47:57 INFO                      
2026.06.27 08:47:57 INFO  Downloaded from central: https://repo.maven.apache.org/maven2/com/google/guava/guava/33.4.8-jre/guava-33.4.8-jre-sources.jar (1.8 MB at 11 MB/s)
2026.06.27 08:47:57 INFO  [INFO] SUCCESS: com.google.guava:guava:jar:33.4.8-jre:compile (sources = true)
2026.06.27 08:47:57 INFO  [INFO] Resolving artifact: org.slf4j:slf4j-api:jar:2.0.17:compile (sources = false)
2026.06.27 08:47:57 INFO  [INFO] SUCCESS: org.slf4j:slf4j-api:jar:2.0.17:compile (sources = false)
2026.06.27 08:47:57 INFO  [INFO] Resolving artifact: org.slf4j:slf4j-api:jar:2.0.17:compile (sources = true)
2026.06.27 08:47:57 INFO  Downloading from central: https://repo.maven.apache.org/maven2/org/slf4j/slf4j-api/2.0.17/slf4j-api-2.0.17-sources.jar
2026.06.27 08:47:57 INFO  Progress (1): 7.7/77 kB
2026.06.27 08:47:57 INFO  Progress (1): 8.2/77 kB
2026.06.27 08:47:57 INFO  Progress (1): 25/77 kB 
2026.06.27 08:47:57 INFO  Progress (1): 41/77 kB
2026.06.27 08:47:57 INFO  Progress (1): 57/77 kB
2026.06.27 08:47:57 INFO  Progress (1): 74/77 kB
2026.06.27 08:47:57 INFO  Progress (1): 77 kB   
2026.06.27 08:47:57 INFO                     
2026.06.27 08:47:57 INFO  Downloaded from central: https://repo.maven.apache.org/maven2/org/slf4j/slf4j-api/2.0.17/slf4j-api-2.0.17-sources.jar (77 kB at 592 kB/s)
2026.06.27 08:47:57 INFO  [INFO] SUCCESS: org.slf4j:slf4j-api:jar:2.0.17:compile (sources = true)
2026.06.27 08:47:57 INFO  [INFO] Resolving artifact: org.jspecify:jspecify:jar:1.0.0:compile (sources = false)
2026.06.27 08:47:57 INFO  [INFO] SUCCESS: org.jspecify:jspecify:jar:1.0.0:compile (sources = false)
2026.06.27 08:47:57 INFO  [INFO] Resolving artifact: org.jspecify:jspecify:jar:1.0.0:compile (sources = true)
2026.06.27 08:47:57 INFO  Downloading from central: https://repo.maven.apache.org/maven2/org/jspecify/jspecify/1.0.0/jspecify-1.0.0-sources.jar
2026.06.27 08:47:57 INFO  Progress (1): 7.7/12 kB
2026.06.27 08:47:57 INFO  Progress (1): 12 kB    
2026.06.27 08:47:57 INFO                     
2026.06.27 08:47:57 INFO  Downloaded from central: https://repo.maven.apache.org/maven2/org/jspecify/jspecify/1.0.0/jspecify-1.0.0-sources.jar (12 kB at 93 kB/s)
2026.06.27 08:47:57 INFO  [INFO] SUCCESS: org.jspecify:jspecify:jar:1.0.0:compile (sources = true)
2026.06.27 08:47:57 INFO  [INFO] Resolving artifact: com.google.j2objc:j2objc-annotations:jar:3.0.0:compile (sources = false)
2026.06.27 08:47:57 INFO  [INFO] SUCCESS: com.google.j2objc:j2objc-annotations:jar:3.0.0:compile (sources = false)
2026.06.27 08:47:57 INFO  [INFO] Resolving artifact: com.google.j2objc:j2objc-annotations:jar:3.0.0:compile (sources = true)
2026.06.27 08:47:57 INFO  Downloading from central: https://repo.maven.apache.org/maven2/com/google/j2objc/j2objc-annotations/3.0.0/j2objc-annotations-3.0.0-sources.jar
2026.06.27 08:47:57 INFO  Progress (1): 7.7/17 kB
2026.06.27 08:47:57 INFO  Progress (1): 11/17 kB 
2026.06.27 08:47:57 INFO  Progress (1): 17 kB   
2026.06.27 08:47:57 INFO                     
2026.06.27 08:47:57 INFO  Downloaded from central: https://repo.maven.apache.org/maven2/com/google/j2objc/j2objc-annotations/3.0.0/j2objc-annotations-3.0.0-sources.jar (17 kB at 134 kB/s)
2026.06.27 08:47:57 INFO  [INFO] SUCCESS: com.google.j2objc:j2objc-annotations:jar:3.0.0:compile (sources = true)
2026.06.27 08:47:57 INFO  [INFO] Resolving artifact: ch.qos.logback:logback-core:jar:1.5.18:compile (sources = false)
2026.06.27 08:47:57 INFO  [INFO] SUCCESS: ch.qos.logback:logback-core:jar:1.5.18:compile (sources = false)
2026.06.27 08:47:57 INFO  [INFO] Resolving artifact: ch.qos.logback:logback-core:jar:1.5.18:compile (sources = true)
2026.06.27 08:47:57 INFO  Downloading from central: https://repo.maven.apache.org/maven2/ch/qos/logback/logback-core/1.5.18/logback-core-1.5.18-sources.jar
2026.06.27 08:47:57 INFO  Progress (1): 7.7/492 kB
2026.06.27 08:47:57 INFO  Progress (1): 11/492 kB 
2026.06.27 08:47:57 INFO  Progress (1): 28/492 kB
2026.06.27 08:47:57 INFO  Progress (1): 44/492 kB
2026.06.27 08:47:57 INFO  Progress (1): 49/492 kB
2026.06.27 08:47:57 INFO  Progress (1): 66/492 kB
2026.06.27 08:47:57 INFO  Progress (1): 82/492 kB
2026.06.27 08:47:57 INFO  Progress (1): 98/492 kB
2026.06.27 08:47:57 INFO  Progress (1): 115/492 kB
2026.06.27 08:47:57 INFO  Progress (1): 131/492 kB
2026.06.27 08:47:57 INFO  Progress (1): 147/492 kB
2026.06.27 08:47:57 INFO  Progress (1): 156/492 kB
2026.06.27 08:47:57 INFO  Progress (1): 172/492 kB
2026.06.27 08:47:57 INFO  Progress (1): 180/492 kB
2026.06.27 08:47:57 INFO  Progress (1): 197/492 kB
2026.06.27 08:47:57 INFO  Progress (1): 213/492 kB
2026.06.27 08:47:57 INFO  Progress (1): 221/492 kB
2026.06.27 08:47:57 INFO  Progress (1): 238/492 kB
2026.06.27 08:47:57 INFO  Progress (1): 254/492 kB
2026.06.27 08:47:57 INFO  Progress (1): 270/492 kB
2026.06.27 08:47:57 INFO  Progress (1): 287/492 kB
2026.06.27 08:47:57 INFO  Progress (1): 303/492 kB
2026.06.27 08:47:57 INFO  Progress (1): 319/492 kB
2026.06.27 08:47:57 INFO  Progress (1): 336/492 kB
2026.06.27 08:47:57 INFO  Progress (1): 352/492 kB
2026.06.27 08:47:57 INFO  Progress (1): 369/492 kB
2026.06.27 08:47:57 INFO  Progress (1): 385/492 kB
2026.06.27 08:47:57 INFO  Progress (1): 393/492 kB
2026.06.27 08:47:57 INFO  Progress (1): 401/492 kB
2026.06.27 08:47:57 INFO  Progress (1): 418/492 kB
2026.06.27 08:47:57 INFO  Progress (1): 434/492 kB
2026.06.27 08:47:57 INFO  Progress (1): 451/492 kB
2026.06.27 08:47:57 INFO  Progress (1): 467/492 kB
2026.06.27 08:47:57 INFO  Progress (1): 483/492 kB
2026.06.27 08:47:57 INFO  Progress (1): 492 kB    
2026.06.27 08:47:57 INFO                      
2026.06.27 08:47:57 INFO  Downloaded from central: https://repo.maven.apache.org/maven2/ch/qos/logback/logback-core/1.5.18/logback-core-1.5.18-sources.jar (492 kB at 3.5 MB/s)
2026.06.27 08:47:57 INFO  [INFO] SUCCESS: ch.qos.logback:logback-core:jar:1.5.18:compile (sources = true)
2026.06.27 08:47:57 INFO  [INFO] Resolving artifact: com.google.code.gson:gson:jar:2.10.1:compile (sources = false)
2026.06.27 08:47:57 INFO  [INFO] SUCCESS: com.google.code.gson:gson:jar:2.10.1:compile (sources = false)
2026.06.27 08:47:57 INFO  [INFO] Resolving artifact: com.google.code.gson:gson:jar:2.10.1:compile (sources = true)
2026.06.27 08:47:57 INFO  Downloading from central: https://repo.maven.apache.org/maven2/com/google/code/gson/gson/2.10.1/gson-2.10.1-sources.jar
2026.06.27 08:47:57 INFO  Progress (1): 3.2/182 kB
2026.06.27 08:47:57 INFO  Progress (1): 20/182 kB 
2026.06.27 08:47:57 INFO  Progress (1): 36/182 kB
2026.06.27 08:47:57 INFO  Progress (1): 52/182 kB
2026.06.27 08:47:57 INFO  Progress (1): 69/182 kB
2026.06.27 08:47:57 INFO  Progress (1): 85/182 kB
2026.06.27 08:47:57 INFO  Progress (1): 93/182 kB
2026.06.27 08:47:57 INFO  Progress (1): 110/182 kB
2026.06.27 08:47:57 INFO  Progress (1): 126/182 kB
2026.06.27 08:47:57 INFO  Progress (1): 142/182 kB
2026.06.27 08:47:57 INFO  Progress (1): 151/182 kB
2026.06.27 08:47:57 INFO  Progress (1): 167/182 kB
2026.06.27 08:47:57 INFO  Progress (1): 182 kB    
2026.06.27 08:47:57 INFO                      
2026.06.27 08:47:57 INFO  Downloaded from central: https://repo.maven.apache.org/maven2/com/google/code/gson/gson/2.10.1/gson-2.10.1-sources.jar (182 kB at 1.4 MB/s)
2026.06.27 08:47:57 INFO  [INFO] SUCCESS: com.google.code.gson:gson:jar:2.10.1:compile (sources = true)
2026.06.27 08:47:57 INFO  [INFO] Generated .bloop\SGPT_Avance.json
2026.06.27 08:47:58 INFO  no build target found for C:\Users\Admin\Documents\NetBeansProjects\SGPT_Avance\src\main\java\controladores\PedidoController.java. Using fallback presentation compiler.
2026.06.27 08:47:58 INFO  [INFO] Resolving artifact: org.apache.commons:commons-lang3:jar:3.17.0:compile (sources = false)
2026.06.27 08:47:58 INFO  [INFO] SUCCESS: org.apache.commons:commons-lang3:jar:3.17.0:compile (sources = false)
2026.06.27 08:47:58 INFO  [INFO] Resolving artifact: org.apache.commons:commons-lang3:jar:3.17.0:compile (sources = true)
2026.06.27 08:47:58 INFO  [INFO] SUCCESS: org.apache.commons:commons-lang3:jar:3.17.0:compile (sources = true)
2026.06.27 08:47:58 INFO  [INFO] Resolving artifact: com.google.errorprone:error_prone_annotations:jar:2.36.0:compile (sources = false)
2026.06.27 08:47:58 INFO  [INFO] SUCCESS: com.google.errorprone:error_prone_annotations:jar:2.36.0:compile (sources = false)
2026.06.27 08:47:58 INFO  [INFO] Resolving artifact: com.google.errorprone:error_prone_annotations:jar:2.36.0:compile (sources = true)
2026.06.27 08:47:58 INFO  [INFO] SUCCESS: com.google.errorprone:error_prone_annotations:jar:2.36.0:compile (sources = true)
2026.06.27 08:47:58 INFO  [INFO] Resolving artifact: com.google.guava:failureaccess:jar:1.0.3:compile (sources = false)
2026.06.27 08:47:58 INFO  [INFO] SUCCESS: com.google.guava:failureaccess:jar:1.0.3:compile (sources = false)
2026.06.27 08:47:58 INFO  [INFO] Resolving artifact: com.google.guava:failureaccess:jar:1.0.3:compile (sources = true)
2026.06.27 08:47:58 INFO  [INFO] SUCCESS: com.google.guava:failureaccess:jar:1.0.3:compile (sources = true)
2026.06.27 08:47:58 INFO  [INFO] Resolving artifact: com.google.guava:listenablefuture:jar:9999.0-empty-to-avoid-conflict-with-guava:compile (sources = false)
2026.06.27 08:47:58 INFO  [INFO] SUCCESS: com.google.guava:listenablefuture:jar:9999.0-empty-to-avoid-conflict-with-guava:compile (sources = false)
2026.06.27 08:47:58 INFO  [INFO] Resolving artifact: com.google.guava:listenablefuture:jar:9999.0-empty-to-avoid-conflict-with-guava:compile (sources = true)
2026.06.27 08:47:58 INFO  [ERROR] FAILURE com.google.guava:listenablefuture:jar:9999.0-empty-to-avoid-conflict-with-guava:compile (sources = true)
2026.06.27 08:47:58 INFO  org.eclipse.aether.resolution.ArtifactResolutionException: The following artifacts could not be resolved: com.google.guava:listenablefuture:jar:sources:9999.0-empty-to-avoid-conflict-with-guava (absent): com.google.guava:listenablefuture:jar:sources:9999.0-empty-to-avoid-conflict-with-guava was not found in https://repo.maven.apache.org/maven2 during a previous attempt. This failure was cached in the local repository and resolution is not reattempted until the update interval of central has elapsed or updates are forced
2026.06.27 08:47:58 INFO      at org.eclipse.aether.internal.impl.DefaultArtifactResolver.resolve (DefaultArtifactResolver.java:473)
2026.06.27 08:47:58 INFO      at org.eclipse.aether.internal.impl.DefaultArtifactResolver.resolveArtifacts (DefaultArtifactResolver.java:261)
2026.06.27 08:47:58 INFO      at org.eclipse.aether.internal.impl.DefaultArtifactResolver.resolveArtifact (DefaultArtifactResolver.java:243)
2026.06.27 08:47:58 INFO      at org.eclipse.aether.internal.impl.DefaultRepositorySystem.resolveArtifact (DefaultRepositorySystem.java:278)
2026.06.27 08:47:58 INFO      at bloop.integrations.maven.MojoImplementation$.bloop$integrations$maven$MojoImplementation$$resolveArtifact$1 (MojoImplementation.scala:115)
2026.06.27 08:47:58 INFO      at bloop.integrations.maven.MojoImplementation$$anonfun$2.applyOrElse (MojoImplementation.scala:240)
2026.06.27 08:47:58 INFO      at bloop.integrations.maven.MojoImplementation$$anonfun$2.applyOrElse (MojoImplementation.scala:222)
2026.06.27 08:47:58 INFO      at scala.collection.StrictOptimizedIterableOps.collect (StrictOptimizedIterableOps.scala:151)
2026.06.27 08:47:58 INFO      at scala.collection.StrictOptimizedIterableOps.collect$ (StrictOptimizedIterableOps.scala:136)
2026.06.27 08:47:58 INFO      at scala.collection.mutable.HashSet.collect (HashSet.scala:31)
2026.06.27 08:47:58 INFO      at bloop.integrations.maven.MojoImplementation$.writeConfig$1 (MojoImplementation.scala:222)
2026.06.27 08:47:58 INFO      at bloop.integrations.maven.MojoImplementation$.writeCompileAndTestConfiguration (MojoImplementation.scala:307)
2026.06.27 08:47:58 INFO      at bloop.integrations.maven.MojoImplementation.writeCompileAndTestConfiguration (MojoImplementation.scala)
2026.06.27 08:47:58 INFO      at bloop.integrations.maven.BloopMojo.execute (BloopMojo.java:105)
2026.06.27 08:47:58 INFO      at org.apache.maven.plugin.DefaultBuildPluginManager.executeMojo (DefaultBuildPluginManager.java:126)
2026.06.27 08:47:58 INFO      at org.apache.maven.lifecycle.internal.MojoExecutor.doExecute2 (MojoExecutor.java:328)
2026.06.27 08:47:58 INFO      at org.apache.maven.lifecycle.internal.MojoExecutor.doExecute (MojoExecutor.java:316)
2026.06.27 08:47:58 INFO      at org.apache.maven.lifecycle.internal.MojoExecutor.execute (MojoExecutor.java:212)
2026.06.27 08:47:58 INFO      at org.apache.maven.lifecycle.internal.MojoExecutor.execute (MojoExecutor.java:174)
2026.06.27 08:47:58 INFO      at org.apache.maven.lifecycle.internal.MojoExecutor.access$000 (MojoExecutor.java:75)
2026.06.27 08:47:58 INFO      at org.apache.maven.lifecycle.internal.MojoExecutor$1.run (MojoExecutor.java:162)
2026.06.27 08:47:58 INFO      at org.apache.maven.plugin.DefaultMojosExecutionStrategy.execute (DefaultMojosExecutionStrategy.java:39)
2026.06.27 08:47:58 INFO      at org.apache.maven.lifecycle.internal.MojoExecutor.execute (MojoExecutor.java:159)
2026.06.27 08:47:58 INFO      at org.apache.maven.lifecycle.internal.LifecycleModuleBuilder.buildProject (LifecycleModuleBuilder.java:105)
2026.06.27 08:47:58 INFO      at org.apache.maven.lifecycle.internal.LifecycleModuleBuilder.buildProject (LifecycleModuleBuilder.java:73)
2026.06.27 08:47:58 INFO      at org.apache.maven.lifecycle.internal.builder.singlethreaded.SingleThreadedBuilder.build (SingleThreadedBuilder.java:53)
2026.06.27 08:47:58 INFO      at org.apache.maven.lifecycle.internal.LifecycleStarter.execute (LifecycleStarter.java:118)
2026.06.27 08:47:58 INFO      at org.apache.maven.DefaultMaven.doExecute (DefaultMaven.java:261)
2026.06.27 08:47:58 INFO      at org.apache.maven.DefaultMaven.doExecute (DefaultMaven.java:173)
2026.06.27 08:47:58 INFO      at org.apache.maven.DefaultMaven.execute (DefaultMaven.java:101)
2026.06.27 08:47:58 INFO      at org.apache.maven.cli.MavenCli.execute (MavenCli.java:906)
2026.06.27 08:47:58 INFO      at org.apache.maven.cli.MavenCli.doMain (MavenCli.java:283)
2026.06.27 08:47:58 INFO      at org.apache.maven.cli.MavenCli.main (MavenCli.java:206)
2026.06.27 08:47:58 INFO      at jdk.internal.reflect.DirectMethodHandleAccessor.invoke (DirectMethodHandleAccessor.java:104)
2026.06.27 08:47:58 INFO      at java.lang.reflect.Method.invoke (Method.java:565)
2026.06.27 08:47:58 INFO      at org.codehaus.plexus.classworlds.launcher.Launcher.launchEnhanced (Launcher.java:255)
2026.06.27 08:47:58 INFO      at org.codehaus.plexus.classworlds.launcher.Launcher.launch (Launcher.java:201)
2026.06.27 08:47:58 INFO      at org.codehaus.plexus.classworlds.launcher.Launcher.mainWithExitCode (Launcher.java:361)
2026.06.27 08:47:58 INFO      at org.codehaus.plexus.classworlds.launcher.Launcher.main (Launcher.java:314)
2026.06.27 08:47:58 INFO      at jdk.internal.reflect.DirectMethodHandleAccessor.invoke (DirectMethodHandleAccessor.java:104)
2026.06.27 08:47:58 INFO      at java.lang.reflect.Method.invoke (Method.java:565)
2026.06.27 08:47:58 INFO      at org.apache.maven.wrapper.BootstrapMainStarter.start (BootstrapMainStarter.java:52)
2026.06.27 08:47:58 INFO      at org.apache.maven.wrapper.WrapperExecutor.execute (WrapperExecutor.java:161)
2026.06.27 08:47:58 INFO      at org.apache.maven.wrapper.MavenWrapperMain.main (MavenWrapperMain.java:73)
2026.06.27 08:47:58 INFO  Caused by: org.eclipse.aether.transfer.ArtifactNotFoundException: com.google.guava:listenablefuture:jar:sources:9999.0-empty-to-avoid-conflict-with-guava was not found in https://repo.maven.apache.org/maven2 during a previous attempt. This failure was cached in the local repository and resolution is not reattempted until the update interval of central has elapsed or updates are forced
2026.06.27 08:47:58 INFO      at org.eclipse.aether.internal.impl.DefaultUpdateCheckManager.newException (DefaultUpdateCheckManager.java:225)
2026.06.27 08:47:58 INFO      at org.eclipse.aether.internal.impl.DefaultUpdateCheckManager.checkArtifact (DefaultUpdateCheckManager.java:188)
2026.06.27 08:47:58 INFO      at org.eclipse.aether.internal.impl.DefaultArtifactResolver.gatherDownloads (DefaultArtifactResolver.java:586)
2026.06.27 08:47:58 INFO      at org.eclipse.aether.internal.impl.DefaultArtifactResolver.performDownloads (DefaultArtifactResolver.java:525)
2026.06.27 08:47:58 INFO      at org.eclipse.aether.internal.impl.DefaultArtifactResolver.resolve (DefaultArtifactResolver.java:449)
2026.06.27 08:47:58 INFO      at org.eclipse.aether.internal.impl.DefaultArtifactResolver.resolveArtifacts (DefaultArtifactResolver.java:261)
2026.06.27 08:47:58 INFO      at org.eclipse.aether.internal.impl.DefaultArtifactResolver.resolveArtifact (DefaultArtifactResolver.java:243)
2026.06.27 08:47:58 INFO      at org.eclipse.aether.internal.impl.DefaultRepositorySystem.resolveArtifact (DefaultRepositorySystem.java:278)
2026.06.27 08:47:58 INFO      at bloop.integrations.maven.MojoImplementation$.bloop$integrations$maven$MojoImplementation$$resolveArtifact$1 (MojoImplementation.scala:115)
2026.06.27 08:47:58 INFO      at bloop.integrations.maven.MojoImplementation$$anonfun$2.applyOrElse (MojoImplementation.scala:240)
2026.06.27 08:47:58 INFO      at bloop.integrations.maven.MojoImplementation$$anonfun$2.applyOrElse (MojoImplementation.scala:222)
2026.06.27 08:47:58 INFO      at scala.collection.StrictOptimizedIterableOps.collect (StrictOptimizedIterableOps.scala:151)
2026.06.27 08:47:58 INFO      at scala.collection.StrictOptimizedIterableOps.collect$ (StrictOptimizedIterableOps.scala:136)
2026.06.27 08:47:58 INFO      at scala.collection.mutable.HashSet.collect (HashSet.scala:31)
2026.06.27 08:47:58 INFO      at bloop.integrations.maven.MojoImplementation$.writeConfig$1 (MojoImplementation.scala:222)
2026.06.27 08:47:58 INFO      at bloop.integrations.maven.MojoImplementation$.writeCompileAndTestConfiguration (MojoImplementation.scala:307)
2026.06.27 08:47:58 INFO      at bloop.integrations.maven.MojoImplementation.writeCompileAndTestConfiguration (MojoImplementation.scala)
2026.06.27 08:47:58 INFO      at bloop.integrations.maven.BloopMojo.execute (BloopMojo.java:105)
2026.06.27 08:47:58 INFO      at org.apache.maven.plugin.DefaultBuildPluginManager.executeMojo (DefaultBuildPluginManager.java:126)
2026.06.27 08:47:58 INFO      at org.apache.maven.lifecycle.internal.MojoExecutor.doExecute2 (MojoExecutor.java:328)
2026.06.27 08:47:58 INFO      at org.apache.maven.lifecycle.internal.MojoExecutor.doExecute (MojoExecutor.java:316)
2026.06.27 08:47:58 INFO      at org.apache.maven.lifecycle.internal.MojoExecutor.execute (MojoExecutor.java:212)
2026.06.27 08:47:58 INFO      at org.apache.maven.lifecycle.internal.MojoExecutor.execute (MojoExecutor.java:174)
2026.06.27 08:47:58 INFO      at org.apache.maven.lifecycle.internal.MojoExecutor.access$000 (MojoExecutor.java:75)
2026.06.27 08:47:58 INFO      at org.apache.maven.lifecycle.internal.MojoExecutor$1.run (MojoExecutor.java:162)
2026.06.27 08:47:58 INFO      at org.apache.maven.plugin.DefaultMojosExecutionStrategy.execute (DefaultMojosExecutionStrategy.java:39)
2026.06.27 08:47:58 INFO      at org.apache.maven.lifecycle.internal.MojoExecutor.execute (MojoExecutor.java:159)
2026.06.27 08:47:58 INFO      at org.apache.maven.lifecycle.internal.LifecycleModuleBuilder.buildProject (LifecycleModuleBuilder.java:105)
2026.06.27 08:47:58 INFO      at org.apache.maven.lifecycle.internal.LifecycleModuleBuilder.buildProject (LifecycleModuleBuilder.java:73)
2026.06.27 08:47:58 INFO      at org.apache.maven.lifecycle.internal.builder.singlethreaded.SingleThreadedBuilder.build (SingleThreadedBuilder.java:53)
2026.06.27 08:47:58 INFO      at org.apache.maven.lifecycle.internal.LifecycleStarter.execute (LifecycleStarter.java:118)
2026.06.27 08:47:58 INFO      at org.apache.maven.DefaultMaven.doExecute (DefaultMaven.java:261)
2026.06.27 08:47:58 INFO      at org.apache.maven.DefaultMaven.doExecute (DefaultMaven.java:173)
2026.06.27 08:47:58 INFO      at org.apache.maven.DefaultMaven.execute (DefaultMaven.java:101)
2026.06.27 08:47:58 INFO      at org.apache.maven.cli.MavenCli.execute (MavenCli.java:906)
2026.06.27 08:47:58 INFO      at org.apache.maven.cli.MavenCli.doMain (MavenCli.java:283)
2026.06.27 08:47:58 INFO      at org.apache.maven.cli.MavenCli.main (MavenCli.java:206)
2026.06.27 08:47:58 INFO      at jdk.internal.reflect.DirectMethodHandleAccessor.invoke (DirectMethodHandleAccessor.java:104)
2026.06.27 08:47:58 INFO      at java.lang.reflect.Method.invoke (Method.java:565)
2026.06.27 08:47:58 INFO      at org.codehaus.plexus.classworlds.launcher.Launcher.launchEnhanced (Launcher.java:255)
2026.06.27 08:47:58 INFO      at org.codehaus.plexus.classworlds.launcher.Launcher.launch (Launcher.java:201)
2026.06.27 08:47:58 INFO      at org.codehaus.plexus.classworlds.launcher.Launcher.mainWithExitCode (Launcher.java:361)
2026.06.27 08:47:58 INFO      at org.codehaus.plexus.classworlds.launcher.Launcher.main (Launcher.java:314)
2026.06.27 08:47:58 INFO      at jdk.internal.reflect.DirectMethodHandleAccessor.invoke (DirectMethodHandleAccessor.java:104)
2026.06.27 08:47:58 INFO      at java.lang.reflect.Method.invoke (Method.java:565)
2026.06.27 08:47:58 INFO      at org.apache.maven.wrapper.BootstrapMainStarter.start (BootstrapMainStarter.java:52)
2026.06.27 08:47:58 INFO      at org.apache.maven.wrapper.WrapperExecutor.execute (WrapperExecutor.java:161)
2026.06.27 08:47:58 INFO      at org.apache.maven.wrapper.MavenWrapperMain.main (MavenWrapperMain.java:73)
2026.06.27 08:47:58 INFO  [INFO] Resolving artifact: ch.qos.logback:logback-classic:jar:1.5.18:compile (sources = false)
2026.06.27 08:47:58 INFO  [INFO] SUCCESS: ch.qos.logback:logback-classic:jar:1.5.18:compile (sources = false)
2026.06.27 08:47:58 INFO  [INFO] Resolving artifact: ch.qos.logback:logback-classic:jar:1.5.18:compile (sources = true)
2026.06.27 08:47:58 INFO  [INFO] SUCCESS: ch.qos.logback:logback-classic:jar:1.5.18:compile (sources = true)
2026.06.27 08:47:58 INFO  [INFO] Resolving artifact: org.json:json:jar:20240303:compile (sources = false)
2026.06.27 08:47:58 INFO  [INFO] SUCCESS: org.json:json:jar:20240303:compile (sources = false)
2026.06.27 08:47:58 INFO  [INFO] Resolving artifact: org.json:json:jar:20240303:compile (sources = true)
2026.06.27 08:47:58 INFO  [INFO] SUCCESS: org.json:json:jar:20240303:compile (sources = true)
2026.06.27 08:47:58 INFO  [INFO] Resolving artifact: com.google.guava:guava:jar:33.4.8-jre:compile (sources = false)
2026.06.27 08:47:58 INFO  [INFO] SUCCESS: com.google.guava:guava:jar:33.4.8-jre:compile (sources = false)
2026.06.27 08:47:58 INFO  [INFO] Resolving artifact: com.google.guava:guava:jar:33.4.8-jre:compile (sources = true)
2026.06.27 08:47:58 INFO  [INFO] SUCCESS: com.google.guava:guava:jar:33.4.8-jre:compile (sources = true)
2026.06.27 08:47:58 INFO  [INFO] Resolving artifact: org.slf4j:slf4j-api:jar:2.0.17:compile (sources = false)
2026.06.27 08:47:58 INFO  [INFO] SUCCESS: org.slf4j:slf4j-api:jar:2.0.17:compile (sources = false)
2026.06.27 08:47:58 INFO  [INFO] Resolving artifact: org.slf4j:slf4j-api:jar:2.0.17:compile (sources = true)
2026.06.27 08:47:58 INFO  [INFO] SUCCESS: org.slf4j:slf4j-api:jar:2.0.17:compile (sources = true)
2026.06.27 08:47:58 INFO  [INFO] Resolving artifact: org.jspecify:jspecify:jar:1.0.0:compile (sources = false)
2026.06.27 08:47:58 INFO  [INFO] SUCCESS: org.jspecify:jspecify:jar:1.0.0:compile (sources = false)
2026.06.27 08:47:58 INFO  [INFO] Resolving artifact: org.jspecify:jspecify:jar:1.0.0:compile (sources = true)
2026.06.27 08:47:58 INFO  [INFO] SUCCESS: org.jspecify:jspecify:jar:1.0.0:compile (sources = true)
2026.06.27 08:47:58 INFO  [INFO] Resolving artifact: com.google.j2objc:j2objc-annotations:jar:3.0.0:compile (sources = false)
2026.06.27 08:47:58 INFO  [INFO] SUCCESS: com.google.j2objc:j2objc-annotations:jar:3.0.0:compile (sources = false)
2026.06.27 08:47:58 INFO  [INFO] Resolving artifact: com.google.j2objc:j2objc-annotations:jar:3.0.0:compile (sources = true)
2026.06.27 08:47:58 INFO  [INFO] SUCCESS: com.google.j2objc:j2objc-annotations:jar:3.0.0:compile (sources = true)
2026.06.27 08:47:58 INFO  [INFO] Resolving artifact: ch.qos.logback:logback-core:jar:1.5.18:compile (sources = false)
2026.06.27 08:47:58 INFO  [INFO] SUCCESS: ch.qos.logback:logback-core:jar:1.5.18:compile (sources = false)
2026.06.27 08:47:58 INFO  [INFO] Resolving artifact: ch.qos.logback:logback-core:jar:1.5.18:compile (sources = true)
2026.06.27 08:47:58 INFO  [INFO] SUCCESS: ch.qos.logback:logback-core:jar:1.5.18:compile (sources = true)
2026.06.27 08:47:58 INFO  [INFO] Resolving artifact: com.google.code.gson:gson:jar:2.10.1:compile (sources = false)
2026.06.27 08:47:58 INFO  [INFO] SUCCESS: com.google.code.gson:gson:jar:2.10.1:compile (sources = false)
2026.06.27 08:47:58 INFO  [INFO] Resolving artifact: com.google.code.gson:gson:jar:2.10.1:compile (sources = true)
2026.06.27 08:47:58 INFO  [INFO] SUCCESS: com.google.code.gson:gson:jar:2.10.1:compile (sources = true)
2026.06.27 08:47:58 INFO  [INFO] Generated .bloop\SGPT_Avance-test.json
2026.06.27 08:47:58 INFO  [INFO] ------------------------------------------------------------------------
2026.06.27 08:47:58 INFO  [INFO] BUILD SUCCESS
2026.06.27 08:47:58 INFO  [INFO] ------------------------------------------------------------------------
2026.06.27 08:47:58 INFO  [INFO] Total time:  15.070 s
2026.06.27 08:47:58 INFO  [INFO] Finished at: 2026-06-27T08:47:58-05:00
2026.06.27 08:47:58 INFO  [INFO] ------------------------------------------------------------------------
2026.06.27 08:47:59 INFO  time: ran 'mvn bloopInstall' in 19s
2026.06.27 08:47:59 INFO  Attempting to connect to the build server...
2026.06.27 08:47:59 INFO  No running Bloop server found, starting one.
2026.06.27 08:48:00 INFO  no build target found for C:\Users\Admin\Documents\NetBeansProjects\SGPT_Avance\src\main\java\controladores\PedidoController.java. Using fallback presentation compiler.
2026.06.27 08:48:00 INFO  no build target found for C:\Users\Admin\Documents\NetBeansProjects\SGPT_Avance\src\main\java\controladores\PedidoController.java. Using fallback presentation compiler.
jun 27, 2026 8:48:01 A. M. org.eclipse.lsp4j.jsonrpc.RemoteEndpoint handleCancellation
WARNING: Unmatched cancel notification for request id 8
jun 27, 2026 8:48:01 A. M. org.eclipse.lsp4j.jsonrpc.RemoteEndpoint handleCancellation
WARNING: Unmatched cancel notification for request id 7
jun 27, 2026 8:48:01 A. M. org.eclipse.lsp4j.jsonrpc.RemoteEndpoint handleCancellation
WARNING: Unmatched cancel notification for request id 5
jun 27, 2026 8:48:01 A. M. org.eclipse.lsp4j.jsonrpc.RemoteEndpoint handleCancellation
WARNING: Unmatched cancel notification for request id 6
2026.06.27 08:48:00 INFO  no build target found for C:\Users\Admin\Documents\NetBeansProjects\SGPT_Avance\src\main\java\controladores\PedidoController.java. Using fallback presentation compiler.
2026.06.27 08:48:00 INFO  no build target found for C:\Users\Admin\Documents\NetBeansProjects\SGPT_Avance\src\main\java\controladores\TareaController.java. Using fallback presentation compiler.
jun 27, 2026 8:48:01 A. M. org.eclipse.lsp4j.jsonrpc.RemoteEndpoint handleCancellation
WARNING: Unmatched cancel notification for request id 12
2026.06.27 08:48:01 INFO  no build target found for C:\Users\Admin\Documents\NetBeansProjects\SGPT_Avance\src\main\java\controladores\TareaController.java. Using fallback presentation compiler.
2026.06.27 08:48:01 INFO  no build target found for C:\Users\Admin\Documents\NetBeansProjects\SGPT_Avance\src\main\java\controladores\TareaController.java. Using fallback presentation compiler.
2026.06.27 08:48:10 INFO  no build target found for C:\Users\Admin\Documents\NetBeansProjects\SGPT_Avance\src\main\java\controladores\TareaController.java. Using fallback presentation compiler.
2026.06.27 08:48:10 INFO  no build target found for C:\Users\Admin\Documents\NetBeansProjects\SGPT_Avance\src\main\java\controladores\TareaController.java. Using fallback presentation compiler.
2026.06.27 08:48:12 INFO  no build target found for C:\Users\Admin\Documents\NetBeansProjects\SGPT_Avance\src\main\java\controladores\TareaController.java. Using fallback presentation compiler.
2026.06.27 08:48:18 INFO  Starting compilation server
2026.06.27 08:48:19 INFO  no build target found for C:\Users\Admin\Documents\NetBeansProjects\SGPT_Avance\src\main\java\controladores\TareaController.java. Using fallback presentation compiler.
2026.06.27 08:48:22 INFO  tracing is disabled for protocol BSP, to enable tracing of incoming and outgoing JSON messages create an empty file at C:\Users\Admin\Documents\NetBeansProjects\SGPT_Avance\.metals\bsp.trace.json or C:\Users\Admin\AppData\Local\scalameta\metals\cache\bsp.trace.json
2026.06.27 08:48:27 INFO  time: Connected to build server in 27s
2026.06.27 08:48:27 INFO  Connected to Build server: Bloop v2.0.19
2026.06.27 08:48:27 INFO  time: Imported build in 0.23s
2026.06.27 08:48:32 WARN  Using H2 2.4.240 which is newer than the version Flyway has been verified with. The latest verified version of H2 is 2.3.232.
2026.06.27 08:48:36 INFO  time: indexed workspace in 8.68s
2026.06.27 08:48:37 INFO  compiling sgpt_avance (29 java sources)
2026.06.27 08:48:40 WARN  Unexpected javac output: WARNING: A terminally deprecated method in sun.misc.Unsafe has been called
WARNING: sun.misc.Unsafe::arrayBaseOffset has been called by com.sourcegraph.shaded.com.google.protobuf.UnsafeUtil$MemoryAccessor (file:/C:/Users/Admin/AppData/Local/Coursier/cache/v1/https/repo1.maven.org/maven2/com/sourcegraph/semanticdb-javac/0.11.2/semanticdb-javac-0.11.2.jar)
WARNING: Please consider reporting this to the maintainers of class com.sourcegraph.shaded.com.google.protobuf.UnsafeUtil$MemoryAccessor
WARNING: sun.misc.Unsafe::arrayBaseOffset will be removed in a future release.
2026.06.27 08:48:42 INFO  time: compiled SGPT_Avance in 5.15s
jun 27, 2026 8:48:47 A. M. org.eclipse.lsp4j.jsonrpc.services.GenericEndpoint notify
INFO: Unsupported notification method: $/setTrace
jun 27, 2026 8:48:48 A. M. org.eclipse.lsp4j.jsonrpc.services.GenericEndpoint notify
INFO: Unsupported notification method: $/setTrace
jun 27, 2026 8:48:53 A. M. org.eclipse.lsp4j.jsonrpc.services.GenericEndpoint notify
INFO: Unsupported notification method: $/setTrace
jun 27, 2026 8:49:05 A. M. org.eclipse.lsp4j.jsonrpc.services.GenericEndpoint notify
INFO: Unsupported notification method: $/setTrace
jun 27, 2026 8:49:34 A. M. org.eclipse.lsp4j.jsonrpc.RemoteEndpoint handleCancellation
WARNING: Unmatched cancel notification for request id 39
2026.06.27 08:51:39 INFO  Shutting down server
2026.06.27 08:51:39 INFO  Memory monitor stopped
2026.06.27 08:51:39 INFO  shutting down Metals
2026.06.27 08:51:39 INFO  Shut down connection with build server.
2026.06.27 08:51:39 INFO  Exiting server
